1,0.24859,0.46474,0.38507,0.14208,0.43338,0.27053,0.19976,0.61915,0.18854,0.40838,0.54898,0.35072,0.54778,0.33229,0.2689,0.1082,0.50449,0.20911,0.21106,0.37086,0.36973,0.44752,0.47628,0.59086,0.65165,0.36268,0.38755,0.37088,0.46115,0.39692,0.35393,0.30027,0.32766,0.30611,0.38772,0.31543,0.41112,0.35055,0.57503,0.11379,0.37238,0.38854,0.46309,0.27048,0.45608,0.37439,0.39153,0.401,0.42752,0.67198,0.23492,0.32347,0.38265,0.13433,0.38528,0.24507,0.16027,0.50192,0.19494,0.39305,0.36506,0.24629,0.37904,0.32235,0.20285,0.077102,0.37874,0.15328,0.16144,0.34596,0.36604,0.41297,0.46413,0.52386,0.57165,0.35551,0.38117,0.31267,0.37332,0.29854,0.26304,0.18174,0.23067,0.30615,0.31483,0.32062,0.44463,0.27363,0.45729,0.10744,0.2806,0.38509,0.42349,0.23268,0.44942,0.37763,0.39161,0.39266,0.42618
0.24859,1,0.21084,0.36056,0.10541,0.27662,0.25909,0.10317,0.19068,0.17053,0.35206,0.38587,0.078979,0.29506,0.37457,0.42632,0.22602,0.47605,0.034026,0.062566,0.37342,0.47893,0.43205,0.3611,0.31059,0.35727,0.37919,0.39212,0.3286,0.46761,0.090478,0.33243,0.26278,0.46931,0.26166,0.38821,0.28431,0.29281,0.26004,0.17583,0.20168,0.26791,0.2948,0.38914,0.1819,0.30427,0.34811,0.34119,0.32824,0.28852,0.28577,0.43837,0.22573,0.35981,0.098871,0.26151,0.25968,0.085637,0.18286,0.16586,0.33947,0.39281,0.038662,0.35129,0.37346,0.38709,0.20172,0.46564,0.010719,0.047312,0.36576,0.47199,0.41987,0.34925,0.30989,0.36148,0.3621,0.37004,0.34021,0.46835,0.089782,0.30363,0.2301,0.39642,0.28476,0.37553,0.28087,0.30221,0.24109,0.21232,0.16673,0.24875,0.27945,0.35635,0.1613,0.29512,0.3434,0.33613,0.3243,0.26435
0.46474,0.21084,1,0.23137,0.15289,0.51296,0.41683,0.27656,0.66854,0.27357,0.26471,0.54035,0.5573,0.51608,0.31324,0.32311,0.17788,0.46962,0.27577,0.15929,0.29959,0.23776,0.35231,0.30124,0.335,0.37235,0.31214,0.35614,0.61186,0.37568,0.59472,0.54976,0.65679,0.53235,0.45133,0.52698,0.26861,0.28191,0.73969,0.69091,0.21446,0.40279,0.27158,0.29881,0.27181,0.30832,0.28889,0.29951,0.25188,0.27199,0.33589,0.19844,0.6252,0.2246,0.13568,0.40473,0.35677,0.22476,0.51487,0.23282,0.24088,0.31919,0.42753,0.28396,0.301,0.24114,0.12094,0.2875,0.23364,0.11393,0.28862,0.21871,0.26272,0.29239,0.2868,0.32662,0.27446,0.27151,0.43374,0.25824,0.47731,0.40192,0.39528,0.38785,0.39343,0.40361,0.26546,0.28359,0.56323,0.53659,0.17177,0.32524,0.26424,0.25244,0.22013,0.29295,0.26592,0.28085,0.25054,0.27826
0.38507,0.36056,0.23137,1,0.12572,0.33185,0.37335,0.13688,0.27008,0.24831,0.48708,0.3342,0.084488,0.25861,0.80204,0.37162,0.14167,0.46888,0.084736,0.10627,0.43861,0.46153,0.45949,0.5015,0.40742,0.50393,0.73795,0.54216,0.29621,0.43843,0.1003,0.22784,0.23458,0.38176,0.46459,0.49245,0.55042,0.5551,0.36938,0.29088,0.15348,0.23031,0.42161,0.54465,0.2411,0.62036,0.77499,0.79755,0.50109,0.48743,0.42283,0.35127,0.2626,0.90469,0.12729,0.33619,0.38925,0.12358,0.27116,0.26878,0.48304,0.35088,0.068275,0.29932,0.79283,0.35135,0.13031,0.4824,0.071342,0.087923,0.42572,0.48199,0.48555,0.50761,0.39476,0.50312,0.72425,0.56152,0.34311,0.4678,0.10023,0.23071,0.21904,0.3588,0.51118,0.49156,0.52642,0.59202,0.35973,0.32945,0.14915,0.2186,0.42241,0.54644,0.23495,0.60161,0.77324,0.7975,0.50084,0.4825
0.14208,0.10541,0.15289,0.12572,1,0.18468,0.1451,0.13531,0.18023,0.16731,0.14301,0.12655,0.12364,0.12349,0.12092,0.11056,0.091183,0.14703,0.079684,0.14573,0.13524,0.14903,0.14867,0.15921,0.17636,0.16421,0.14239,0.14936,0.14772,0.12462,0.14,0.14404,0.10568,0.11843,0.16183,0.15212,0.11376,0.13603,0.1686,0.16839,0.080166,0.12778,0.13762,0.14326,0.19772,0.16326,0.13904,0.13651,0.13893,0.14769,0.13598,0.10311,0.12098,0.12386,0.091442,0.1633,0.13809,0.12119,0.15707,0.13218,0.13725,0.095397,0.095934,0.095131,0.11926,0.09231,0.073948,0.12296,0.072899,0.075789,0.12886,0.13742,0.13453,0.15391,0.15873,0.15553,0.13349,0.1407,0.12039,0.11116,0.11794,0.11703,0.062295,0.083657,0.15667,0.13049,0.11183,0.14233,0.13775,0.14916,0.061928,0.10531,0.13503,0.13837,0.14289,0.16059,0.13418,0.13376,0.13629,0.14668
0.43338,0.27662,0.51296,0.33185,0.18468,1,0.27141,0.17006,0.52371,0.24924,0.34107,0.46201,0.39071,0.43379,0.33416,0.31563,0.084109,0.59884,0.12753,0.16602,0.30841,0.36431,0.47797,0.37637,0.37742,0.40997,0.554,0.58923,0.4457,0.35809,0.28318,0.28231,0.3946,0.49093,0.26844,0.41125,0.36897,0.44542,0.59808,0.4406,0.24702,0.29267,0.31785,0.40099,0.41717,0.51024,0.34746,0.38288,0.31458,0.36174,0.36272,0.26885,0.42565,0.32765,0.16117,0.58614,0.25091,0.13442,0.39641,0.23443,0.32325,0.37287,0.29062,0.3535,0.32651,0.26386,0.055623,0.49174,0.10551,0.11513,0.28504,0.34669,0.40832,0.35727,0.33754,0.37617,0.51612,0.51352,0.36005,0.32897,0.22899,0.20886,0.27241,0.37887,0.2739,0.36538,0.36057,0.44307,0.49872,0.36838,0.21795,0.24305,0.30677,0.37828,0.33833,0.4695,0.34384,0.37323,0.30855,0.35466
0.27053,0.25909,0.41683,0.37335,0.1451,0.27141,1,0.367,0.44141,0.35109,0.30072,0.19539,0.19461,0.16705,0.40393,0.45077,0.34097,0.27125,0.25307,0.14495,0.34038,0.26853,0.19855,0.29442,0.31818,0.33436,0.31879,0.26813,0.36293,0.24843,0.40064,0.48135,0.3713,0.29754,0.71299,0.60263,0.3223,0.31887,0.52291,0.51833,0.14861,0.26989,0.25915,0.25156,0.24253,0.31242,0.42248,0.37234,0.29423,0.2815,0.26491,0.25456,0.35951,0.37024,0.14638,0.27375,0.60407,0.34701,0.4279,0.30781,0.2772,0.15961,0.18792,0.14068,0.40199,0.40193,0.30099,0.22891,0.2492,0.12077,0.33505,0.27297,0.20285,0.29696,0.30389,0.3231,0.3065,0.25249,0.33946,0.2273,0.38402,0.45307,0.28849,0.2688,0.65489,0.52906,0.32453,0.32203,0.45075,0.49153,0.12175,0.26093,0.25596,0.24199,0.20615,0.30899,0.37301,0.3601,0.29351,0.27502
0.19976,0.10317,0.27656,0.13688,0.13531,0.17006,0.367,1,0.37252,0.25634,0.18627,0.083979,0.23712,0.11839,0.15552,0.14735,0.35007,0.049467,0.30649,0.18571,0.18255,0.10892,0.084801,0.19785,0.25481,0.21706,0.080343,0.083835,0.24238,0.11884,0.44398,0.42194,0.14725,0.038629,0.42745,0.26231,0.14875,0.17081,0.25176,0.40581,0.15829,0.22322,0.19317,0.14318,0.1977,0.17374,0.17707,0.16085,0.19268,0.20686,0.16542,0.094245,0.13187,0.13417,0.12822,0.15256,0.32179,0.41696,0.30445,0.2266,0.16888,-0.023582,0.16525,0.0078785,0.15237,0.090495,0.2438,-0.0062749,0.24922,0.14725,0.18121,0.10732,0.079941,0.20444,0.23276,0.2031,0.072136,0.096317,0.14407,0.060835,0.32244,0.30587,0.014297,-0.043005,0.3593,0.17475,0.15688,0.18435,0.15875,0.29607,0.026634,0.16852,0.19383,0.14042,0.17494,0.18644,0.1609,0.15396,0.19158,0.21264
0.61915,0.19068,0.66854,0.27008,0.18023,0.52371,0.44141,0.37252,1,0.28222,0.3071,0.44949,0.56433,0.49724,0.28716,0.30982,0.23195,0.44128,0.38086,0.29035,0.3159,0.26323,0.29723,0.3597,0.50373,0.46849,0.27431,0.31481,0.48569,0.31836,0.67578,0.57068,0.47906,0.31532,0.48552,0.49677,0.28402,0.34962,0.57047,0.82245,0.15039,0.42617,0.29816,0.30945,0.30591,0.37415,0.3079,0.31512,0.30226,0.33496,0.4678,0.18433,0.43895,0.26479,0.16365,0.4333,0.38258,0.31465,0.68395,0.24607,0.28269,0.24733,0.43744,0.28754,0.27868,0.23085,0.16665,0.27355,0.3141,0.20929,0.29712,0.24705,0.24966,0.34773,0.41942,0.39697,0.25756,0.28397,0.3652,0.22979,0.53899,0.42766,0.2753,0.20192,0.43024,0.37093,0.29284,0.36218,0.42523,0.62786,0.11835,0.31914,0.29095,0.28035,0.24877,0.36526,0.29492,0.3072,0.29576,0.32838
0.18854,0.17053,0.27357,0.24831,0.16731,0.24924,0.35109,0.25634,0.28222,1,0.23271,0.15068,0.13876,0.12427,0.26149,0.20246,0.19665,0.20091,0.13588,0.13383,0.23166,0.20439,0.18866,0.23296,0.26013,0.24864,0.26571,0.22954,0.28233,0.17231,0.23326,0.26671,0.17226,0.19318,0.42903,0.35995,0.19095,0.21459,0.35777,0.32041,0.094831,0.18131,0.2052,0.20581,0.34942,0.28466,0.33272,0.26833,0.21286,0.21868,0.20163,0.17095,0.25924,0.24616,0.136,0.2348,0.34629,0.25011,0.28292,0.33802,0.21568,0.12694,0.13695,0.11119,0.25833,0.17763,0.16955,0.16983,0.14046,0.11243,0.22227,0.19919,0.1779,0.23094,0.25139,0.24341,0.24611,0.21366,0.2538,0.16078,0.22738,0.25166,0.12188,0.16435,0.42566,0.32603,0.18678,0.22206,0.31515,0.32716,0.083134,0.17059,0.20338,0.20042,0.25923,0.27904,0.29503,0.26238,0.21191,0.21778
0.40838,0.35206,0.26471,0.48708,0.14301,0.34107,0.30072,0.18627,0.3071,0.23271,1,0.35029,0.14143,0.27707,0.40667,0.38546,0.14404,0.52456,0.11338,0.12655,0.46656,0.5076,0.55742,0.62642,0.45564,0.55904,0.48474,0.54664,0.38479,0.54728,0.17333,0.25496,0.21512,0.35,0.33689,0.45273,0.34671,0.42226,0.30901,0.30944,0.14092,0.23833,0.69847,0.62851,0.24673,0.44753,0.45318,0.45217,0.70327,0.61306,0.4369,0.33872,0.26415,0.48976,0.14606,0.34447,0.30647,0.16693,0.30049,0.24624,0.72295,0.33666,0.11266,0.28906,0.40923,0.32504,0.12663,0.51366,0.094233,0.10878,0.45887,0.52233,0.56318,0.62349,0.44806,0.5691,0.47392,0.5561,0.39206,0.54559,0.15967,0.23991,0.17897,0.30137,0.37134,0.4229,0.34145,0.45928,0.29125,0.32353,0.13248,0.21953,0.66878,0.60753,0.24198,0.45124,0.46596,0.45862,0.68354,0.60071
0.54898,0.38587,0.54035,0.3342,0.12655,0.46201,0.19539,0.083979,0.44949,0.15068,0.35029,1,0.41284,0.7379,0.37053,0.35398,0.083833,0.65435,0.10604,0.12197,0.37456,0.51213,0.59993,0.4135,0.43426,0.48135,0.39203,0.4418,0.45326,0.5867,0.29035,0.38928,0.43573,0.61291,0.18377,0.36518,0.29498,0.32303,0.41099,0.37418,0.25032,0.48451,0.31514,0.45175,0.24471,0.36429,0.34154,0.35418,0.31424,0.30195,0.46128,0.35397,0.38624,0.32921,0.10285,0.35897,0.16079,0.031632,0.3154,0.13819,0.33903,0.59562,0.24833,0.56208,0.35951,0.28209,0.052248,0.52028,0.03848,0.07286,0.35849,0.45944,0.50252,0.39185,0.38182,0.43916,0.36565,0.38578,0.36681,0.50854,0.18295,0.26448,0.25685,0.42553,0.18508,0.30084,0.29319,0.33462,0.30077,0.29242,0.19971,0.36835,0.30758,0.40096,0.1927,0.3438,0.33559,0.3435,0.31458,0.29754
0.35072,0.078979,0.5573,0.084488,0.12364,0.39071,0.19461,0.23712,0.56433,0.13876,0.14143,0.41284,1,0.52125,0.13922,0.1542,0.087047,0.27651,0.2419,0.17516,0.16643,0.13537,0.19103,0.16957,0.24427,0.22932,0.10717,0.14403,0.32435,0.19501,0.545,0.39396,0.42609,0.24591,0.16521,0.17495,0.16905,0.17744,0.40327,0.49841,0.19777,0.36864,0.14673,0.14225,0.18615,0.18155,0.12123,0.1498,0.13783,0.15161,0.22786,0.070178,0.28291,0.080496,0.098511,0.27473,0.12736,0.16352,0.35906,0.10434,0.12955,0.18458,0.4861,0.24115,0.13227,0.070365,0.024645,0.11719,0.17352,0.11018,0.16183,0.11042,0.12989,0.17064,0.19321,0.19792,0.089725,0.106,0.1502,0.10433,0.35855,0.20197,0.16892,0.090545,0.10091,0.071414,0.17975,0.18442,0.23415,0.2908,0.12813,0.22829,0.1485,0.12929,0.14087,0.17817,0.11427,0.13949,0.14199,0.16396
0.54778,0.29506,0.51608,0.25861,0.12349,0.43379,0.16705,0.11839,0.49724,0.12427,0.27707,0.7379,0.52125,1,0.29929,0.28395,0.078722,0.53848,0.15002,0.15181,0.30427,0.40023,0.45107,0.32128,0.40562,0.41577,0.29629,0.33697,0.37069,0.47293,0.37899,0.39674,0.40711,0.48176,0.14432,0.27565,0.26976,0.28594,0.35351,0.39948,0.23118,0.51155,0.25046,0.34715,0.22309,0.30651,0.2666,0.29047,0.25344,0.24344,0.43067,0.26502,0.30734,0.25317,0.09607,0.32196,0.11862,0.050546,0.32742,0.10616,0.2682,0.48627,0.3151,0.55298,0.28885,0.20172,0.033811,0.38663,0.066522,0.090707,0.29502,0.35758,0.37307,0.31013,0.34796,0.36885,0.27709,0.29262,0.25258,0.37874,0.22515,0.22627,0.19138,0.2844,0.12596,0.19389,0.27376,0.29644,0.21867,0.26348,0.17345,0.34972,0.24727,0.30835,0.16821,0.29095,0.26348,0.28094,0.25601,0.24715
0.33229,0.37457,0.31324,0.80204,0.12092,0.33416,0.40393,0.15552,0.28716,0.26149,0.40667,0.37053,0.13922,0.29929,1,0.38828,0.18485,0.46108,0.094883,0.097671,0.45933,0.44632,0.43118,0.43979,0.35271,0.44276,0.63604,0.48073,0.3302,0.4282,0.1525,0.30063,0.28986,0.41505,0.47502,0.48885,0.59194,0.52401,0.42186,0.30435,0.17967,0.2775,0.35699,0.46488,0.23303,0.56098,0.74855,0.79471,0.42593,0.38886,0.35824,0.36776,0.34257,0.78173,0.11904,0.32407,0.41515,0.14531,0.29165,0.26508,0.39535,0.38038,0.13382,0.33385,0.89757,0.37093,0.17154,0.45635,0.091863,0.077101,0.44605,0.45817,0.44003,0.43838,0.33823,0.43339,0.62213,0.4765,0.36686,0.44579,0.17081,0.31082,0.27,0.39661,0.51254,0.48638,0.55516,0.52558,0.4071,0.34341,0.17645,0.27546,0.35123,0.44904,0.21503,0.52629,0.71723,0.76147,0.4263,0.37558
0.2689,0.42632,0.32311,0.37162,0.11056,0.31563,0.45077,0.14735,0.30982,0.20246,0.38546,0.35398,0.1542,0.28395,0.38828,1,0.2556,0.4983,0.088794,0.070346,0.3971,0.44391,0.36836,0.34276,0.31841,0.36877,0.39601,0.39161,0.35442,0.40114,0.185,0.37746,0.40583,0.49786,0.4299,0.54796,0.33601,0.33054,0.43375,0.31991,0.24225,0.27276,0.28548,0.35056,0.19135,0.31016,0.35052,0.35812,0.33414,0.28519,0.29753,0.39258,0.32777,0.37348,0.11053,0.30166,0.42275,0.13643,0.30296,0.18295,0.34843,0.37724,0.1312,0.341,0.38949,0.5629,0.24267,0.46939,0.08709,0.057238,0.39516,0.4424,0.36397,0.3347,0.31715,0.37511,0.38001,0.36011,0.37026,0.41321,0.21294,0.38607,0.37113,0.45439,0.43311,0.52251,0.33491,0.32855,0.39,0.34827,0.21001,0.27484,0.27406,0.33082,0.15996,0.29674,0.34352,0.35041,0.33009,0.26656
0.1082,0.22602,0.17788,0.14167,0.091183,0.084109,0.34097,0.35007,0.23195,0.19665,0.14404,0.083833,0.087047,0.078722,0.18485,0.2556,1,0.086537,0.16962,0.10604,0.20966,0.17135,0.057863,0.13067,0.19014,0.1752,0.085056,0.060447,0.21903,0.13292,0.2999,0.46002,0.19927,0.15539,0.37998,0.29113,0.15344,0.14613,0.18362,0.27606,0.11015,0.23853,0.11953,0.10269,0.11046,0.12442,0.16838,0.14819,0.13465,0.12263,0.12114,0.20318,0.13829,0.13966,0.087536,0.099197,0.32009,0.29467,0.23174,0.16735,0.12765,0.06352,0.072651,0.084671,0.18388,0.23756,0.37796,0.068564,0.15314,0.083274,0.20827,0.16633,0.067512,0.13075,0.18205,0.16775,0.082264,0.066489,0.19045,0.11614,0.26788,0.41689,0.14364,0.12448,0.33766,0.24654,0.16007,0.14423,0.154,0.25723,0.072144,0.22018,0.11595,0.095098,0.090502,0.12641,0.14854,0.14241,0.13234,0.11535
0.50449,0.47605,0.46962,0.46888,0.14703,0.59884,0.27125,0.049467,0.44128,0.20091,0.52456,0.65435,0.27651,0.53848,0.46108,0.4983,0.086537,1,0.057641,0.096188,0.50194,0.65197,0.73975,0.60251,0.47408,0.59084,0.61807,0.74041,0.53925,0.60594,0.14746,0.29473,0.44472,0.71176,0.2656,0.54716,0.37034,0.42922,0.52364,0.3967,0.2924,0.35329,0.46961,0.61112,0.30117,0.47656,0.45766,0.47145,0.48325,0.50499,0.49263,0.45453,0.46126,0.46628,0.13378,0.51108,0.26901,0.028445,0.36997,0.19633,0.50907,0.62382,0.20756,0.56137,0.45337,0.45762,0.081377,0.82864,0.034218,0.071518,0.47443,0.62754,0.6684,0.56047,0.45505,0.56979,0.57656,0.6555,0.52481,0.61719,0.15287,0.27769,0.38275,0.59921,0.30811,0.52139,0.35406,0.43823,0.46447,0.39743,0.26165,0.3229,0.44103,0.55469,0.26222,0.44855,0.45924,0.46396,0.46653,0.45663
0.20911,0.034026,0.27577,0.084736,0.079684,0.12753,0.25307,0.30649,0.38086,0.13588,0.11338,0.10604,0.2419,0.15002,0.094883,0.088794,0.16962,0.057641,1,0.15007,0.10925,0.045492,0.042591,0.12805,0.18763,0.15607,0.039508,0.0519,0.1884,0.082653,0.41812,0.35093,0.19946,0.027271,0.30158,0.21558,0.097724,0.1208,0.19457,0.40573,0.029613,0.19945,0.12365,0.087044,0.11122,0.12162,0.10545,0.10384,0.12314,0.13218,0.14694,0.029069,0.1159,0.080079,0.072828,0.10805,0.20423,0.24124,0.28606,0.1128,0.099433,-0.0096057,0.16979,0.028591,0.091083,0.040863,0.11444,-0.0098742,0.28007,0.11465,0.10982,0.044772,0.038594,0.1358,0.15523,0.13015,0.037191,0.059624,0.11703,0.029407,0.29648,0.23389,0.050485,-0.044264,0.2416,0.12546,0.10918,0.13432,0.10381,0.26947,-0.0046513,0.12968,0.12474,0.082493,0.094743,0.12998,0.099056,0.10221,0.12083,0.13649
0.21106,0.062566,0.15929,0.10627,0.14573,0.16602,0.14495,0.18571,0.29035,0.13383,0.12655,0.12197,0.17516,0.15181,0.097671,0.070346,0.10604,0.096188,0.15007,1,0.11641,0.11714,0.10178,0.15164,0.25521,0.17536,0.086854,0.094111,0.13588,0.10519,0.24294,0.18706,0.071231,0.032996,0.16929,0.13043,0.1029,0.13229,0.12132,0.25731,0.038516,0.16129,0.12781,0.12399,0.16545,0.15303,0.12088,0.11739,0.13071,0.14596,0.17933,0.062677,0.093243,0.10628,0.087621,0.15138,0.1318,0.16513,0.24391,0.12327,0.11792,0.053826,0.13262,0.079819,0.095531,0.042171,0.078379,0.06013,0.12993,0.13825,0.10899,0.10122,0.095368,0.14961,0.20813,0.15635,0.0878,0.10401,0.10369,0.076351,0.19542,0.14277,0.013316,-0.005251,0.15827,0.096464,0.10627,0.14233,0.089347,0.19979,0.014277,0.1056,0.12539,0.11926,0.13366,0.15629,0.11779,0.11742,0.12745,0.14493
0.37086,0.37342,0.29959,0.43861,0.13524,0.30841,0.34038,0.18255,0.3159,0.23166,0.46656,0.37456,0.16643,0.30427,0.45933,0.3971,0.20966,0.50194,0.10925,0.11641,1,0.5543,0.48991,0.53853,0.50594,0.64012,0.40059,0.41132,0.32587,0.44569,0.18474,0.31809,0.28303,0.37176,0.36404,0.42323,0.35601,0.38825,0.32818,0.30749,0.17164,0.2898,0.42477,0.47401,0.22236,0.39375,0.43664,0.43278,0.47983,0.43603,0.39644,0.3665,0.3141,0.43768,0.13191,0.30369,0.34512,0.17517,0.31264,0.22844,0.44965,0.38336,0.16287,0.33599,0.45697,0.37602,0.19861,0.47647,0.10661,0.09078,0.60964,0.52333,0.4916,0.5189,0.45995,0.60768,0.39196,0.40425,0.35211,0.46396,0.20677,0.33914,0.26491,0.35268,0.39016,0.41268,0.34284,0.39198,0.32195,0.33288,0.17293,0.28906,0.41046,0.44587,0.19888,0.38052,0.42854,0.42529,0.46807,0.41306
0.36973,0.47893,0.23776,0.46153,0.14903,0.36431,0.26853,0.10892,0.26323,0.20439,0.5076,0.51213,0.13537,0.40023,0.44632,0.44391,0.17135,0.65197,0.045492,0.11714,0.5543,1,0.65506,0.60888,0.50463,0.55273,0.47373,0.52169,0.33964,0.54743,0.076495,0.26998,0.27168,0.50472,0.27486,0.41734,0.35151,0.392,0.29058,0.21548,0.23812,0.33837,0.44532,0.55394,0.25117,0.42095,0.44359,0.43945,0.4938,0.45833,0.40891,0.4592,0.26972,0.46287,0.13317,0.34,0.27452,0.093877,0.24534,0.2063,0.49634,0.50885,0.093352,0.44734,0.44395,0.42003,0.16448,0.63583,0.025294,0.079733,0.5088,0.66541,0.62385,0.57405,0.46282,0.55183,0.45646,0.50216,0.37495,0.58655,0.088772,0.28148,0.25262,0.43231,0.31678,0.41515,0.33911,0.40418,0.28168,0.25991,0.21224,0.29886,0.42439,0.51422,0.22263,0.40515,0.44492,0.43684,0.48347,0.42144
0.44752,0.43205,0.35231,0.45949,0.14867,0.47797,0.19855,0.084801,0.29723,0.18866,0.55742,0.59993,0.19103,0.45107,0.43118,0.36836,0.057863,0.73975,0.042591,0.10178,0.48991,0.65506,1,0.77814,0.47671,0.58891,0.54458,0.64515,0.44534,0.6545,0.094845,0.2122,0.27688,0.54421,0.20149,0.36791,0.3366,0.4124,0.3561,0.2321,0.2167,0.29319,0.55122,0.70163,0.27833,0.46851,0.44226,0.44762,0.53612,0.55168,0.44932,0.41102,0.3342,0.45739,0.13505,0.4067,0.2008,0.059642,0.23584,0.20126,0.54901,0.53204,0.11758,0.43603,0.42312,0.32746,0.045752,0.68693,0.018018,0.076428,0.46249,0.62572,0.8165,0.7301,0.43848,0.5806,0.51655,0.6013,0.42901,0.65109,0.068461,0.17973,0.21402,0.43134,0.24729,0.35899,0.31919,0.434,0.32353,0.23947,0.19212,0.25513,0.5272,0.64039,0.25557,0.45165,0.44855,0.44512,0.52556,0.52116
0.47628,0.3611,0.30124,0.5015,0.15921,0.37637,0.29442,0.19785,0.3597,0.23296,0.62642,0.4135,0.16957,0.32128,0.43979,0.34276,0.13067,0.60251,0.12805,0.15164,0.53853,0.60888,0.77814,1,0.53081,0.65742,0.46849,0.56487,0.38631,0.56929,0.19963,0.26476,0.22445,0.35401,0.33394,0.39246,0.34199,0.43277,0.30666,0.33893,0.13867,0.26327,0.63234,0.70847,0.26145,0.47511,0.47835,0.47807,0.65622,0.72151,0.49054,0.34836,0.28167,0.50226,0.15835,0.35786,0.29726,0.17759,0.32581,0.24918,0.61421,0.3634,0.134,0.29998,0.4355,0.30108,0.10904,0.56327,0.11221,0.12418,0.51191,0.60163,0.75918,0.88742,0.49696,0.64825,0.45712,0.56128,0.38766,0.55937,0.1742,0.24374,0.17683,0.29526,0.36735,0.37295,0.3281,0.46886,0.28794,0.33455,0.13169,0.23694,0.60967,0.65348,0.25086,0.47478,0.48784,0.48203,0.63908,0.67136
0.59086,0.31059,0.335,0.40742,0.17636,0.37742,0.31818,0.25481,0.50373,0.26013,0.45564,0.43426,0.24427,0.40562,0.35271,0.31841,0.19014,0.47408,0.18763,0.25521,0.50594,0.50463,0.47671,0.53081,1,0.69053,0.38027,0.3979,0.3283,0.43127,0.31106,0.33816,0.24135,0.31078,0.36229,0.39956,0.3256,0.40641,0.30121,0.44294,0.14039,0.34101,0.41928,0.48076,0.31417,0.4558,0.40484,0.40238,0.44654,0.45928,0.56544,0.3009,0.28466,0.40618,0.16086,0.36368,0.31498,0.22962,0.45049,0.25928,0.44024,0.35657,0.18424,0.34409,0.3485,0.27764,0.1638,0.42234,0.15446,0.18,0.45951,0.47343,0.46104,0.51153,0.61825,0.64364,0.37466,0.40682,0.32774,0.41416,0.27138,0.30929,0.17737,0.24855,0.38181,0.36443,0.32212,0.43178,0.27316,0.41168,0.12584,0.28315,0.40961,0.4565,0.27243,0.45086,0.4055,0.40327,0.43422,0.44646
0.65165,0.35727,0.37235,0.50393,0.16421,0.40997,0.33436,0.21706,0.46849,0.24864,0.55904,0.48135,0.22932,0.41577,0.44276,0.36877,0.1752,0.59084,0.15607,0.17536,0.64012,0.55273,0.58891,0.65742,0.69053,1,0.46614,0.48986,0.37891,0.52204,0.26788,0.33604,0.29762,0.3839,0.37161,0.44355,0.38343,0.47449,0.34879,0.43422,0.15869,0.33373,0.52492,0.59483,0.28419,0.51499,0.48601,0.49119,0.55803,0.56162,0.63389,0.35045,0.34583,0.50091,0.16355,0.39655,0.3341,0.19662,0.42589,0.26314,0.54376,0.42128,0.19022,0.38055,0.43669,0.32961,0.15576,0.52425,0.13151,0.1394,0.57818,0.54851,0.58015,0.63537,0.6255,0.80031,0.45811,0.49187,0.38393,0.50609,0.24717,0.32093,0.24956,0.34106,0.39921,0.41552,0.37247,0.50208,0.33148,0.41835,0.15997,0.30395,0.51485,0.56197,0.2613,0.50628,0.4888,0.49008,0.54349,0.55049
0.36268,0.37919,0.31214,0.73795,0.14239,0.554,0.31879,0.080343,0.27431,0.26571,0.48474,0.39203,0.10717,0.29629,0.63604,0.39601,0.085056,0.61807,0.039508,0.086854,0.40059,0.47373,0.54458,0.46849,0.38027,0.46614,1,0.79954,0.41271,0.44372,0.040165,0.17349,0.29788,0.52452,0.36942,0.5616,0.59665,0.64354,0.56184,0.27482,0.21112,0.22013,0.41954,0.57826,0.33172,0.70918,0.65774,0.71431,0.46756,0.4741,0.39504,0.37418,0.38579,0.72922,0.13727,0.51124,0.34486,0.07142,0.27482,0.28926,0.47494,0.43981,0.089996,0.37206,0.63844,0.38144,0.082324,0.62833,0.038573,0.068653,0.38346,0.48658,0.54485,0.46611,0.3731,0.47142,0.91581,0.76433,0.4433,0.48601,0.066867,0.19076,0.28316,0.48968,0.44423,0.57743,0.57615,0.65868,0.5446,0.33607,0.20828,0.2225,0.40973,0.5755,0.32329,0.6746,0.66421,0.71364,0.46008,0.46662
0.38755,0.39212,0.35614,0.54216,0.14936,0.58923,0.26813,0.083835,0.31481,0.22954,0.54664,0.4418,0.14403,0.33697,0.48073,0.39161,0.060447,0.74041,0.0519,0.094111,0.41132,0.52169,0.64515,0.56487,0.3979,0.48986,0.79954,1,0.477,0.52556,0.069991,0.17526,0.30865,0.5537,0.28815,0.5264,0.45311,0.5395,0.52964,0.28862,0.21395,0.23146,0.53088,0.6508,0.32444,0.58953,0.51117,0.53865,0.55191,0.60107,0.39731,0.37971,0.3967,0.53984,0.14316,0.52781,0.28217,0.067805,0.28629,0.24252,0.52959,0.45438,0.1132,0.38088,0.47881,0.36547,0.052877,0.72359,0.046412,0.072222,0.39061,0.52369,0.6097,0.54249,0.38393,0.48939,0.76288,0.84453,0.48157,0.54163,0.07748,0.17418,0.27289,0.48822,0.3472,0.5238,0.43707,0.55689,0.50203,0.31593,0.20693,0.2247,0.49307,0.60797,0.31002,0.56442,0.5169,0.53825,0.51559,0.54703
0.37088,0.3286,0.61186,0.29621,0.14772,0.4457,0.36293,0.24238,0.48569,0.28233,0.38479,0.45326,0.32435,0.37069,0.3302,0.35442,0.21903,0.53925,0.1884,0.13588,0.32587,0.33964,0.44534,0.38631,0.3283,0.37891,0.41271,0.477,1,0.47859,0.467,0.52252,0.4799,0.56887,0.40903,0.54482,0.24398,0.27814,0.53182,0.53642,0.18481,0.33696,0.40924,0.42827,0.26839,0.32297,0.33963,0.32858,0.34432,0.36843,0.31951,0.29632,0.45264,0.29024,0.13524,0.37093,0.32732,0.1963,0.37953,0.25405,0.36028,0.29977,0.2083,0.26236,0.32223,0.28301,0.16065,0.4091,0.13864,0.10277,0.31572,0.31987,0.37436,0.3729,0.30769,0.35924,0.36226,0.4099,0.58252,0.38695,0.35979,0.38887,0.27953,0.39868,0.38109,0.44268,0.2442,0.29805,0.40988,0.44126,0.11696,0.25555,0.37331,0.37226,0.23576,0.31564,0.32376,0.31865,0.33324,0.35353
0.46115,0.46761,0.37568,0.43843,0.12462,0.35809,0.24843,0.11884,0.31836,0.17231,0.54728,0.5867,0.19501,0.47293,0.4282,0.40114,0.13292,0.60594,0.082653,0.10519,0.44569,0.54743,0.6545,0.56929,0.43127,0.52204,0.44372,0.52556,0.47859,1,0.19392,0.35066,0.31159,0.51166,0.25277,0.39954,0.32647,0.37316,0.31413,0.28476,0.17968,0.34945,0.53222,0.62839,0.2104,0.39785,0.41703,0.41631,0.51615,0.4954,0.44009,0.41538,0.30984,0.43682,0.11848,0.32657,0.2377,0.082766,0.25939,0.18139,0.52043,0.48073,0.1119,0.40968,0.42249,0.33395,0.1069,0.55507,0.040971,0.080972,0.44033,0.54723,0.62001,0.55446,0.41393,0.51299,0.4297,0.49976,0.43222,0.66265,0.12859,0.27383,0.21606,0.39742,0.27534,0.36192,0.32427,0.40057,0.26916,0.25796,0.15378,0.28938,0.50212,0.56013,0.19569,0.39272,0.42071,0.41304,0.5034,0.45904
0.39692,0.090478,0.59472,0.1003,0.14,0.28318,0.40064,0.44398,0.67578,0.23326,0.17333,0.29035,0.545,0.37899,0.1525,0.185,0.2999,0.14746,0.41812,0.24294,0.18474,0.076495,0.094845,0.19963,0.31106,0.26788,0.040165,0.069991,0.467,0.19392,1,0.66897,0.401,0.17998,0.44317,0.33483,0.16594,0.19154,0.38084,0.70669,0.082138,0.3843,0.20079,0.14349,0.18973,0.18552,0.15406,0.15641,0.18046,0.2051,0.26797,0.077091,0.27287,0.095449,0.12791,0.22263,0.31299,0.35361,0.48731,0.18816,0.15433,0.027843,0.36074,0.10948,0.14536,0.089746,0.19968,-0.01086,0.31487,0.17887,0.18564,0.068613,0.065417,0.20877,0.26124,0.22617,0.033311,0.070121,0.25436,0.061402,0.59491,0.43169,0.12445,0.01337,0.33124,0.17313,0.19096,0.21349,0.20621,0.45113,0.016824,0.24726,0.20057,0.12733,0.15494,0.19771,0.13741,0.14909,0.18088,0.21734
0.35393,0.33243,0.54976,0.22784,0.14404,0.28231,0.48135,0.42194,0.57068,0.26671,0.25496,0.38928,0.39396,0.39674,0.30063,0.37746,0.46002,0.29473,0.35093,0.18706,0.31809,0.26998,0.2122,0.26476,0.33816,0.33604,0.17349,0.17526,0.52252,0.35066,0.66897,1,0.49789,0.39764,0.52429,0.48309,0.25096,0.25562,0.41817,0.61055,0.17923,0.48638,0.24067,0.23493,0.19345,0.24108,0.26893,0.25882,0.23914,0.23529,0.29811,0.2795,0.32798,0.22138,0.13307,0.24248,0.40836,0.33925,0.44393,0.21901,0.23196,0.20586,0.25607,0.24985,0.2937,0.29484,0.34891,0.17093,0.25266,0.13924,0.31603,0.25497,0.18797,0.26865,0.30652,0.30743,0.15691,0.16071,0.37289,0.24817,0.50308,0.61043,0.25677,0.24007,0.43278,0.34705,0.26937,0.26888,0.27615,0.45656,0.10068,0.37156,0.23658,0.20939,0.15484,0.24437,0.24423,0.24755,0.2404,0.23663
0.30027,0.26278,0.65679,0.23458,0.10568,0.3946,0.3713,0.14725,0.47906,0.17226,0.21512,0.43573,0.42609,0.40711,0.28986,0.40583,0.19927,0.44472,0.19946,0.071231,0.28303,0.27168,0.27688,0.22445,0.24135,0.29762,0.29788,0.30865,0.4799,0.31159,0.401,0.49789,1,0.63565,0.36365,0.51325,0.28585,0.27051,0.62703,0.49251,0.2859,0.33669,0.19046,0.22266,0.15766,0.24303,0.24102,0.27043,0.19853,0.19483,0.24403,0.24062,0.51314,0.22812,0.092438,0.32048,0.3236,0.11059,0.37318,0.13541,0.19456,0.32151,0.32336,0.27581,0.28181,0.3609,0.15848,0.32477,0.15877,0.039999,0.27109,0.24257,0.21664,0.21421,0.20125,0.27028,0.26667,0.22804,0.38543,0.25662,0.35211,0.41184,0.57934,0.52164,0.32147,0.43275,0.28013,0.26054,0.50389,0.42292,0.2203,0.28971,0.18091,0.1935,0.11521,0.22251,0.22201,0.25357,0.19758,0.19196
0.32766,0.46931,0.53235,0.38176,0.11843,0.49093,0.29754,0.038629,0.31532,0.19318,0.35,0.61291,0.24591,0.48176,0.41505,0.49786,0.15539,0.71176,0.027271,0.032996,0.37176,0.50472,0.54421,0.35401,0.31078,0.3839,0.52452,0.5537,0.56887,0.51166,0.17998,0.39764,0.63565,1,0.29044,0.57217,0.34482,0.33623,0.55895,0.30345,0.33665,0.344,0.29265,0.42191,0.2438,0.35345,0.37283,0.39035,0.29877,0.28582,0.32859,0.42864,0.47595,0.37665,0.098058,0.39648,0.27979,0.0096909,0.25061,0.16848,0.33485,0.53972,0.13253,0.4691,0.40753,0.45897,0.13519,0.61403,-0.0036576,0.013163,0.35256,0.46498,0.45776,0.32888,0.28755,0.36877,0.46925,0.45346,0.50759,0.49659,0.15755,0.34232,0.47311,0.70755,0.30325,0.52631,0.3312,0.332,0.46793,0.32736,0.25617,0.29479,0.27258,0.37337,0.19402,0.32304,0.35798,0.37511,0.29309,0.26356
0.30611,0.26166,0.45133,0.46459,0.16183,0.26844,0.71299,0.42745,0.48552,0.42903,0.33689,0.18377,0.16521,0.14432,0.47502,0.4299,0.37998,0.2656,0.30158,0.16929,0.36404,0.27486,0.20149,0.33394,0.36229,0.37161,0.36942,0.28815,0.40903,0.25277,0.44317,0.52429,0.36365,0.29044,1,0.70328,0.32662,0.33588,0.59568,0.60506,0.12367,0.29123,0.29291,0.27954,0.29822,0.36287,0.50412,0.43657,0.32802,0.3182,0.30308,0.25846,0.39379,0.45321,0.16441,0.27924,0.67963,0.4118,0.48458,0.39489,0.3132,0.13994,0.17121,0.11637,0.46683,0.39404,0.33566,0.21508,0.29447,0.14414,0.35602,0.28063,0.21155,0.33736,0.34737,0.35523,0.35237,0.27768,0.38633,0.22887,0.42591,0.4956,0.27278,0.25991,0.83137,0.62424,0.32701,0.34629,0.50911,0.58291,0.10147,0.27739,0.29194,0.26912,0.25901,0.36245,0.4635,0.42642,0.32777,0.31318
0.38772,0.38821,0.52698,0.49245,0.15212,0.41125,0.60263,0.26231,0.49677,0.35995,0.45273,0.36518,0.17495,0.27565,0.48885,0.54796,0.29113,0.54716,0.21558,0.13043,0.42323,0.41734,0.36791,0.39246,0.39956,0.44355,0.5616,0.5264,0.54482,0.39954,0.33483,0.48309,0.51325,0.57217,0.70328,1,0.39671,0.40582,0.68409,0.60216,0.20659,0.31092,0.36246,0.39781,0.30722,0.42127,0.49589,0.47198,0.41483,0.36657,0.40388,0.37573,0.5141,0.49047,0.1482,0.40739,0.5893,0.25493,0.50451,0.33121,0.41469,0.35484,0.17107,0.30018,0.48821,0.51397,0.26677,0.48219,0.20937,0.11012,0.41282,0.41798,0.35417,0.38735,0.39543,0.43573,0.52526,0.47709,0.54455,0.39978,0.36484,0.48593,0.42791,0.51511,0.70657,0.80615,0.39161,0.41456,0.61094,0.63099,0.17934,0.30286,0.34994,0.37075,0.26594,0.41028,0.47487,0.46348,0.40777,0.35019
0.31543,0.28431,0.26861,0.55042,0.11376,0.36897,0.3223,0.14875,0.28402,0.19095,0.34671,0.29498,0.16905,0.26976,0.59194,0.33601,0.15344,0.37034,0.097724,0.1029,0.35601,0.35151,0.3366,0.34199,0.3256,0.38343,0.59665,0.45311,0.24398,0.32647,0.16594,0.25096,0.28585,0.34482,0.32662,0.39671,1,0.84023,0.39386,0.28006,0.16947,0.22469,0.30112,0.38731,0.21409,0.60851,0.45971,0.61609,0.36874,0.33309,0.32249,0.28383,0.30286,0.54747,0.11195,0.36046,0.3318,0.13877,0.28977,0.20138,0.33571,0.32535,0.16541,0.30703,0.58588,0.32865,0.14326,0.38583,0.10658,0.075772,0.34106,0.36741,0.36216,0.34472,0.30984,0.37205,0.60365,0.46507,0.28192,0.34581,0.18646,0.26453,0.28629,0.34831,0.3567,0.40676,0.86945,0.73942,0.39206,0.30954,0.17986,0.22982,0.30214,0.39107,0.20489,0.55284,0.45509,0.58249,0.36946,0.33466
0.41112,0.29281,0.28191,0.5551,0.13603,0.44542,0.31887,0.17081,0.34962,0.21459,0.42226,0.32303,0.17744,0.28594,0.52401,0.33054,0.14613,0.42922,0.1208,0.13229,0.38825,0.392,0.4124,0.43277,0.40641,0.47449,0.64354,0.5395,0.27814,0.37316,0.19154,0.25562,0.27051,0.33623,0.33588,0.40582,0.84023,1,0.39841,0.35265,0.1546,0.24186,0.37508,0.48314,0.26458,0.7312,0.4843,0.60478,0.43392,0.42759,0.41633,0.29875,0.32365,0.55431,0.13688,0.43788,0.33024,0.16031,0.35195,0.23528,0.4119,0.3583,0.17413,0.32894,0.52279,0.31743,0.13475,0.45426,0.12576,0.10338,0.36764,0.41262,0.4499,0.43561,0.38679,0.4645,0.65649,0.56692,0.32685,0.39747,0.20811,0.26965,0.27101,0.34543,0.37483,0.41676,0.80063,0.87343,0.40428,0.37781,0.1703,0.24288,0.37633,0.49199,0.26234,0.6782,0.48866,0.582,0.43094,0.4301
0.35055,0.26004,0.73969,0.36938,0.1686,0.59808,0.52291,0.25176,0.57047,0.35777,0.30901,0.41099,0.40327,0.35351,0.42186,0.43375,0.18362,0.52364,0.19457,0.12132,0.32818,0.29058,0.3561,0.30666,0.30121,0.34879,0.56184,0.52964,0.53182,0.31413,0.38084,0.41817,0.62703,0.55895,0.59568,0.68409,0.39386,0.39841,1,0.61827,0.26444,0.29679,0.27019,0.30809,0.35205,0.44047,0.40881,0.42638,0.2886,0.29109,0.28774,0.26084,0.65109,0.36486,0.1561,0.50299,0.50062,0.23668,0.50017,0.32734,0.28319,0.33997,0.36928,0.2651,0.41439,0.38823,0.1564,0.40184,0.21479,0.092209,0.31772,0.28522,0.29807,0.29985,0.27923,0.32848,0.51348,0.42228,0.45262,0.27617,0.37981,0.37857,0.47927,0.50713,0.57703,0.62195,0.37874,0.38299,0.8015,0.56929,0.24297,0.29895,0.26358,0.28644,0.30387,0.40867,0.3865,0.40712,0.28645,0.29062
0.57503,0.17583,0.69091,0.29088,0.16839,0.4406,0.51833,0.40581,0.82245,0.32041,0.30944,0.37418,0.49841,0.39948,0.30435,0.31991,0.27606,0.3967,0.40573,0.25731,0.30749,0.21548,0.2321,0.33893,0.44294,0.43422,0.27482,0.28862,0.53642,0.28476,0.70669,0.61055,0.49251,0.30345,0.60506,0.60216,0.28006,0.35265,0.61827,1,0.11723,0.39172,0.2983,0.29055,0.29226,0.37362,0.33552,0.32977,0.3039,0.32983,0.45206,0.17381,0.47786,0.28583,0.15948,0.39536,0.46238,0.35729,0.68755,0.28171,0.28304,0.19802,0.40569,0.22285,0.29632,0.24365,0.20932,0.23068,0.34871,0.20087,0.29437,0.21291,0.21021,0.33892,0.39545,0.38385,0.25828,0.26759,0.41909,0.19771,0.59005,0.48528,0.29561,0.21194,0.54264,0.46635,0.29326,0.37129,0.46998,0.73926,0.086628,0.30841,0.29414,0.26777,0.24558,0.37326,0.31982,0.32185,0.29858,0.32874
0.11379,0.20168,0.21446,0.15348,0.080166,0.24702,0.14861,0.15829,0.15039,0.094831,0.14092,0.25032,0.19777,0.23118,0.17967,0.24225,0.11015,0.2924,0.029613,0.038516,0.17164,0.23812,0.2167,0.13867,0.14039,0.15869,0.21112,0.21395,0.18481,0.17968,0.082138,0.17923,0.2859,0.33665,0.12367,0.20659,0.16947,0.1546,0.26444,0.11723,1,0.21621,0.10929,0.15317,0.12531,0.14985,0.14736,0.16635,0.12127,0.10822,0.11685,0.18529,0.18545,0.14942,0.058948,0.19376,0.12676,0.049616,0.10682,0.077672,0.1297,0.23509,0.12733,0.22362,0.17577,0.21913,0.091242,0.25048,0.017199,0.0069325,0.16495,0.21629,0.1816,0.12944,0.12467,0.15522,0.18977,0.17015,0.14633,0.18377,0.064628,0.14503,0.21523,0.26556,0.11668,0.19032,0.16325,0.14596,0.21016,0.10865,0.17302,0.16702,0.10174,0.13965,0.096276,0.13535,0.14068,0.1562,0.12027,0.099696
0.37238,0.26791,0.40279,0.23031,0.12778,0.29267,0.26989,0.22322,0.42617,0.18131,0.23833,0.48451,0.36864,0.51155,0.2775,0.27276,0.23853,0.35329,0.19945,0.16129,0.2898,0.33837,0.29319,0.26327,0.34101,0.33373,0.22013,0.23146,0.33696,0.34945,0.3843,0.48638,0.33669,0.344,0.29123,0.31092,0.22469,0.24186,0.29679,0.39172,0.21621,1,0.21713,0.26166,0.19331,0.25969,0.25665,0.25501,0.21895,0.21456,0.32318,0.25004,0.27076,0.22609,0.10522,0.23719,0.22798,0.17237,0.33394,0.15586,0.22471,0.3458,0.24549,0.38388,0.27137,0.21163,0.1841,0.25865,0.13516,0.10093,0.28012,0.29384,0.25833,0.2575,0.2966,0.30249,0.20552,0.21164,0.26275,0.29311,0.28963,0.36949,0.17874,0.22371,0.25763,0.23608,0.23025,0.24884,0.20522,0.30759,0.13727,0.40936,0.21243,0.23701,0.15097,0.25114,0.24507,0.24676,0.21672,0.21334
0.38854,0.2948,0.27158,0.42161,0.13762,0.31785,0.25915,0.19317,0.29816,0.2052,0.69847,0.31514,0.14673,0.25046,0.35699,0.28548,0.11953,0.46961,0.12365,0.12781,0.42477,0.44532,0.55122,0.63234,0.41928,0.52492,0.41954,0.53088,0.40924,0.53222,0.20079,0.24067,0.19046,0.29265,0.29291,0.36246,0.30112,0.37508,0.27019,0.2983,0.10929,0.21713,1,0.67244,0.22042,0.39369,0.39372,0.39838,0.72912,0.66278,0.39811,0.27973,0.23917,0.42225,0.1398,0.30967,0.25802,0.16952,0.27082,0.21796,0.66342,0.26498,0.10855,0.22141,0.35383,0.23964,0.094655,0.44329,0.099781,0.10642,0.41271,0.45465,0.54337,0.62004,0.40007,0.52516,0.40496,0.52307,0.37257,0.50682,0.16206,0.20324,0.13244,0.23208,0.31332,0.33142,0.29243,0.4095,0.24184,0.27867,0.098559,0.19081,0.71332,0.60874,0.21917,0.39788,0.40411,0.40181,0.66692,0.61899
0.46309,0.38914,0.29881,0.54465,0.14326,0.40099,0.25156,0.14318,0.30945,0.20581,0.62851,0.45175,0.14225,0.34715,0.46488,0.35056,0.10269,0.61112,0.087044,0.12399,0.47401,0.55394,0.70163,0.70847,0.48076,0.59483,0.57826,0.6508,0.42827,0.62839,0.14349,0.23493,0.22266,0.42191,0.27954,0.39781,0.38731,0.48314,0.30809,0.29055,0.15317,0.26166,0.67244,1,0.25738,0.52452,0.49891,0.50646,0.6432,0.72908,0.47795,0.37333,0.29249,0.5434,0.14465,0.37999,0.25981,0.11953,0.2793,0.22849,0.61011,0.42517,0.093461,0.35628,0.46234,0.31059,0.086101,0.59105,0.060046,0.10121,0.45256,0.55639,0.68881,0.68091,0.45758,0.58994,0.56139,0.63225,0.42615,0.6165,0.11375,0.20946,0.17733,0.35297,0.32524,0.38626,0.37875,0.51625,0.29206,0.29544,0.14326,0.23239,0.61512,0.7274,0.25246,0.51858,0.51174,0.51259,0.60313,0.63116
0.27048,0.1819,0.27181,0.2411,0.19772,0.41717,0.24253,0.1977,0.30591,0.34942,0.24673,0.24471,0.18615,0.22309,0.23303,0.19135,0.11046,0.30117,0.11122,0.16545,0.22236,0.25117,0.27833,0.26145,0.31417,0.28419,0.33172,0.32444,0.26839,0.2104,0.18973,0.19345,0.15766,0.2438,0.29822,0.30722,0.21409,0.26458,0.35205,0.29226,0.12531,0.19331,0.22042,0.25738,1,0.37827,0.28849,0.27368,0.21956,0.23966,0.25617,0.18144,0.24329,0.24009,0.14204,0.32998,0.24505,0.18618,0.2761,0.27895,0.23612,0.20504,0.14937,0.19742,0.22966,0.15966,0.087074,0.25435,0.10597,0.12249,0.20829,0.23865,0.24838,0.25222,0.29199,0.27182,0.30781,0.2968,0.23499,0.2019,0.16958,0.16342,0.096127,0.17979,0.31129,0.2817,0.20777,0.27562,0.2957,0.28415,0.10826,0.16311,0.21624,0.24946,0.3293,0.35676,0.27815,0.26967,0.21651,0.23743
0.45608,0.30427,0.30832,0.62036,0.16326,0.51024,0.31242,0.17374,0.37415,0.28466,0.44753,0.36429,0.18155,0.30651,0.56098,0.31016,0.12442,0.47656,0.12162,0.15303,0.39375,0.42095,0.46851,0.47511,0.4558,0.51499,0.70918,0.58953,0.32297,0.39785,0.18552,0.24108,0.24303,0.35345,0.36287,0.42127,0.60851,0.7312,0.44047,0.37362,0.14985,0.25969,0.39369,0.52452,0.37827,1,0.59985,0.69052,0.43291,0.45912,0.46229,0.30987,0.34599,0.6164,0.15891,0.48076,0.32797,0.16385,0.3713,0.30841,0.43947,0.38056,0.16993,0.33904,0.55618,0.28867,0.11135,0.48444,0.11716,0.12569,0.37175,0.43678,0.49123,0.47429,0.43259,0.50377,0.70426,0.60183,0.36327,0.4208,0.1915,0.24726,0.22424,0.34526,0.41599,0.42558,0.58693,0.73425,0.4333,0.40015,0.16316,0.25153,0.39484,0.5316,0.35772,0.79606,0.60119,0.67554,0.42932,0.46137
0.37439,0.34811,0.28889,0.77499,0.13904,0.34746,0.42248,0.17707,0.3079,0.33272,0.45318,0.34154,0.12123,0.2666,0.74855,0.35052,0.16838,0.45766,0.10545,0.12088,0.43664,0.44359,0.44226,0.47835,0.40484,0.48601,0.65774,0.51117,0.33963,0.41703,0.15406,0.26893,0.24102,0.37283,0.50412,0.49589,0.45971,0.4843,0.40881,0.33552,0.14736,0.25665,0.39372,0.49891,0.28849,0.59985,1,0.73888,0.4502,0.44378,0.40915,0.34346,0.31956,0.76307,0.14002,0.34651,0.41675,0.16782,0.31609,0.32541,0.44523,0.34644,0.11478,0.29676,0.73735,0.32868,0.15131,0.4557,0.099956,0.10059,0.421,0.45566,0.45514,0.47992,0.39127,0.47998,0.63931,0.51397,0.37491,0.43778,0.16363,0.2755,0.21737,0.35113,0.54436,0.48695,0.44196,0.51616,0.39601,0.37864,0.14678,0.24803,0.39307,0.49532,0.2697,0.57572,0.76403,0.72471,0.45034,0.4389
0.39153,0.34119,0.29951,0.79755,0.13651,0.38288,0.37234,0.16085,0.31512,0.26833,0.45217,0.35418,0.1498,0.29047,0.79471,0.35812,0.14819,0.47145,0.10384,0.11739,0.43278,0.43945,0.44762,0.47807,0.40238,0.49119,0.71431,0.53865,0.32858,0.41631,0.15641,0.25882,0.27043,0.39035,0.43657,0.47198,0.61609,0.60478,0.42638,0.32977,0.16635,0.25501,0.39838,0.50646,0.27368,0.69052,0.73888,1,0.45952,0.45884,0.41544,0.3372,0.32718,0.79131,0.136,0.3769,0.38632,0.14875,0.31387,0.28653,0.44385,0.36223,0.14,0.31769,0.78165,0.33692,0.13495,0.47305,0.098784,0.095043,0.41822,0.45521,0.46238,0.48137,0.38759,0.48587,0.70249,0.54715,0.36396,0.43503,0.16416,0.26244,0.24994,0.37166,0.48556,0.47336,0.57508,0.61953,0.41424,0.36264,0.16741,0.24839,0.39782,0.50363,0.26348,0.64401,0.72194,0.84938,0.4595,0.45414
0.401,0.32824,0.25188,0.50109,0.13893,0.31458,0.29423,0.19268,0.30226,0.21286,0.70327,0.31424,0.13783,0.25344,0.42593,0.33414,0.13465,0.48325,0.12314,0.13071,0.47983,0.4938,0.53612,0.65622,0.44654,0.55803,0.46756,0.55191,0.34432,0.51615,0.18046,0.23914,0.19853,0.29877,0.32802,0.41483,0.36874,0.43392,0.2886,0.3039,0.12127,0.21895,0.72912,0.6432,0.21956,0.43291,0.4502,0.45952,1,0.67592,0.41729,0.31553,0.23371,0.50107,0.14021,0.31684,0.29813,0.16806,0.28211,0.22928,0.67608,0.28569,0.10542,0.24071,0.42518,0.29268,0.11277,0.47168,0.10243,0.10559,0.47092,0.50884,0.54529,0.64795,0.42704,0.56072,0.45987,0.55462,0.34579,0.51262,0.15211,0.21725,0.15851,0.25446,0.35722,0.39106,0.35991,0.46802,0.26812,0.29632,0.11598,0.19742,0.67626,0.60357,0.2165,0.43517,0.46254,0.4636,0.75754,0.6396
0.42752,0.28852,0.27199,0.48743,0.14769,0.36174,0.2815,0.20686,0.33496,0.21868,0.61306,0.30195,0.15161,0.24344,0.38886,0.28519,0.12263,0.50499,0.13218,0.14596,0.43603,0.45833,0.55168,0.72151,0.45928,0.56162,0.4741,0.60107,0.36843,0.4954,0.2051,0.23529,0.19483,0.28582,0.3182,0.36657,0.33309,0.42759,0.29109,0.32983,0.10822,0.21456,0.66278,0.72908,0.23966,0.45912,0.44378,0.45884,0.67592,1,0.43484,0.27492,0.24802,0.48893,0.15352,0.349,0.28308,0.18258,0.3093,0.23569,0.58856,0.25414,0.11861,0.21463,0.38786,0.24149,0.096293,0.47584,0.11495,0.12015,0.41224,0.45947,0.53841,0.69277,0.43077,0.55004,0.46079,0.58106,0.35159,0.46015,0.17158,0.20746,0.14103,0.23409,0.34575,0.34118,0.32373,0.4708,0.27039,0.31591,0.10113,0.19087,0.6106,0.63496,0.23815,0.46389,0.45783,0.46665,0.62049,0.75858
0.67198,0.28577,0.33589,0.42283,0.13598,0.36272,0.26491,0.16542,0.4678,0.20163,0.4369,0.46128,0.22786,0.43067,0.35824,0.29753,0.12114,0.49263,0.14694,0.17933,0.39644,0.40891,0.44932,0.49054,0.56544,0.63389,0.39504,0.39731,0.31951,0.44009,0.26797,0.29811,0.24403,0.32859,0.30308,0.40388,0.32249,0.41633,0.28774,0.45206,0.11685,0.32318,0.39811,0.47795,0.25617,0.46229,0.40915,0.41544,0.41729,0.43484,1,0.29146,0.3673,0.43049,0.14593,0.43328,0.27214,0.16295,0.56211,0.21748,0.42732,0.47432,0.22504,0.47879,0.35875,0.26404,0.11469,0.47716,0.13999,0.16897,0.3943,0.43966,0.48565,0.50609,0.60054,0.67884,0.39884,0.4228,0.3889,0.43915,0.31533,0.31782,0.23357,0.32215,0.35068,0.39408,0.32702,0.46925,0.29824,0.54198,0.13419,0.31599,0.40635,0.4757,0.25276,0.48397,0.42073,0.42453,0.42082,0.44714
0.23492,0.43837,0.19844,0.35127,0.10311,0.26885,0.25456,0.094245,0.18433,0.17095,0.33872,0.35397,0.070178,0.26502,0.36776,0.39258,0.20318,0.45453,0.029069,0.062677,0.3665,0.4592,0.41102,0.34836,0.3009,0.35045,0.37418,0.37971,0.29632,0.41538,0.077091,0.2795,0.24062,0.42864,0.25846,0.37573,0.28383,0.29875,0.26084,0.17381,0.18529,0.25004,0.27973,0.37333,0.18144,0.30987,0.34346,0.3372,0.31553,0.27492,0.29146,1,0.26689,0.35305,0.10288,0.28029,0.26846,0.094059,0.21591,0.17283,0.33384,0.41305,0.075428,0.36769,0.36749,0.40849,0.21665,0.47672,0.028423,0.05288,0.36334,0.46546,0.42164,0.34347,0.31411,0.36445,0.3678,0.37286,0.35815,0.47539,0.1262,0.3448,0.26439,0.42035,0.29439,0.3883,0.27794,0.30305,0.27784,0.24474,0.18344,0.26502,0.27397,0.3586,0.16674,0.30139,0.34017,0.3337,0.31509,0.26255
0.32347,0.22573,0.6252,0.2626,0.12098,0.42565,0.35951,0.13187,0.43895,0.25924,0.26415,0.38624,0.28291,0.30734,0.34257,0.32777,0.13829,0.46126,0.1159,0.093243,0.3141,0.26972,0.3342,0.28167,0.28466,0.34583,0.38579,0.3967,0.45264,0.30984,0.27287,0.32798,0.51314,0.47595,0.39379,0.5141,0.30286,0.32365,0.65109,0.47786,0.18545,0.27076,0.23917,0.29249,0.24329,0.34599,0.31956,0.32718,0.23371,0.24802,0.3673,0.26689,1,0.2691,0.14344,0.49982,0.40697,0.19951,0.60558,0.26565,0.24722,0.52382,0.49045,0.42726,0.33769,0.36515,0.17188,0.4713,0.23991,0.10209,0.3029,0.29032,0.34689,0.28126,0.30316,0.35009,0.39347,0.35689,0.61607,0.3418,0.54198,0.51442,0.63971,0.66755,0.46689,0.59048,0.27813,0.30221,0.78564,0.67887,0.28852,0.39639,0.24585,0.29578,0.23775,0.33171,0.30294,0.31379,0.23523,0.25652
0.38265,0.35981,0.2246,0.90469,0.12386,0.32765,0.37024,0.13417,0.26479,0.24616,0.48976,0.32921,0.080496,0.25317,0.78173,0.37348,0.13966,0.46628,0.080079,0.10628,0.43768,0.46287,0.45739,0.50226,0.40618,0.50091,0.72922,0.53984,0.29024,0.43682,0.095449,0.22138,0.22812,0.37665,0.45321,0.49047,0.54747,0.55431,0.36486,0.28583,0.14942,0.22609,0.42225,0.5434,0.24009,0.6164,0.76307,0.79131,0.50107,0.48893,0.43049,0.35305,0.2691,1,0.12887,0.34173,0.39761,0.12567,0.28012,0.27164,0.48924,0.35503,0.070526,0.30275,0.81049,0.35873,0.1317,0.48979,0.072347,0.088117,0.43072,0.48631,0.4899,0.51287,0.40154,0.51103,0.73829,0.56874,0.34757,0.47048,0.10417,0.23339,0.22526,0.36518,0.52906,0.50176,0.5368,0.60062,0.36911,0.33964,0.15392,0.21824,0.42766,0.55033,0.23791,0.60807,0.78233,0.80702,0.50624,0.48823
0.13433,0.098871,0.13568,0.12729,0.091442,0.16117,0.14638,0.12822,0.16365,0.136,0.14606,0.10285,0.098511,0.09607,0.11904,0.11053,0.087536,0.13378,0.072828,0.087621,0.13191,0.13317,0.13505,0.15835,0.16086,0.16355,0.13727,0.14316,0.13524,0.11848,0.12791,0.13307,0.092438,0.098058,0.16441,0.1482,0.11195,0.13688,0.1561,0.15948,0.058948,0.10522,0.1398,0.14465,0.14204,0.15891,0.14002,0.136,0.14021,0.15352,0.14593,0.10288,0.14344,0.12887,1,0.17787,0.15292,0.13445,0.18133,0.16675,0.14139,0.1047,0.11417,0.10041,0.1176,0.10141,0.084376,0.13039,0.086721,0.13322,0.13291,0.14654,0.14098,0.16115,0.1718,0.16721,0.13612,0.1443,0.13887,0.11626,0.14032,0.1363,0.090562,0.10372,0.17048,0.14309,0.11075,0.14513,0.15897,0.1709,0.078624,0.11551,0.14159,0.14534,0.1869,0.16496,0.13942,0.13567,0.14217,0.157
0.38528,0.26151,0.40473,0.33619,0.1633,0.58614,0.27375,0.15256,0.4333,0.2348,0.34447,0.35897,0.27473,0.32196,0.32407,0.30166,0.099197,0.51108,0.10805,0.15138,0.30369,0.34,0.4067,0.35786,0.36368,0.39655,0.51124,0.52781,0.37093,0.32657,0.22263,0.24248,0.32048,0.39648,0.27924,0.40739,0.36046,0.43788,0.50299,0.39536,0.19376,0.23719,0.30967,0.37999,0.32998,0.48076,0.34651,0.3769,0.31684,0.349,0.43328,0.28029,0.49982,0.34173,0.17787,1,0.29821,0.16925,0.52864,0.25591,0.33407,0.42607,0.33345,0.3991,0.32604,0.30242,0.10335,0.54134,0.14473,0.15725,0.2999,0.37173,0.43066,0.37207,0.39157,0.41859,0.53152,0.53137,0.43401,0.34613,0.3162,0.29413,0.36548,0.45132,0.33098,0.43817,0.36258,0.46812,0.56852,0.48198,0.24471,0.27799,0.31716,0.39207,0.38869,0.50294,0.35547,0.38016,0.32059,0.3663
0.24507,0.25968,0.35677,0.38925,0.13809,0.25091,0.60407,0.32179,0.38258,0.34629,0.30647,0.16079,0.12736,0.11862,0.41515,0.42275,0.32009,0.26901,0.20423,0.1318,0.34512,0.27452,0.2008,0.29726,0.31498,0.3341,0.34486,0.28217,0.32732,0.2377,0.31299,0.40836,0.3236,0.27979,0.67963,0.5893,0.3318,0.33024,0.50062,0.46238,0.12676,0.22798,0.25802,0.25981,0.24505,0.32797,0.41675,0.38632,0.29813,0.28308,0.27214,0.26846,0.40697,0.39761,0.15292,0.29821,1,0.35148,0.45034,0.34552,0.28887,0.1926,0.19617,0.15932,0.41996,0.44716,0.31181,0.26262,0.2523,0.12148,0.34033,0.28903,0.21983,0.29916,0.31603,0.33247,0.34834,0.28098,0.38063,0.24428,0.39775,0.4708,0.3345,0.32363,0.71232,0.59916,0.32822,0.32953,0.51221,0.52806,0.14586,0.26169,0.25814,0.25285,0.22526,0.32729,0.42891,0.38007,0.29804,0.27567
0.16027,0.085637,0.22476,0.12358,0.12119,0.13442,0.34701,0.41696,0.31465,0.25011,0.16693,0.031632,0.16352,0.050546,0.14531,0.13643,0.29467,0.028445,0.24124,0.16513,0.17517,0.093877,0.059642,0.17759,0.22962,0.19662,0.07142,0.067805,0.1963,0.082766,0.35361,0.33925,0.11059,0.0096909,0.4118,0.25493,0.13877,0.16031,0.23668,0.35729,0.049616,0.17237,0.16952,0.11953,0.18618,0.16385,0.16782,0.14875,0.16806,0.18258,0.16295,0.094059,0.19951,0.12567,0.13445,0.16925,0.35148,1,0.35159,0.23674,0.15214,0.0083274,0.21011,0.028792,0.14411,0.12278,0.3082,0.0086792,0.29364,0.15596,0.17344,0.10448,0.072069,0.18299,0.23464,0.19452,0.071366,0.082456,0.18423,0.055187,0.37412,0.35509,0.098499,0.021355,0.39289,0.22545,0.14012,0.16509,0.22303,0.35466,0.15118,0.18573,0.17064,0.12056,0.17754,0.17492,0.15458,0.14337,0.16741,0.18548
0.50192,0.18286,0.51487,0.27116,0.15707,0.39641,0.4279,0.30445,0.68395,0.28292,0.30049,0.3154,0.35906,0.32742,0.29165,0.30296,0.23174,0.36997,0.28606,0.24391,0.31264,0.24534,0.23584,0.32581,0.45049,0.42589,0.27482,0.28629,0.37953,0.25939,0.48731,0.44393,0.37318,0.25061,0.48458,0.50451,0.28977,0.35195,0.50017,0.68755,0.10682,0.33394,0.27082,0.2793,0.2761,0.3713,0.31609,0.31387,0.28211,0.3093,0.56211,0.21591,0.60558,0.28012,0.18133,0.52864,0.45034,0.35159,1,0.28478,0.28073,0.37494,0.515,0.38879,0.29158,0.30334,0.23709,0.35095,0.36411,0.23998,0.31245,0.27806,0.26932,0.34076,0.49514,0.44965,0.28771,0.29882,0.49351,0.25505,0.66414,0.56119,0.44662,0.36274,0.52178,0.50993,0.29088,0.36651,0.57086,0.80891,0.18326,0.39622,0.28094,0.28421,0.27297,0.38526,0.30941,0.31353,0.28374,0.31996
0.19494,0.16586,0.23282,0.26878,0.13218,0.23443,0.30781,0.2266,0.24607,0.33802,0.24624,0.13819,0.10434,0.10616,0.26508,0.18295,0.16735,0.19633,0.1128,0.12327,0.22844,0.2063,0.20126,0.24918,0.25928,0.26314,0.28926,0.24252,0.25405,0.18139,0.18816,0.21901,0.13541,0.16848,0.39489,0.33121,0.20138,0.23528,0.32734,0.28171,0.077672,0.15586,0.21796,0.22849,0.27895,0.30841,0.32541,0.28653,0.22928,0.23569,0.21748,0.17283,0.26565,0.27164,0.16675,0.25591,0.34552,0.23674,0.28478,1,0.23613,0.14841,0.13282,0.12285,0.2654,0.17153,0.15605,0.19443,0.13319,0.11403,0.22586,0.21874,0.21073,0.25457,0.2698,0.2663,0.28626,0.24852,0.26307,0.18074,0.21215,0.23346,0.1284,0.17874,0.42305,0.33411,0.19793,0.25027,0.33179,0.32288,0.089308,0.16628,0.22337,0.23221,0.34713,0.32222,0.34125,0.2874,0.23165,0.24095
0.39305,0.33947,0.24088,0.48304,0.13725,0.32325,0.2772,0.16888,0.28269,0.21568,0.72295,0.33903,0.12955,0.2682,0.39535,0.34843,0.12765,0.50907,0.099433,0.11792,0.44965,0.49634,0.54901,0.61421,0.44024,0.54376,0.47494,0.52959,0.36028,0.52043,0.15433,0.23196,0.19456,0.33485,0.3132,0.41469,0.33571,0.4119,0.28319,0.28304,0.1297,0.22471,0.66342,0.61011,0.23612,0.43947,0.44523,0.44385,0.67608,0.58856,0.42732,0.33384,0.24722,0.48924,0.14139,0.33407,0.28887,0.15214,0.28073,0.23613,1,0.33312,0.098151,0.28231,0.39973,0.33678,0.11197,0.5189,0.083544,0.1014,0.44979,0.52411,0.57062,0.62581,0.43991,0.56515,0.47492,0.56841,0.38524,0.56058,0.13756,0.21618,0.168,0.29819,0.35112,0.41667,0.33417,0.45627,0.27345,0.30099,0.12979,0.20593,0.69237,0.62386,0.23581,0.44769,0.46123,0.45227,0.6991,0.61291
0.36506,0.39281,0.31919,0.35088,0.095397,0.37287,0.15961,-0.023582,0.24733,0.12694,0.33666,0.59562,0.18458,0.48627,0.38038,0.37724,0.06352,0.62382,-0.0096057,0.053826,0.38336,0.50885,0.53204,0.3634,0.35657,0.42128,0.43981,0.45438,0.29977,0.48073,0.027843,0.20586,0.32151,0.53972,0.13994,0.35484,0.32535,0.3583,0.33997,0.19802,0.23509,0.3458,0.26498,0.42517,0.20504,0.38056,0.34644,0.36223,0.28569,0.25414,0.47432,0.41305,0.52382,0.35503,0.1047,0.42607,0.1926,0.0083274,0.37494,0.14841,0.33312,1,0.2981,0.72834,0.37762,0.39793,0.10074,0.6807,0.033782,0.058492,0.37729,0.54767,0.58085,0.36745,0.396,0.45771,0.44394,0.44102,0.47207,0.5734,0.21644,0.34892,0.44735,0.64187,0.22592,0.42518,0.31083,0.35127,0.43229,0.38476,0.29983,0.43404,0.26681,0.42193,0.1978,0.36469,0.35008,0.3569,0.28692,0.25149
0.24629,0.038662,0.42753,0.068275,0.095934,0.29062,0.18792,0.16525,0.43744,0.13695,0.11266,0.24833,0.4861,0.3151,0.13382,0.1312,0.072651,0.20756,0.16979,0.13262,0.16287,0.093352,0.11758,0.134,0.18424,0.19022,0.089996,0.1132,0.2083,0.1119,0.36074,0.25607,0.32336,0.13253,0.17121,0.17107,0.16541,0.17413,0.36928,0.40569,0.12733,0.24549,0.10855,0.093461,0.14937,0.16993,0.11478,0.14,0.10542,0.11861,0.22504,0.075428,0.49045,0.070526,0.11417,0.33345,0.19617,0.21011,0.515,0.13282,0.098151,0.2981,1,0.33765,0.1308,0.13395,0.089824,0.16665,0.27586,0.13475,0.16346,0.11232,0.12118,0.14182,0.19631,0.18809,0.093931,0.097668,0.26148,0.10164,0.53122,0.35149,0.41698,0.25513,0.18558,0.18605,0.15752,0.15731,0.41912,0.45885,0.23567,0.35835,0.11777,0.099311,0.14502,0.16548,0.10697,0.12981,0.10889,0.13342
0.37904,0.35129,0.28396,0.29932,0.095131,0.3535,0.14068,0.0078785,0.28754,0.11119,0.28906,0.56208,0.24115,0.55298,0.33385,0.341,0.084671,0.56137,0.028591,0.079819,0.33599,0.44734,0.43603,0.29998,0.34409,0.38055,0.37206,0.38088,0.26236,0.40968,0.10948,0.24985,0.27581,0.4691,0.11637,0.30018,0.30703,0.32894,0.2651,0.22285,0.22362,0.38388,0.22141,0.35628,0.19742,0.33904,0.29676,0.31769,0.24071,0.21463,0.47879,0.36769,0.42726,0.30275,0.10041,0.3991,0.15932,0.028792,0.38879,0.12285,0.28231,0.72834,0.33765,1,0.33158,0.34484,0.10808,0.58407,0.05306,0.081357,0.32963,0.47516,0.4703,0.30298,0.3873,0.408,0.37226,0.37192,0.39403,0.47989,0.25853,0.34394,0.37873,0.52009,0.18249,0.34154,0.29905,0.32111,0.31973,0.36289,0.27631,0.45626,0.22432,0.35375,0.18644,0.32484,0.29991,0.3121,0.24295,0.21476
0.32235,0.37346,0.301,0.79283,0.11926,0.32651,0.40199,0.15237,0.27868,0.25833,0.40923,0.35951,0.13227,0.28885,0.89757,0.38949,0.18388,0.45337,0.091083,0.095531,0.45697,0.44395,0.42312,0.4355,0.3485,0.43669,0.63844,0.47881,0.32223,0.42249,0.14536,0.2937,0.28181,0.40753,0.46683,0.48821,0.58588,0.52279,0.41439,0.29632,0.17577,0.27137,0.35383,0.46234,0.22966,0.55618,0.73735,0.78165,0.42518,0.38786,0.35875,0.36749,0.33769,0.81049,0.1176,0.32604,0.41996,0.14411,0.29158,0.2654,0.39973,0.37762,0.1308,0.33158,1,0.37364,0.17123,0.45921,0.091147,0.075585,0.44924,0.45919,0.4399,0.43982,0.33987,0.43635,0.64079,0.48481,0.36438,0.44437,0.16703,0.30733,0.26861,0.39556,0.52221,0.49242,0.57521,0.54106,0.40876,0.34483,0.1768,0.27043,0.35283,0.45291,0.2153,0.53708,0.73887,0.78943,0.43119,0.3791
0.20285,0.38709,0.24114,0.35135,0.09231,0.26386,0.40193,0.090495,0.23085,0.17763,0.32504,0.28209,0.070365,0.20172,0.37093,0.5629,0.23756,0.45762,0.040863,0.042171,0.37602,0.42003,0.32746,0.30108,0.27764,0.32961,0.38144,0.36547,0.28301,0.33395,0.089746,0.29484,0.3609,0.45897,0.39404,0.51397,0.32865,0.31743,0.38823,0.24365,0.21913,0.21163,0.23964,0.31059,0.15966,0.28867,0.32868,0.33692,0.29268,0.24149,0.26404,0.40849,0.36515,0.35873,0.10141,0.30242,0.44716,0.12278,0.30334,0.17153,0.33678,0.39793,0.13395,0.34484,0.37364,1,0.25752,0.48979,0.084959,0.042284,0.37193,0.43214,0.34828,0.29234,0.28954,0.34673,0.38348,0.34809,0.39128,0.41405,0.21847,0.40864,0.44115,0.51757,0.43717,0.56166,0.32031,0.30314,0.43756,0.36117,0.23912,0.27031,0.23402,0.30059,0.14113,0.27356,0.32164,0.33113,0.29025,0.22223
0.077102,0.20172,0.12094,0.13031,0.073948,0.055623,0.30099,0.2438,0.16665,0.16955,0.12663,0.052248,0.024645,0.033811,0.17154,0.24267,0.37796,0.081377,0.11444,0.078379,0.19861,0.16448,0.045752,0.10904,0.1638,0.15576,0.082324,0.052877,0.16065,0.1069,0.19968,0.34891,0.15848,0.13519,0.33566,0.26677,0.14326,0.13475,0.1564,0.20932,0.091242,0.1841,0.094655,0.086101,0.087074,0.11135,0.15131,0.13495,0.11277,0.096293,0.11469,0.21665,0.17188,0.1317,0.084376,0.10335,0.31181,0.3082,0.23709,0.15605,0.11197,0.10074,0.089824,0.10808,0.17123,0.25752,1,0.095652,0.1523,0.078251,0.19719,0.17068,0.069373,0.10873,0.17749,0.15969,0.083364,0.06195,0.20646,0.12119,0.26996,0.43594,0.20619,0.18023,0.32747,0.26696,0.14284,0.12485,0.18394,0.26751,0.099155,0.22778,0.093294,0.081656,0.079263,0.11077,0.13661,0.12861,0.11049,0.088632
0.37874,0.46564,0.2875,0.4824,0.12296,0.49174,0.22891,-0.0062749,0.27355,0.16983,0.51366,0.52028,0.11719,0.38663,0.45635,0.46939,0.068564,0.82864,-0.0098742,0.06013,0.47647,0.63583,0.68693,0.56327,0.42234,0.52425,0.62833,0.72359,0.4091,0.55507,-0.01086,0.17093,0.32477,0.61403,0.21508,0.48219,0.38583,0.45426,0.40184,0.23068,0.25048,0.25865,0.44329,0.59105,0.25435,0.48444,0.4557,0.47305,0.47168,0.47584,0.47716,0.47672,0.4713,0.48979,0.13039,0.54134,0.26262,0.0086792,0.35095,0.19443,0.5189,0.6807,0.16665,0.58407,0.45921,0.48979,0.095652,1,0.0085598,0.057081,0.47561,0.67594,0.73431,0.58142,0.45041,0.5803,0.64763,0.74265,0.55825,0.65669,0.11148,0.27668,0.42967,0.67315,0.30267,0.54722,0.37652,0.4778,0.50143,0.38807,0.29054,0.31043,0.44661,0.60301,0.25828,0.47863,0.46885,0.47546,0.47693,0.48409
0.15328,0.010719,0.23364,0.071342,0.072899,0.10551,0.2492,0.24922,0.3141,0.14046,0.094233,0.03848,0.17352,0.066522,0.091863,0.08709,0.15314,0.034218,0.28007,0.12993,0.10661,0.025294,0.018018,0.11221,0.15446,0.13151,0.038573,0.046412,0.13864,0.040971,0.31487,0.25266,0.15877,-0.0036576,0.29447,0.20937,0.10658,0.12576,0.21479,0.34871,0.017199,0.13516,0.099781,0.060046,0.10597,0.11716,0.099956,0.098784,0.10243,0.11495,0.13999,0.028423,0.23991,0.072347,0.086721,0.14473,0.2523,0.29364,0.36411,0.13319,0.083544,0.033782,0.27586,0.05306,0.091147,0.084959,0.1523,0.0085598,1,0.12503,0.10858,0.040584,0.029804,0.11814,0.15351,0.12564,0.043833,0.053623,0.1765,0.022935,0.39705,0.31804,0.21042,0.053271,0.29052,0.1952,0.10658,0.12201,0.22621,0.36271,0.06281,0.17382,0.10707,0.063835,0.1024,0.12311,0.093029,0.095849,0.10057,0.12058
0.16144,0.047312,0.11393,0.087923,0.075789,0.11513,0.12077,0.14725,0.20929,0.11243,0.10878,0.07286,0.11018,0.090707,0.077101,0.057238,0.083274,0.071518,0.11465,0.13825,0.09078,0.079733,0.076428,0.12418,0.18,0.1394,0.068653,0.072222,0.10277,0.080972,0.17887,0.13924,0.039999,0.013163,0.14414,0.11012,0.075772,0.10338,0.092209,0.20087,0.0069325,0.10093,0.10642,0.10121,0.12249,0.12569,0.10059,0.095043,0.10559,0.12015,0.16897,0.05288,0.10209,0.088117,0.13322,0.15725,0.12148,0.15596,0.23998,0.11403,0.1014,0.058492,0.13475,0.081357,0.075585,0.042284,0.078251,0.057081,0.12503,1,0.093047,0.10085,0.086446,0.13031,0.21139,0.14265,0.069531,0.08451,0.1106,0.066553,0.1929,0.14075,0.040898,0.016573,0.14758,0.094453,0.077694,0.11417,0.090973,0.20014,0.035105,0.11038,0.10925,0.10401,0.14132,0.13264,0.099457,0.09596,0.10611,0.12572
0.34596,0.36576,0.28862,0.42572,0.12886,0.28504,0.33505,0.18121,0.29712,0.22227,0.45887,0.35849,0.16183,0.29502,0.44605,0.39516,0.20827,0.47443,0.10982,0.10899,0.60964,0.5088,0.46249,0.51191,0.45951,0.57818,0.38346,0.39061,0.31572,0.44033,0.18564,0.31603,0.27109,0.35256,0.35602,0.41282,0.34106,0.36764,0.31772,0.29437,0.16495,0.28012,0.41271,0.45256,0.20829,0.37175,0.421,0.41822,0.47092,0.41224,0.3943,0.36334,0.3029,0.43072,0.13291,0.2999,0.34033,0.17344,0.31245,0.22586,0.44979,0.37729,0.16346,0.32963,0.44924,0.37193,0.19719,0.47561,0.10858,0.093047,1,0.55473,0.49171,0.52398,0.48268,0.63341,0.38295,0.40035,0.34149,0.45793,0.20188,0.33322,0.26386,0.346,0.38407,0.40343,0.33836,0.38672,0.31442,0.32653,0.17091,0.28781,0.41375,0.44569,0.19803,0.3733,0.42194,0.41577,0.47543,0.41511
0.36604,0.47199,0.21871,0.48199,0.13742,0.34669,0.27297,0.10732,0.24705,0.19919,0.52233,0.45944,0.11042,0.35758,0.45817,0.4424,0.16633,0.62754,0.044772,0.10122,0.52333,0.66541,0.62572,0.60163,0.47343,0.54851,0.48658,0.52369,0.31987,0.54723,0.068613,0.25497,0.24257,0.46498,0.28063,0.41798,0.36741,0.41262,0.28522,0.21291,0.21629,0.29384,0.45465,0.55639,0.23865,0.43678,0.45566,0.45521,0.50884,0.45947,0.43966,0.46546,0.29032,0.48631,0.14654,0.37173,0.28903,0.10448,0.27806,0.21874,0.52411,0.54767,0.11232,0.47516,0.45919,0.43214,0.17068,0.67594,0.040584,0.10085,0.55473,1,0.66969,0.61722,0.51629,0.58998,0.48754,0.54066,0.39542,0.60825,0.10508,0.29569,0.28567,0.4602,0.33338,0.43284,0.36174,0.43862,0.30643,0.2852,0.23024,0.33174,0.45784,0.55102,0.23582,0.43625,0.46661,0.45711,0.51647,0.4612
0.41297,0.41987,0.26272,0.48555,0.13453,0.40832,0.20285,0.079941,0.24966,0.1779,0.56318,0.50252,0.12989,0.37307,0.44003,0.36397,0.067512,0.6684,0.038594,0.095368,0.4916,0.62385,0.8165,0.75918,0.46104,0.58015,0.54485,0.6097,0.37436,0.62001,0.065417,0.18797,0.21664,0.45776,0.21155,0.35417,0.36216,0.4499,0.29807,0.21021,0.1816,0.25833,0.54337,0.68881,0.24838,0.49123,0.45514,0.46238,0.54529,0.53841,0.48565,0.42164,0.34689,0.4899,0.14098,0.43066,0.21983,0.072069,0.26932,0.21073,0.57062,0.58085,0.12118,0.4703,0.4399,0.34828,0.069373,0.73431,0.029804,0.086446,0.49171,0.66969,1,0.78805,0.47744,0.62825,0.5597,0.64224,0.45065,0.67697,0.086593,0.20642,0.2396,0.45939,0.27157,0.37778,0.36015,0.48989,0.33391,0.27033,0.20243,0.26899,0.54974,0.69391,0.25975,0.49752,0.47391,0.46991,0.55463,0.55298
0.46413,0.34925,0.29239,0.50761,0.15391,0.35727,0.29696,0.20444,0.34773,0.23094,0.62349,0.39185,0.17064,0.31013,0.43838,0.3347,0.13075,0.56047,0.1358,0.14961,0.5189,0.57405,0.7301,0.88742,0.51153,0.63537,0.46611,0.54249,0.3729,0.55446,0.20877,0.26865,0.21421,0.32888,0.33736,0.38735,0.34472,0.43561,0.29985,0.33892,0.12944,0.2575,0.62004,0.68091,0.25222,0.47429,0.47992,0.48137,0.64795,0.69277,0.50609,0.34347,0.28126,0.51287,0.16115,0.37207,0.29916,0.18299,0.34076,0.25457,0.62581,0.36745,0.14182,0.30298,0.43982,0.29234,0.10873,0.58142,0.11814,0.13031,0.52398,0.61722,0.78805,1,0.51328,0.66899,0.46993,0.58479,0.38985,0.55969,0.17958,0.2415,0.1764,0.29397,0.37117,0.36988,0.34143,0.49065,0.28872,0.34411,0.13276,0.2392,0.63115,0.69188,0.2568,0.49061,0.4968,0.4911,0.6585,0.72891
0.52386,0.30989,0.2868,0.39476,0.15873,0.33754,0.30389,0.23276,0.41942,0.25139,0.44806,0.38182,0.19321,0.34796,0.33823,0.31715,0.18205,0.45505,0.15523,0.20813,0.45995,0.46282,0.43848,0.49696,0.61825,0.6255,0.3731,0.38393,0.30769,0.41393,0.26124,0.30652,0.20125,0.28755,0.34737,0.39543,0.30984,0.38679,0.27923,0.39545,0.12467,0.2966,0.40007,0.45758,0.29199,0.43259,0.39127,0.38759,0.42704,0.43077,0.60054,0.31411,0.30316,0.40154,0.1718,0.39157,0.31603,0.23464,0.49514,0.2698,0.43991,0.396,0.19631,0.3873,0.33987,0.28954,0.17749,0.45041,0.15351,0.21139,0.48268,0.51629,0.47744,0.51328,1,0.67314,0.37538,0.41259,0.35102,0.42069,0.2843,0.32364,0.20462,0.282,0.38571,0.38183,0.31409,0.42652,0.28076,0.44176,0.14691,0.30131,0.40969,0.46166,0.28989,0.44981,0.40215,0.3938,0.43383,0.44283
0.57165,0.36148,0.32662,0.50312,0.15553,0.37617,0.3231,0.2031,0.39697,0.24341,0.5691,0.43916,0.19792,0.36885,0.43339,0.37511,0.16775,0.56979,0.13015,0.15635,0.60768,0.55183,0.5806,0.64825,0.64364,0.80031,0.47142,0.48939,0.35924,0.51299,0.22617,0.30743,0.27028,0.36877,0.35523,0.43573,0.37205,0.4645,0.32848,0.38385,0.15522,0.30249,0.52516,0.58994,0.27182,0.50377,0.47998,0.48587,0.56072,0.55004,0.67884,0.36445,0.35009,0.51103,0.16721,0.41859,0.33247,0.19452,0.44965,0.2663,0.56515,0.45771,0.18809,0.408,0.43635,0.34673,0.15969,0.5803,0.12564,0.14265,0.63341,0.58998,0.62825,0.66899,0.67314,1,0.47784,0.52174,0.40069,0.52942,0.23959,0.31976,0.26822,0.36993,0.39867,0.43085,0.37385,0.51914,0.33822,0.43534,0.17379,0.30838,0.53366,0.59456,0.2745,0.52236,0.49599,0.49354,0.56564,0.56689
0.35551,0.3621,0.27446,0.72425,0.13349,0.51612,0.3065,0.072136,0.25756,0.24611,0.47392,0.36565,0.089725,0.27709,0.62213,0.38001,0.082264,0.57656,0.037191,0.0878,0.39196,0.45646,0.51655,0.45712,0.37466,0.45811,0.91581,0.76288,0.36226,0.4297,0.033311,0.15691,0.26667,0.46925,0.35237,0.52526,0.60365,0.65649,0.51348,0.25828,0.18977,0.20552,0.40496,0.56139,0.30781,0.70426,0.63931,0.70249,0.45987,0.46079,0.39884,0.3678,0.39347,0.73829,0.13612,0.53152,0.34834,0.071366,0.28771,0.28626,0.47492,0.44394,0.093931,0.37226,0.64079,0.38348,0.083364,0.64763,0.043833,0.069531,0.38295,0.48754,0.5597,0.46993,0.37538,0.47784,1,0.7976,0.44304,0.4854,0.072193,0.19147,0.29914,0.49881,0.44326,0.58517,0.61555,0.69958,0.57472,0.34292,0.21364,0.21883,0.41298,0.58545,0.32184,0.70211,0.66519,0.72451,0.46549,0.47322
0.38117,0.37004,0.27151,0.56152,0.1407,0.51352,0.25249,0.096317,0.28397,0.21366,0.5561,0.38578,0.106,0.29262,0.4765,0.36011,0.066489,0.6555,0.059624,0.10401,0.40425,0.50216,0.6013,0.56128,0.40682,0.49187,0.76433,0.84453,0.4099,0.49976,0.070121,0.16071,0.22804,0.45346,0.27768,0.47709,0.46507,0.56692,0.42228,0.26759,0.17015,0.21164,0.52307,0.63225,0.2968,0.60183,0.51397,0.54715,0.55462,0.58106,0.4228,0.37286,0.35689,0.56874,0.1443,0.53137,0.28098,0.082456,0.29882,0.24852,0.56841,0.44102,0.097668,0.37192,0.48481,0.34809,0.06195,0.74265,0.053623,0.08451,0.40035,0.54066,0.64224,0.58479,0.41259,0.52174,0.7976,1,0.47858,0.55411,0.08186,0.17095,0.24211,0.45058,0.34793,0.51025,0.47392,0.61826,0.47051,0.32412,0.18789,0.2132,0.54271,0.6689,0.3127,0.60968,0.5421,0.56084,0.57338,0.61897
0.31267,0.34021,0.43374,0.34311,0.12039,0.36005,0.33946,0.14407,0.3652,0.2538,0.39206,0.36681,0.1502,0.25258,0.36686,0.37026,0.19045,0.52481,0.11703,0.10369,0.35211,0.37495,0.42901,0.38766,0.32774,0.38393,0.4433,0.48157,0.58252,0.43222,0.25436,0.37289,0.38543,0.50759,0.38633,0.54455,0.28192,0.32685,0.45262,0.41909,0.14633,0.26275,0.37257,0.42615,0.23499,0.36327,0.37491,0.36396,0.34579,0.35159,0.3889,0.35815,0.61607,0.34757,0.13887,0.43401,0.38063,0.18423,0.49351,0.26307,0.38524,0.47207,0.26148,0.39403,0.36438,0.39128,0.20646,0.55825,0.1765,0.1106,0.34149,0.39542,0.45065,0.38985,0.35102,0.40069,0.44304,0.47858,1,0.48206,0.44904,0.50926,0.46694,0.60306,0.45234,0.59553,0.26793,0.33267,0.54603,0.58569,0.19261,0.32206,0.38536,0.42499,0.23235,0.35698,0.36697,0.35818,0.34621,0.35415
0.37332,0.46835,0.25824,0.4678,0.11116,0.32897,0.2273,0.060835,0.22979,0.16078,0.54559,0.50854,0.10433,0.37874,0.44579,0.41321,0.11614,0.61719,0.029407,0.076351,0.46396,0.58655,0.65109,0.55937,0.41416,0.50609,0.48601,0.54163,0.38695,0.66265,0.061402,0.24817,0.25662,0.49659,0.22887,0.39978,0.34581,0.39747,0.27617,0.19771,0.18377,0.29311,0.50682,0.6165,0.2019,0.4208,0.43778,0.43503,0.51262,0.46015,0.43915,0.47539,0.3418,0.47048,0.11626,0.34613,0.24428,0.055187,0.25505,0.18074,0.56058,0.5734,0.10164,0.47989,0.44437,0.41405,0.12119,0.65669,0.022935,0.066553,0.45793,0.60825,0.67697,0.55969,0.42069,0.52942,0.4854,0.55411,0.48206,1,0.10982,0.29988,0.27928,0.49044,0.28675,0.42083,0.33734,0.41708,0.30354,0.27269,0.19979,0.30492,0.50818,0.60972,0.19595,0.41296,0.44516,0.43514,0.51458,0.46047
0.29854,0.089782,0.47731,0.10023,0.11794,0.22899,0.38402,0.32244,0.53899,0.22738,0.15967,0.18295,0.35855,0.22515,0.17081,0.21294,0.26788,0.15287,0.29648,0.19542,0.20677,0.088772,0.068461,0.1742,0.27138,0.24717,0.066867,0.07748,0.35979,0.12859,0.59491,0.50308,0.35211,0.15755,0.42591,0.36484,0.18646,0.20811,0.37981,0.59005,0.064628,0.28963,0.16206,0.11375,0.16958,0.1915,0.16363,0.16416,0.15211,0.17158,0.31533,0.1262,0.54198,0.10417,0.14032,0.3162,0.39775,0.37412,0.66414,0.21215,0.13756,0.21644,0.53122,0.25853,0.16703,0.21847,0.26996,0.11148,0.39705,0.1929,0.20188,0.10508,0.086593,0.17958,0.2843,0.23959,0.072193,0.08186,0.44904,0.10982,1,0.62351,0.42284,0.28424,0.42956,0.35856,0.18366,0.19496,0.43154,0.66839,0.13582,0.35722,0.16935,0.11373,0.15987,0.19517,0.14411,0.15407,0.14937,0.17859
0.26304,0.30363,0.40192,0.23071,0.11703,0.20886,0.45307,0.30587,0.42766,0.25166,0.23991,0.26448,0.20197,0.22627,0.31082,0.38607,0.41689,0.27769,0.23389,0.14277,0.33914,0.28148,0.17973,0.24374,0.30929,0.32093,0.19076,0.17418,0.38887,0.27383,0.43169,0.61043,0.41184,0.34232,0.4956,0.48593,0.26453,0.26965,0.37857,0.48528,0.14503,0.36949,0.20324,0.20946,0.16342,0.24726,0.2755,0.26244,0.21725,0.20746,0.31782,0.3448,0.51442,0.23339,0.1363,0.29413,0.4708,0.35509,0.56119,0.23346,0.21618,0.34892,0.35149,0.34394,0.30733,0.40864,0.43594,0.27668,0.31804,0.14075,0.33322,0.29569,0.20642,0.2415,0.32364,0.31976,0.19147,0.17095,0.50926,0.29988,0.62351,1,0.50595,0.45985,0.50848,0.49637,0.2589,0.25365,0.44413,0.6074,0.1981,0.45404,0.19898,0.19548,0.14697,0.2405,0.25116,0.25003,0.21106,0.19524
0.18174,0.2301,0.39528,0.21904,0.062295,0.27241,0.28849,0.014297,0.2753,0.12188,0.17897,0.25685,0.16892,0.19138,0.27,0.37113,0.14364,0.38275,0.050485,0.013316,0.26491,0.25262,0.21402,0.17683,0.17737,0.24956,0.28316,0.27289,0.27953,0.21606,0.12445,0.25677,0.57934,0.47311,0.27278,0.42791,0.28629,0.27101,0.47927,0.29561,0.21523,0.17874,0.13244,0.17733,0.096127,0.22424,0.21737,0.24994,0.15851,0.14103,0.23357,0.26439,0.63971,0.22526,0.090562,0.36548,0.3345,0.098499,0.44662,0.1284,0.168,0.44735,0.41698,0.37873,0.26861,0.44115,0.20619,0.42967,0.21042,0.040898,0.26386,0.28567,0.2396,0.1764,0.20462,0.26822,0.29914,0.24211,0.46694,0.27928,0.42284,0.50595,1,0.71982,0.33481,0.52405,0.26729,0.23889,0.6294,0.5059,0.33596,0.34866,0.13694,0.18031,0.096376,0.20522,0.20793,0.23676,0.15848,0.13958
0.23067,0.39642,0.38785,0.3588,0.083657,0.37887,0.2688,-0.043005,0.20192,0.16435,0.30137,0.42553,0.090545,0.2844,0.39661,0.45439,0.12448,0.59921,-0.044264,-0.005251,0.35268,0.43231,0.43134,0.29526,0.24855,0.34106,0.48968,0.48822,0.39868,0.39742,0.01337,0.24007,0.52164,0.70755,0.25991,0.51511,0.34831,0.34543,0.50713,0.21194,0.26556,0.22371,0.23208,0.35297,0.17979,0.34526,0.35113,0.37166,0.25446,0.23409,0.32215,0.42035,0.66755,0.36518,0.10372,0.45132,0.32363,0.021355,0.36274,0.17874,0.29819,0.64187,0.25513,0.52009,0.39556,0.51757,0.18023,0.67315,0.053271,0.016573,0.346,0.4602,0.45939,0.29397,0.282,0.36993,0.49881,0.45058,0.60306,0.49044,0.28424,0.45985,0.71982,1,0.34853,0.62071,0.32729,0.32649,0.65317,0.45257,0.34903,0.3547,0.23254,0.35082,0.17723,0.32328,0.34495,0.36128,0.25567,0.22748
0.30615,0.28476,0.39343,0.51118,0.15667,0.2739,0.65489,0.3593,0.43024,0.42566,0.37134,0.18508,0.10091,0.12596,0.51254,0.43311,0.33766,0.30811,0.2416,0.15827,0.39016,0.31678,0.24729,0.36735,0.38181,0.39921,0.44423,0.3472,0.38109,0.27534,0.33124,0.43278,0.32147,0.30325,0.83137,0.70657,0.3567,0.37483,0.57703,0.54264,0.11668,0.25763,0.31332,0.32524,0.31129,0.41599,0.54436,0.48556,0.35722,0.34575,0.35068,0.29439,0.46689,0.52906,0.17048,0.33098,0.71232,0.39289,0.52178,0.42305,0.35112,0.22592,0.18558,0.18249,0.52221,0.43717,0.32747,0.30267,0.29052,0.14758,0.38407,0.33338,0.27157,0.37117,0.38571,0.39867,0.44326,0.34793,0.45234,0.28675,0.42956,0.50848,0.33481,0.34853,1,0.71363,0.34888,0.38596,0.5919,0.63967,0.13593,0.29535,0.31461,0.32095,0.28928,0.41966,0.53552,0.48371,0.3576,0.3408
0.31483,0.37553,0.40361,0.49156,0.13049,0.36538,0.52906,0.17475,0.37093,0.32603,0.4229,0.30084,0.071414,0.19389,0.48638,0.52251,0.24654,0.52139,0.12546,0.096464,0.41268,0.41515,0.35899,0.37295,0.36443,0.41552,0.57743,0.5238,0.44268,0.36192,0.17313,0.34705,0.43275,0.52631,0.62424,0.80615,0.40676,0.41676,0.62195,0.46635,0.19032,0.23608,0.33142,0.38626,0.2817,0.42558,0.48695,0.47336,0.39106,0.34118,0.39408,0.3883,0.59048,0.50176,0.14309,0.43817,0.59916,0.22545,0.50993,0.33411,0.41667,0.42518,0.18605,0.34154,0.49242,0.56166,0.26696,0.54722,0.1952,0.094453,0.40343,0.43284,0.37778,0.36988,0.38183,0.43085,0.58517,0.51025,0.59553,0.42083,0.35856,0.49637,0.52405,0.62071,0.71363,1,0.39341,0.41687,0.70677,0.65661,0.22659,0.30736,0.33031,0.37646,0.26431,0.41833,0.48179,0.46991,0.39054,0.32935
0.32062,0.28087,0.26546,0.52642,0.11183,0.36057,0.32453,0.15688,0.29284,0.18678,0.34145,0.29319,0.17975,0.27376,0.55516,0.33491,0.16007,0.35406,0.10918,0.10627,0.34284,0.33911,0.31919,0.3281,0.32212,0.37247,0.57615,0.43707,0.2442,0.32427,0.19096,0.26937,0.28013,0.3312,0.32701,0.39161,0.86945,0.80063,0.37874,0.29326,0.16325,0.23025,0.29243,0.37875,0.20777,0.58693,0.44196,0.57508,0.35991,0.32373,0.32702,0.27794,0.27813,0.5368,0.11075,0.36258,0.32822,0.14012,0.29088,0.19793,0.33417,0.31083,0.15752,0.29905,0.57521,0.32031,0.14284,0.37652,0.10658,0.077694,0.33836,0.36174,0.36015,0.34143,0.31409,0.37385,0.61555,0.47392,0.26793,0.33734,0.18366,0.2589,0.26729,0.32729,0.34888,0.39341,1,0.82478,0.37565,0.305,0.16843,0.22231,0.30073,0.39424,0.20452,0.58417,0.44408,0.57554,0.36827,0.33187
0.44463,0.30221,0.28359,0.59202,0.14233,0.44307,0.32203,0.18435,0.36218,0.22206,0.45928,0.33462,0.18442,0.29644,0.52558,0.32855,0.14423,0.43823,0.13432,0.14233,0.39198,0.40418,0.434,0.46886,0.43178,0.50208,0.65868,0.55689,0.29805,0.40057,0.21349,0.26888,0.26054,0.332,0.34629,0.41456,0.73942,0.87343,0.38299,0.37129,0.14596,0.24884,0.4095,0.51625,0.27562,0.73425,0.51616,0.61953,0.46802,0.4708,0.46925,0.30305,0.30221,0.60062,0.14513,0.46812,0.32953,0.16509,0.36651,0.25027,0.45627,0.35127,0.15731,0.32111,0.54106,0.30314,0.12485,0.4778,0.12201,0.11417,0.38672,0.43862,0.48989,0.49065,0.42652,0.51914,0.69958,0.61826,0.33267,0.41708,0.19496,0.25365,0.23889,0.32649,0.38596,0.41687,0.82478,1,0.38975,0.39564,0.15632,0.23625,0.42209,0.54387,0.28686,0.7558,0.53522,0.63932,0.47663,0.48963
0.27363,0.24109,0.56323,0.35973,0.13775,0.49872,0.45075,0.15875,0.42523,0.31515,0.29125,0.30077,0.23415,0.21867,0.4071,0.39,0.154,0.46447,0.10381,0.089347,0.32195,0.28168,0.32353,0.28794,0.27316,0.33148,0.5446,0.50203,0.40988,0.26916,0.20621,0.27615,0.50389,0.46793,0.50911,0.61094,0.39206,0.40428,0.8015,0.46998,0.21016,0.20522,0.24184,0.29206,0.2957,0.4333,0.39601,0.41424,0.26812,0.27039,0.29824,0.27784,0.78564,0.36911,0.15897,0.56852,0.51221,0.22303,0.57086,0.33179,0.27345,0.43229,0.41912,0.31973,0.40876,0.43756,0.18394,0.50143,0.22621,0.090973,0.31442,0.30643,0.33391,0.28872,0.28076,0.33822,0.57472,0.47051,0.54603,0.30354,0.43154,0.44413,0.6294,0.65317,0.5919,0.70677,0.37565,0.38975,1,0.66151,0.30225,0.32435,0.24735,0.29299,0.29798,0.42416,0.3853,0.4066,0.2704,0.27779
0.45729,0.21232,0.53659,0.32945,0.14916,0.36838,0.49153,0.29607,0.62786,0.32716,0.32353,0.29242,0.2908,0.26348,0.34341,0.34827,0.25723,0.39743,0.26947,0.19979,0.33288,0.25991,0.23947,0.33455,0.41168,0.41835,0.33607,0.31593,0.44126,0.25796,0.45113,0.45656,0.42292,0.32736,0.58291,0.63099,0.30954,0.37781,0.56929,0.73926,0.10865,0.30759,0.27867,0.29544,0.28415,0.40015,0.37864,0.36264,0.29632,0.31591,0.54198,0.24474,0.67887,0.33964,0.1709,0.48198,0.52806,0.35466,0.80891,0.32288,0.30099,0.38476,0.45885,0.36289,0.34483,0.36117,0.26751,0.38807,0.36271,0.20014,0.32653,0.2852,0.27033,0.34411,0.44176,0.43534,0.34292,0.32412,0.58569,0.27269,0.66839,0.6074,0.5059,0.45257,0.63967,0.65661,0.305,0.39564,0.66151,1,0.17708,0.38305,0.28706,0.29886,0.2725,0.41152,0.36492,0.36171,0.2975,0.32201
0.10744,0.16673,0.17177,0.14915,0.061928,0.21795,0.12175,0.026634,0.11835,0.083134,0.13248,0.19971,0.12813,0.17345,0.17645,0.21001,0.072144,0.26165,-0.0046513,0.014277,0.17293,0.21224,0.19212,0.13169,0.12584,0.15997,0.20828,0.20693,0.11696,0.15378,0.016824,0.10068,0.2203,0.25617,0.10147,0.17934,0.17986,0.1703,0.24297,0.086628,0.17302,0.13727,0.098559,0.14326,0.10826,0.16316,0.14678,0.16741,0.11598,0.10113,0.13419,0.18344,0.28852,0.15392,0.078624,0.24471,0.14586,0.15118,0.18326,0.089308,0.12979,0.29983,0.23567,0.27631,0.1768,0.23912,0.099155,0.29054,0.06281,0.035105,0.17091,0.23024,0.20243,0.13276,0.14691,0.17379,0.21364,0.18789,0.19261,0.19979,0.13582,0.1981,0.33596,0.34903,0.13593,0.22659,0.16843,0.15632,0.30225,0.17708,1,0.2581,0.10159,0.14596,0.10973,0.15241,0.14435,0.16174,0.11795,0.10151
0.2806,0.24875,0.32524,0.2186,0.10531,0.24305,0.26093,0.16852,0.31914,0.17059,0.21953,0.36835,0.22829,0.34972,0.27546,0.27484,0.22018,0.3229,0.12968,0.1056,0.28906,0.29886,0.25513,0.23694,0.28315,0.30395,0.2225,0.2247,0.25555,0.28938,0.24726,0.37156,0.28971,0.29479,0.27739,0.30286,0.22982,0.24288,0.29895,0.30841,0.16702,0.40936,0.19081,0.23239,0.16311,0.25153,0.24803,0.24839,0.19742,0.19087,0.31599,0.26502,0.39639,0.21824,0.11551,0.27799,0.26169,0.18573,0.39622,0.16628,0.20593,0.43404,0.35835,0.45626,0.27043,0.27031,0.22778,0.31043,0.17382,0.11038,0.28781,0.33174,0.26899,0.2392,0.30131,0.30838,0.21883,0.2132,0.32206,0.30492,0.35722,0.45404,0.34866,0.3547,0.29535,0.30736,0.22231,0.23625,0.32435,0.38305,0.2581,1,0.19,0.22552,0.15136,0.24377,0.23667,0.2403,0.19553,0.19086
0.38509,0.27945,0.26424,0.42241,0.13503,0.30677,0.25596,0.19383,0.29095,0.20338,0.66878,0.30758,0.1485,0.24727,0.35123,0.27406,0.11595,0.44103,0.12474,0.12539,0.41046,0.42439,0.5272,0.60967,0.40961,0.51485,0.40973,0.49307,0.37331,0.50212,0.20057,0.23658,0.18091,0.27258,0.29194,0.34994,0.30214,0.37633,0.26358,0.29414,0.10174,0.21243,0.71332,0.61512,0.21624,0.39484,0.39307,0.39782,0.67626,0.6106,0.40635,0.27397,0.24585,0.42766,0.14159,0.31716,0.25814,0.17064,0.28094,0.22337,0.69237,0.26681,0.11777,0.22432,0.35283,0.23402,0.093294,0.44661,0.10707,0.10925,0.41375,0.45784,0.54974,0.63115,0.40969,0.53366,0.41298,0.54271,0.38536,0.50818,0.16935,0.19898,0.13694,0.23254,0.31461,0.33031,0.30073,0.42209,0.24735,0.28706,0.10159,0.19,1,0.65737,0.22231,0.40739,0.40742,0.40481,0.72519,0.6641
0.42349,0.35635,0.25244,0.54644,0.13837,0.37828,0.24199,0.14042,0.28035,0.20042,0.60753,0.40096,0.12929,0.30835,0.44904,0.33082,0.095098,0.55469,0.082493,0.11926,0.44587,0.51422,0.64039,0.65348,0.4565,0.56197,0.5755,0.60797,0.37226,0.56013,0.12733,0.20939,0.1935,0.37337,0.26912,0.37075,0.39107,0.49199,0.28644,0.26777,0.13965,0.23701,0.60874,0.7274,0.24946,0.5316,0.49532,0.50363,0.60357,0.63496,0.4757,0.3586,0.29578,0.55033,0.14534,0.39207,0.25285,0.12056,0.28421,0.23221,0.62386,0.42193,0.099311,0.35375,0.45291,0.30059,0.081656,0.60301,0.063835,0.10401,0.44569,0.55102,0.69391,0.69188,0.46166,0.59456,0.58545,0.6689,0.42499,0.60972,0.11373,0.19548,0.18031,0.35082,0.32095,0.37646,0.39424,0.54387,0.29299,0.29886,0.14596,0.22552,0.65737,1,0.25972,0.53995,0.51519,0.51616,0.62007,0.74152
0.23268,0.1613,0.22013,0.23495,0.14289,0.33833,0.20615,0.17494,0.24877,0.25923,0.24198,0.1927,0.14087,0.16821,0.21503,0.15996,0.090502,0.26222,0.094743,0.13366,0.19888,0.22263,0.25557,0.25086,0.27243,0.2613,0.32329,0.31002,0.23576,0.19569,0.15494,0.15484,0.11521,0.19402,0.25901,0.26594,0.20489,0.26234,0.30387,0.24558,0.096276,0.15097,0.21917,0.25246,0.3293,0.35772,0.2697,0.26348,0.2165,0.23815,0.25276,0.16674,0.23775,0.23791,0.1869,0.38869,0.22526,0.17754,0.27297,0.34713,0.23581,0.1978,0.14502,0.18644,0.2153,0.14113,0.079263,0.25828,0.1024,0.14132,0.19803,0.23582,0.25975,0.2568,0.28989,0.2745,0.32184,0.3127,0.23235,0.19595,0.15987,0.14697,0.096376,0.17723,0.28928,0.26431,0.20452,0.28686,0.29798,0.2725,0.10973,0.15136,0.22231,0.25972,1,0.38917,0.27931,0.26828,0.21966,0.24824
0.44942,0.29512,0.29295,0.60161,0.16059,0.4695,0.30899,0.18644,0.36526,0.27904,0.45124,0.3438,0.17817,0.29095,0.52629,0.29674,0.12641,0.44855,0.12998,0.15629,0.38052,0.40515,0.45165,0.47478,0.45086,0.50628,0.6746,0.56442,0.31564,0.39272,0.19771,0.24437,0.22251,0.32304,0.36245,0.41028,0.55284,0.6782,0.40867,0.37326,0.13535,0.25114,0.39788,0.51858,0.35676,0.79606,0.57572,0.64401,0.43517,0.46389,0.48397,0.30139,0.33171,0.60807,0.16496,0.50294,0.32729,0.17492,0.38526,0.32222,0.44769,0.36469,0.16548,0.32484,0.53708,0.27356,0.11077,0.47863,0.12311,0.13264,0.3733,0.43625,0.49752,0.49061,0.44981,0.52236,0.70211,0.60968,0.35698,0.41296,0.19517,0.2405,0.20522,0.32328,0.41966,0.41833,0.58417,0.7558,0.42416,0.41152,0.15241,0.24377,0.40739,0.53995,0.38917,1,0.60728,0.67945,0.43913,0.47727
0.37763,0.3434,0.26592,0.77324,0.13418,0.34384,0.37301,0.1609,0.29492,0.29503,0.46596,0.33559,0.11427,0.26348,0.71723,0.34352,0.14854,0.45924,0.099056,0.11779,0.42854,0.44492,0.44855,0.48784,0.4055,0.4888,0.66421,0.5169,0.32376,0.42071,0.13741,0.24423,0.22201,0.35798,0.4635,0.47487,0.45509,0.48866,0.3865,0.31982,0.14068,0.24507,0.40411,0.51174,0.27815,0.60119,0.76403,0.72194,0.46254,0.45783,0.42073,0.34017,0.30294,0.78233,0.13942,0.35547,0.42891,0.15458,0.30941,0.34125,0.46123,0.35008,0.10697,0.29991,0.73887,0.32164,0.13661,0.46885,0.093029,0.099457,0.42194,0.46661,0.47391,0.4968,0.40215,0.49599,0.66519,0.5421,0.36697,0.44516,0.14411,0.25116,0.20793,0.34495,0.53552,0.48179,0.44408,0.53522,0.3853,0.36492,0.14435,0.23667,0.40742,0.51519,0.27931,0.60728,1,0.74811,0.46626,0.45708
0.39161,0.33613,0.28085,0.7975,0.13376,0.37323,0.3601,0.15396,0.3072,0.26238,0.45862,0.3435,0.13949,0.28094,0.76147,0.35041,0.14241,0.46396,0.10221,0.11742,0.42529,0.43684,0.44512,0.48203,0.40327,0.49008,0.71364,0.53825,0.31865,0.41304,0.14909,0.24755,0.25357,0.37511,0.42642,0.46348,0.58249,0.582,0.40712,0.32185,0.1562,0.24676,0.40181,0.51259,0.26967,0.67554,0.72471,0.84938,0.4636,0.46665,0.42453,0.3337,0.31379,0.80702,0.13567,0.38016,0.38007,0.14337,0.31353,0.2874,0.45227,0.3569,0.12981,0.3121,0.78943,0.33113,0.12861,0.47546,0.095849,0.09596,0.41577,0.45711,0.46991,0.4911,0.3938,0.49354,0.72451,0.56084,0.35818,0.43514,0.15407,0.25003,0.23676,0.36128,0.48371,0.46991,0.57554,0.63932,0.4066,0.36171,0.16174,0.2403,0.40481,0.51616,0.26828,0.67945,0.74811,1,0.46722,0.46512
0.39266,0.3243,0.25054,0.50084,0.13629,0.30855,0.29351,0.19158,0.29576,0.21191,0.68354,0.31458,0.14199,0.25601,0.4263,0.33009,0.13234,0.46653,0.12083,0.12745,0.46807,0.48347,0.52556,0.63908,0.43422,0.54349,0.46008,0.51559,0.33324,0.5034,0.18088,0.2404,0.19758,0.29309,0.32777,0.40777,0.36946,0.43094,0.28645,0.29858,0.12027,0.21672,0.66692,0.60313,0.21651,0.42932,0.45034,0.4595,0.75754,0.62049,0.42082,0.31509,0.23523,0.50624,0.14217,0.32059,0.29804,0.16741,0.28374,0.23165,0.6991,0.28692,0.10889,0.24295,0.43119,0.29025,0.11049,0.47693,0.10057,0.10611,0.47543,0.51647,0.55463,0.6585,0.43383,0.56564,0.46549,0.57338,0.34621,0.51458,0.14937,0.21106,0.15848,0.25567,0.3576,0.39054,0.36827,0.47663,0.2704,0.2975,0.11795,0.19553,0.72519,0.62007,0.21966,0.43913,0.46626,0.46722,1,0.66106
0.42618,0.26435,0.27826,0.4825,0.14668,0.35466,0.27502,0.21264,0.32838,0.21778,0.60071,0.29754,0.16396,0.24715,0.37558,0.26656,0.11535,0.45663,0.13649,0.14493,0.41306,0.42144,0.52116,0.67136,0.44646,0.55049,0.46662,0.54703,0.35353,0.45904,0.21734,0.23663,0.19196,0.26356,0.31318,0.35019,0.33466,0.4301,0.29062,0.32874,0.099696,0.21334,0.61899,0.63116,0.23743,0.46137,0.4389,0.45414,0.6396,0.75858,0.44714,0.26255,0.25652,0.48823,0.157,0.3663,0.27567,0.18548,0.31996,0.24095,0.61291,0.25149,0.13342,0.21476,0.3791,0.22223,0.088632,0.48409,0.12058,0.12572,0.41511,0.4612,0.55298,0.72891,0.44283,0.56689,0.47322,0.61897,0.35415,0.46047,0.17859,0.19524,0.13958,0.22748,0.3408,0.32935,0.33187,0.48963,0.27779,0.32201,0.10151,0.19086,0.6641,0.74152,0.24824,0.47727,0.45708,0.46512,0.66106,1
