1,0.2058,0.22901,0.11373,0.24728,0.20249,0.1657,0.11014,0.12092,0.049677,0.013431,0.0040873,0.049625,-0.0019672,0.024404,0.26864,0.038798,0.25127,0.029368,0.25113,0.029476,0.11757,0.2056,-0.027405,0.033111,0.023266,-0.029176,0.047485,0.10274,0.015034,0.12042,0.233,0.26412,0.22139,0.26267,0.27483,0.070313,0.12037,0.19895,0.107,0.34835,-0.02766,0.1505,0.13704,-0.051328,0.11739,0.12823,0.36082,0.44479,0.32438,0.3775,0.18817,0.1315,0.071366,0.13817,0.2491,0.10625,0.075382,0.041482,-0.00055127,-0.01379,0.050367,0.087829,0.0073153,0.07404,0.057179,0.41845,0.028889,0.076923,0.23524,0.11918,0.22133,0.17508,0.022667,-0.022536,-0.019833,0.077837,0.036109,0.04609,0.15201,0.0050253,0.27807,0.040802,0.11731,-0.094601,0.21451,0.099798,0.06864,0.30177,0.12619,0.30484,0.13329,0.11466,0.089275,0.02135,0.17458,0.11994,0.29416,0.46843,0.28834
0.2058,1,0.67257,0.46912,0.64179,0.55923,0.57585,0.78474,0.61261,0.39339,0.22865,0.35039,0.35234,0.22708,0.26264,0.51125,0.18235,0.48036,0.14476,0.278,0.14158,0.18662,0.26529,0.15939,0.25777,0.23679,0.20013,0.26787,0.30336,0.22399,0.027945,0.055068,0.15734,0.18544,0.21913,0.3393,0.20332,0.088693,0.13948,0.1899,0.1142,0.10488,0.084705,0.056914,0.10986,0.041597,0.092134,0.15882,0.24198,0.10766,0.25192,0.73071,0.55257,0.44909,0.69333,0.558,0.74898,0.66428,0.40535,0.23484,0.32783,0.32662,0.46477,0.16271,0.26405,0.19088,0.38847,0.17377,0.17949,0.49634,0.18471,0.31316,0.28748,0.21549,0.25275,0.24266,0.33907,0.28485,0.069292,0.12145,0.12983,0.19759,0.17491,0.2127,0.17897,0.21158,0.17796,0.15142,0.29043,0.097419,0.15055,0.12446,0.19302,0.12278,0.063443,0.10526,0.056943,0.162,0.22907,0.10043
0.22901,0.67257,1,0.18616,0.51909,0.68156,0.57961,0.75369,0.69935,0.37678,0.26581,0.43464,0.32384,0.2135,0.24874,0.40213,0.27577,0.48009,0.19635,0.40634,0.26815,0.22044,0.29145,0.2977,0.35823,0.28837,0.28015,0.32179,0.42077,0.23941,0.016606,0.0075331,0.05899,0.1456,0.16949,0.39064,0.2387,-0.030214,0.063753,0.23162,0.017632,0.13228,-0.027214,0.020728,0.12191,-0.073218,-0.012943,0.11505,0.23873,-0.0031756,0.23773,0.70855,0.41364,0.21849,0.72063,0.65846,0.7128,0.70368,0.4075,0.29256,0.38659,0.30184,0.44204,0.11611,0.2596,0.15512,0.45366,0.19611,0.22247,0.47864,0.34132,0.2981,0.31748,0.31152,0.39477,0.33535,0.42673,0.35269,0.074274,0.12057,0.16086,0.11531,0.13878,0.19942,0.25828,0.14497,0.21619,0.17241,0.3345,0.037677,0.069837,0.083901,0.19219,0.097661,0.045399,0.051366,-0.048373,0.072887,0.23668,0.029423
0.11373,0.46912,0.18616,1,0.40726,0.22432,0.14266,0.33298,0.23325,0.21534,0.045131,0.10531,0.20938,0.17001,0.14108,0.22802,-0.10588,0.11532,-0.010793,0.042857,-0.098017,-0.012444,0.037838,-0.062475,-0.035423,0.031654,0.076402,0.08256,-0.017613,0.13709,-0.0050951,0.0661,0.20806,0.13019,0.12086,0.22838,0.12913,0.24419,0.31227,0.11256,0.31353,0.052041,0.19758,0.061062,0.14728,0.20998,0.29218,0.22289,0.22948,0.29344,0.11118,0.2482,0.32246,0.83927,0.32576,0.17745,0.27752,0.24233,0.1749,0.044779,0.097301,0.16926,0.23674,0.17619,0.087447,0.17185,0.08137,0.012842,0.014372,0.12223,-0.09281,0.087117,-0.02689,0.074156,-0.078512,-0.0023635,0.073523,0.076075,0.017558,0.085787,0.13566,0.30519,0.25872,0.011225,0.11617,0.33773,0.14139,0.069129,0.22372,0.2834,0.26417,0.18287,0.22925,0.12736,0.076824,0.13683,0.26905,0.30515,0.18047,0.25577
0.24728,0.64179,0.51909,0.40726,1,0.51488,0.45769,0.5717,0.48536,0.3551,0.20592,0.27701,0.28947,0.23101,0.27901,0.48764,0.2091,0.42848,0.16583,0.3059,0.19572,0.20681,0.25075,0.14616,0.24665,0.21467,0.15695,0.27182,0.28932,0.16816,0.045741,0.12859,0.2164,0.24861,0.28088,0.34637,0.23261,0.1342,0.20622,0.24634,0.20132,0.12485,0.14374,0.14714,0.1423,0.10891,0.12999,0.22635,0.2945,0.20483,0.23953,0.51325,0.48894,0.45454,0.63477,0.45946,0.52677,0.55541,0.37706,0.21739,0.23482,0.26821,0.3084,0.22633,0.31123,0.27378,0.41217,0.21444,0.22765,0.4325,0.21083,0.31869,0.26038,0.20857,0.21368,0.18363,0.28095,0.21734,0.10587,0.15573,0.1745,0.28758,0.20938,0.26182,0.13729,0.2538,0.19686,0.17816,0.31778,0.13934,0.24612,0.15962,0.24092,0.18768,0.093981,0.17502,0.11743,0.20621,0.26427,0.17888
0.20249,0.55923,0.68156,0.22432,0.51488,1,0.4479,0.63426,0.753,0.41807,0.29029,0.5688,0.41255,0.27283,0.26457,0.30814,0.34117,0.39345,0.26098,0.51912,0.33783,0.24419,0.31377,0.38214,0.41424,0.37669,0.45611,0.45466,0.49651,0.31647,0.018331,-0.060681,-0.020611,0.13713,0.16484,0.45442,0.3079,-0.061703,0.076933,0.26556,0.0018616,0.18079,-0.093592,0.054362,0.25093,-0.070445,-0.017169,0.1638,0.30122,0.016087,0.1848,0.576,0.30342,0.2528,0.74828,0.71426,0.57218,0.70849,0.4472,0.34118,0.51758,0.38568,0.4864,0.13785,0.31006,0.17955,0.41939,0.24365,0.22869,0.36032,0.43478,0.24788,0.28001,0.35473,0.48356,0.43906,0.48374,0.43564,0.071144,0.065933,0.23231,0.1044,0.23491,0.169,0.41665,0.1539,0.2486,0.27431,0.41077,0.077749,0.039476,0.062496,0.24084,0.12164,0.016709,0.08748,-0.037122,0.10763,0.25293,0.050765
0.1657,0.57585,0.57961,0.14266,0.45769,0.4479,1,0.68751,0.52346,0.40278,0.29446,0.39854,0.31643,0.28703,0.30071,0.47808,0.30519,0.45443,0.27883,0.3048,0.31766,0.23926,0.29927,0.31863,0.35923,0.20577,0.19794,0.26188,0.37996,0.22448,0.036145,0.11651,0.062979,0.038656,0.12669,0.22606,0.16221,0.1226,0.10218,0.32319,0.048556,0.17073,0.041429,0.080178,0.051852,0.0020404,0.045754,0.027037,0.14113,0.033322,0.20075,0.6049,0.48338,0.1963,0.54729,0.46497,0.63539,0.59565,0.39566,0.28588,0.32817,0.28656,0.3439,0.20961,0.31246,0.21582,0.48498,0.24754,0.17653,0.43987,0.33831,0.29336,0.34307,0.33716,0.38085,0.25928,0.37621,0.31046,0.078772,0.1709,0.085875,-0.0098301,-0.0016464,0.15933,0.16988,0.053874,0.13092,0.097287,0.20592,0.028301,0.038399,0.15015,0.20143,0.10295,0.12577,0.10293,-0.013215,-0.0015809,0.14892,0.052472
0.11014,0.78474,0.75369,0.33298,0.5717,0.63426,0.68751,1,0.74593,0.42644,0.2895,0.44186,0.34517,0.25539,0.29808,0.45372,0.23655,0.51317,0.16804,0.31227,0.24328,0.15315,0.25542,0.28536,0.36185,0.26667,0.26578,0.28887,0.41067,0.24189,-0.013384,-0.032727,-0.018484,0.051106,0.084967,0.30568,0.22241,-0.052581,-0.028665,0.18158,-0.11538,0.13078,-0.078078,-0.0085363,0.099962,-0.12047,-0.072042,-0.027716,0.10207,-0.10374,0.18306,0.80504,0.56826,0.36602,0.77985,0.6278,0.90483,0.83398,0.46542,0.29928,0.41427,0.3187,0.49601,0.1435,0.29039,0.16888,0.38021,0.20054,0.19825,0.54748,0.2938,0.28344,0.32309,0.30659,0.41392,0.34052,0.45134,0.35021,0.069747,0.082035,0.13076,0.016988,0.12716,0.17976,0.27614,0.070799,0.18578,0.12683,0.24879,-0.025821,-0.012394,0.056636,0.15614,0.076871,0.049696,0.036378,-0.094155,-0.021596,0.10402,-0.045653
0.12092,0.61261,0.69935,0.23325,0.48536,0.753,0.52346,0.74593,1,0.4393,0.30338,0.56354,0.42054,0.25533,0.28536,0.29116,0.28533,0.37449,0.20296,0.42263,0.29705,0.16516,0.23161,0.36646,0.41394,0.3387,0.40659,0.39416,0.475,0.28549,-0.0033836,-0.086888,-0.079184,0.053695,0.082245,0.43047,0.28505,-0.088281,0.0012364,0.21441,-0.1068,0.17146,-0.13932,0.013398,0.22545,-0.1369,-0.082571,0.041866,0.18317,-0.066482,0.14281,0.63489,0.3556,0.26209,0.76319,0.67931,0.68539,0.79924,0.4643,0.3481,0.53544,0.3874,0.51492,0.12678,0.29622,0.17789,0.35113,0.18811,0.17358,0.38423,0.38991,0.19696,0.24379,0.34291,0.47909,0.42501,0.4846,0.42066,0.067416,0.064122,0.19333,0.029404,0.1987,0.13936,0.39644,0.075204,0.24045,0.21275,0.34268,0.016233,-0.03391,0.038686,0.19165,0.086961,0.0073629,0.054917,-0.082007,0.014897,0.16778,0.0011049
0.049677,0.39339,0.37678,0.21534,0.3551,0.41807,0.40278,0.42644,0.4393,1,0.55641,0.56589,0.57098,0.54811,0.61574,0.26022,0.30086,0.24168,0.33023,0.20408,0.37986,0.1929,0.27941,0.21875,0.42241,0.25006,0.29687,0.39713,0.38315,0.37722,0.019368,0.012279,-0.034996,0.01571,0.067531,0.12735,0.23311,0.049418,0.011974,0.18816,-0.094126,0.14411,-0.10475,0.11482,0.13914,0.027386,-0.026265,0.066633,0.076649,0.019481,0.088723,0.40275,0.32329,0.24884,0.48739,0.39207,0.37488,0.45043,0.76915,0.51473,0.47691,0.51726,0.45709,0.49188,0.41858,0.54666,0.25386,0.33281,0.17136,0.24356,0.32096,0.22448,0.27758,0.30074,0.36194,0.32595,0.40219,0.40334,0.096598,0.07599,0.088949,0.022402,0.13229,0.12077,0.24846,0.029522,0.18769,0.22704,0.16852,-0.0043714,0.025278,0.128,0.22332,0.094716,-0.010562,0.15221,0.00054583,0.096035,0.087622,0.036225
0.013431,0.22865,0.26581,0.045131,0.20592,0.29029,0.29446,0.2895,0.30338,0.55641,1,0.4849,0.44209,0.42214,0.50317,0.17007,0.28379,0.15684,0.26399,0.13959,0.36929,0.16062,0.19891,0.23719,0.3664,0.21575,0.23025,0.31381,0.3435,0.30717,0.067351,0.026733,-0.059229,-0.045213,0.012987,0.053182,0.14302,0.0062585,-0.031978,0.12692,-0.13586,0.1074,-0.090751,0.070366,0.085597,-0.0047455,-0.072852,-0.018174,-0.0071715,-0.070775,0.036419,0.28194,0.20956,0.087688,0.33797,0.2757,0.26396,0.33437,0.53976,0.43777,0.40716,0.41344,0.33623,0.36009,0.33959,0.44915,0.14295,0.27449,0.1066,0.15889,0.30078,0.14154,0.21748,0.23169,0.34092,0.29224,0.34611,0.34741,0.042543,0.067053,0.045823,-0.089397,0.019575,0.078961,0.19167,-0.075592,0.12344,0.14859,0.046644,-0.057369,-0.053215,0.048099,0.11921,0.040898,0.024293,0.052652,-0.054367,-0.035763,0.0001581,-0.049715
0.0040873,0.35039,0.43464,0.10531,0.27701,0.5688,0.39854,0.44186,0.56354,0.56589,0.4849,1,0.69662,0.43858,0.42772,0.24457,0.56594,0.28652,0.40814,0.33826,0.48498,0.35221,0.29386,0.56002,0.56919,0.52911,0.52026,0.52646,0.54332,0.48227,0.029882,-0.080527,-0.15374,0.025978,0.10948,0.23705,0.27197,-0.15408,-0.094326,0.24032,-0.2648,0.18919,-0.20722,-0.052272,0.18488,-0.20472,-0.16455,-0.096035,0.0015622,-0.20922,0.0036695,0.38187,0.21056,0.14921,0.54596,0.48406,0.37709,0.53124,0.5723,0.5049,0.8233,0.65177,0.60461,0.18888,0.32496,0.29455,0.21679,0.39834,0.22759,0.19958,0.4825,0.23325,0.25784,0.40669,0.67409,0.60246,0.53153,0.63716,0.076187,-0.0016403,0.16618,-0.12208,0.10598,0.15795,0.45629,-0.066149,0.19363,0.24187,0.15228,-0.13603,-0.1902,-0.041285,0.11377,0.076711,-0.027439,-0.043711,-0.20975,-0.1451,-0.024884,-0.16921
0.049625,0.35234,0.32384,0.20938,0.28947,0.41255,0.31643,0.34517,0.42054,0.57098,0.44209,0.69662,1,0.42637,0.49773,0.2043,0.31831,0.16049,0.2609,0.17167,0.32321,0.23229,0.21042,0.28283,0.32953,0.30803,0.34169,0.40297,0.33007,0.48327,0.019758,0.044955,-0.058942,-0.0032989,0.051624,0.13635,0.17735,0.094283,0.034731,0.19953,-0.081443,0.12835,-0.089719,0.076541,0.092058,0.040906,0.0037257,0.00038113,0.085177,0.012044,0.075485,0.32729,0.24299,0.23803,0.44759,0.3755,0.30987,0.40447,0.51471,0.47703,0.6721,0.82019,0.62049,0.30367,0.32336,0.46152,0.15366,0.27602,0.081119,0.13845,0.28746,0.14251,0.18379,0.23524,0.33887,0.35743,0.35616,0.49354,0.044022,0.047995,0.02572,-0.028486,0.03692,0.045896,0.21084,-0.026848,0.13221,0.16227,0.11058,-0.025908,-0.03765,0.10295,0.1635,0.060021,-0.045952,0.070406,-0.024499,0.016741,0.073138,0.010207
-0.0019672,0.22708,0.2135,0.17001,0.23101,0.27283,0.28703,0.25539,0.25533,0.54811,0.42214,0.43858,0.42637,1,0.57488,0.21763,0.36465,0.29371,0.63569,0.17017,0.54655,0.20147,0.39207,0.068754,0.20126,0.16781,0.22628,0.30658,0.27077,0.4043,-0.00066279,0.02039,-0.06032,0.010925,-0.03066,0.054437,0.14779,0.10529,0.056433,0.088587,-0.045921,0.059984,-0.087832,0.095711,0.053376,0.058169,0.014014,0.060652,0.054819,0.030344,0.012595,0.22362,0.22734,0.20338,0.30599,0.24985,0.1811,0.27437,0.52222,0.39798,0.36544,0.41632,0.27594,0.66057,0.50738,0.52764,0.1382,0.59544,0.22611,0.18219,0.35546,0.18045,0.32881,0.19071,0.24083,0.19871,0.2672,0.35086,0.031316,0.012265,0.027843,0.0025064,0.053363,0.022144,0.18081,0.00028416,0.10885,0.13498,0.070686,-0.027874,-0.018426,0.099507,0.16551,0.039924,-0.070398,0.084184,-0.018044,0.078075,0.036553,-0.0087296
0.024404,0.26264,0.24874,0.14108,0.27901,0.26457,0.30071,0.29808,0.28536,0.61574,0.50317,0.42772,0.49773,0.57488,1,0.23,0.2813,0.21971,0.32245,0.14535,0.4339,0.20344,0.29134,0.19227,0.30735,0.19458,0.24048,0.3458,0.37328,0.40907,0.033556,0.082002,-0.026331,0.0042795,0.036124,0.05342,0.16952,0.087047,0.022743,0.16871,-0.080944,0.12141,-0.031569,0.086397,0.098262,0.091539,0.0048834,0.013226,0.011204,0.0037741,0.061572,0.30666,0.31394,0.19579,0.36986,0.26891,0.27394,0.35015,0.59383,0.46684,0.36245,0.46162,0.35917,0.53779,0.44221,0.71189,0.16293,0.3594,0.14976,0.21846,0.33179,0.19437,0.28255,0.2547,0.29367,0.24948,0.3482,0.38255,0.077449,0.11149,0.067965,-0.015032,0.053469,0.11396,0.1671,-0.01994,0.14724,0.16313,0.070017,-0.0054393,0.019988,0.13541,0.1926,0.084226,0.055289,0.084246,0.021082,0.0090395,0.01447,-0.0064186
0.26864,0.51125,0.40213,0.22802,0.48764,0.30814,0.47808,0.45372,0.29116,0.26022,0.17007,0.24457,0.2043,0.21763,0.23,1,0.50368,0.77108,0.31933,0.26313,0.23507,0.53493,0.39511,0.24667,0.27161,0.31901,0.092641,0.19313,0.26715,0.15733,0.13807,0.17738,0.34063,0.57443,0.57404,0.38427,0.20751,-0.06431,0.074688,0.26097,0.092329,0.0058822,0.17779,-0.12593,-0.068024,-0.093399,0.0083597,0.13129,0.13771,0.021463,0.28859,0.46494,0.69769,0.20675,0.39992,0.30802,0.44868,0.38808,0.27176,0.14482,0.16377,0.16458,0.24908,0.15128,0.28264,0.15564,0.4312,0.40361,0.53121,0.693,0.24456,0.57735,0.37027,0.17115,0.31263,0.22454,0.22615,0.24182,0.12009,0.16743,0.18492,0.32458,0.095668,0.53831,0.029834,0.20792,0.16175,0.11658,0.23083,-0.10002,0.16772,-0.018037,0.074479,0.16004,0.012982,-0.12078,-0.16467,0.017515,0.10242,-0.070163
0.038798,0.18235,0.27577,-0.10588,0.2091,0.34117,0.30519,0.23655,0.28533,0.30086,0.28379,0.56594,0.31831,0.36465,0.2813,0.50368,1,0.57196,0.63727,0.39795,0.52796,0.60868,0.47025,0.52042,0.46007,0.5269,0.37826,0.38047,0.46171,0.29411,0.0802,-0.052367,0.0082134,0.35653,0.37073,0.2443,0.22592,-0.29986,-0.15127,0.18143,-0.22397,0.071029,-0.11143,-0.18663,0.091249,-0.30212,-0.18868,-0.041552,-0.099898,-0.29965,0.011912,0.24021,0.30991,-0.08565,0.3248,0.27486,0.19265,0.28831,0.33692,0.29081,0.4783,0.31136,0.27203,0.15148,0.31431,0.16885,0.26643,0.62825,0.57196,0.40954,0.50295,0.47169,0.38375,0.31817,0.65325,0.48247,0.37763,0.46041,0.12248,-5.9037e-05,0.30637,0.03738,0.12628,0.47351,0.33718,0.031376,0.14522,0.20676,0.12934,-0.19692,-0.11867,-0.15685,0.011689,0.074524,-0.017102,-0.22436,-0.31008,-0.16938,-0.12919,-0.29902
0.25127,0.48036,0.48009,0.11532,0.42848,0.39345,0.45443,0.51317,0.37449,0.24168,0.15684,0.28652,0.16049,0.29371,0.21971,0.77108,0.57196,1,0.43628,0.37734,0.37756,0.54034,0.52531,0.22692,0.24173,0.35579,0.14355,0.23084,0.32505,0.19493,0.10943,0.051164,0.21234,0.59947,0.50881,0.44521,0.21626,-0.20098,-0.020887,0.1568,0.0085022,-0.050391,0.034921,-0.17156,-0.079574,-0.21116,-0.085379,0.12511,0.13528,-0.067735,0.27202,0.49215,0.5881,0.085285,0.43172,0.39482,0.47237,0.42871,0.28127,0.15355,0.20848,0.15393,0.25933,0.14733,0.29215,0.1265,0.47069,0.4734,0.60635,0.77151,0.36564,0.58687,0.46996,0.16172,0.36227,0.26092,0.25963,0.28977,0.10635,0.053556,0.19303,0.32536,0.13608,0.51249,0.097325,0.20253,0.15401,0.13149,0.30404,-0.16873,0.099493,-0.11016,0.027668,0.084023,-0.093202,-0.16906,-0.25956,0.025274,0.13262,-0.14592
0.029368,0.14476,0.19635,-0.010793,0.16583,0.26098,0.27883,0.16804,0.20296,0.33023,0.26399,0.40814,0.2609,0.63569,0.32245,0.31933,0.63727,0.43628,1,0.31293,0.60638,0.36186,0.47462,0.20258,0.26117,0.29507,0.29068,0.30534,0.29019,0.3234,0.035131,-0.00078142,-0.021721,0.15822,0.094817,0.12192,0.16824,-0.031557,-0.011539,0.098452,-0.062117,0.070684,-0.083165,-0.010179,0.081877,-0.065306,-0.036996,0.060338,0.021585,-0.06636,0.014628,0.16511,0.23147,0.016234,0.22809,0.20792,0.10211,0.1874,0.33334,0.26824,0.31886,0.26126,0.1417,0.40564,0.43342,0.27594,0.19789,0.71025,0.40213,0.26273,0.45697,0.28112,0.3633,0.21581,0.37484,0.25454,0.26045,0.33396,0.043348,0.0095713,0.14957,0.036116,0.084244,0.19706,0.24603,0.026262,0.10092,0.16944,0.097409,-0.056983,-0.020538,0.017303,0.10579,0.037877,-0.042751,-0.0091341,-0.089663,0.015809,-0.0085031,-0.093962
0.25113,0.278,0.40634,0.042857,0.3059,0.51912,0.3048,0.31227,0.42263,0.20408,0.13959,0.33826,0.17167,0.17017,0.14535,0.26313,0.39795,0.37734,0.31293,1,0.36503,0.26602,0.42064,0.38778,0.3005,0.32607,0.56153,0.38698,0.50058,0.20212,0.012071,-0.050562,0.12062,0.25625,0.20842,0.48087,0.30653,-0.15496,0.067185,0.24892,0.15039,0.11787,-0.11149,0.027294,0.36373,-0.085177,-0.004318,0.43167,0.25851,0.013768,0.22369,0.33432,0.17284,0.051319,0.44129,0.48958,0.27044,0.39451,0.24217,0.188,0.28738,0.20115,0.24421,0.040868,0.22691,0.074454,0.57606,0.24529,0.36851,0.33403,0.62193,0.28266,0.32486,0.44084,0.44767,0.32823,0.46658,0.36172,0.068229,0.10244,0.40916,0.17167,0.29264,0.25376,0.52929,0.2332,0.24178,0.32958,0.56397,0.22076,0.15924,0.059614,0.30383,0.076363,0.080105,0.084753,0.011823,0.27042,0.26502,0.093099
0.029476,0.14158,0.26815,-0.098017,0.19572,0.33783,0.31766,0.24328,0.29705,0.37986,0.36929,0.48498,0.32321,0.54655,0.4339,0.23507,0.52796,0.37756,0.60638,0.36503,1,0.31432,0.46272,0.32134,0.35891,0.28713,0.33074,0.36874,0.44698,0.37501,0.056194,0.0078713,-0.12916,0.029171,0.059627,0.076398,0.16085,-0.077144,-0.11228,0.13203,-0.18885,0.10865,-0.1281,0.043327,0.071654,-0.083065,-0.13145,-0.035666,0.013856,-0.14775,0.026495,0.19725,0.18769,-0.030771,0.29651,0.28155,0.16692,0.30072,0.39436,0.36226,0.39772,0.30421,0.212,0.35645,0.46474,0.34159,0.23974,0.5474,0.29423,0.23934,0.61665,0.23416,0.38948,0.26276,0.4723,0.34053,0.36848,0.44301,0.061035,0.017286,0.06132,-0.1089,-0.013482,0.14377,0.24861,-0.11973,0.086877,0.17121,0.055555,-0.16397,-0.11854,-0.027353,0.058304,0.038035,-0.035334,0.013849,-0.15848,-0.10067,-0.010282,-0.14697
0.11757,0.18662,0.22044,-0.012444,0.20681,0.24419,0.23926,0.15315,0.16516,0.1929,0.16062,0.35221,0.23229,0.20147,0.20344,0.53493,0.60868,0.54034,0.36186,0.26602,0.31432,1,0.48694,0.50939,0.31893,0.4686,0.20719,0.27817,0.29934,0.31066,0.14071,0.14127,0.22732,0.52566,0.62329,0.2646,0.11931,-0.062729,0.13157,0.44865,0.070962,0.13449,0.30887,-0.19761,0.044297,-0.02731,0.1584,0.057749,-0.064607,-0.094552,0.077929,0.20038,0.24981,-0.017328,0.24046,0.19672,0.12375,0.16729,0.18521,0.16677,0.24063,0.17481,0.18904,0.099879,0.20154,0.13936,0.24851,0.381,0.44982,0.35894,0.31644,0.5413,0.36113,0.27814,0.41842,0.33583,0.21569,0.36891,0.086471,0.090387,0.2543,0.15076,0.079556,0.43047,0.11385,0.22141,0.060757,0.14861,0.077848,-0.071191,0.012019,-0.049973,0.093462,0.14571,0.13366,-0.26676,-0.13919,-0.13103,-0.09291,-0.25456
0.2056,0.26529,0.29145,0.037838,0.25075,0.31377,0.29927,0.25542,0.23161,0.27941,0.19891,0.29386,0.21042,0.39207,0.29134,0.39511,0.47025,0.52531,0.47462,0.42064,0.46272,0.48694,1,0.22207,0.20194,0.32003,0.27663,0.33202,0.31755,0.34876,0.075806,0.070185,0.11934,0.30968,0.31735,0.23023,0.12407,-0.019394,0.068469,0.19678,0.086889,0.061216,0.059709,-0.0082147,0.074704,0.0094501,0.066845,0.26142,0.12645,0.013683,0.16339,0.28193,0.23717,0.038191,0.28436,0.31361,0.19164,0.20244,0.26091,0.20797,0.21076,0.20173,0.18746,0.26973,0.32892,0.22881,0.36019,0.42693,0.35226,0.35554,0.43471,0.40068,0.49405,0.21034,0.28342,0.23629,0.26983,0.37929,0.064544,0.040081,0.12209,0.12005,0.084898,0.23823,0.17382,0.14913,0.072416,0.19036,0.18378,-0.03519,0.055036,0.016452,0.11005,0.072117,-0.018801,-0.03516,-0.075472,0.10118,0.1315,-0.070052
-0.027405,0.15939,0.2977,-0.062475,0.14616,0.38214,0.31863,0.28536,0.36646,0.21875,0.23719,0.56002,0.28283,0.068754,0.19227,0.24667,0.52042,0.22692,0.20258,0.38778,0.32134,0.50939,0.22207,1,0.57185,0.5106,0.49397,0.37718,0.5523,0.30206,0.080324,-0.010356,-0.0091377,0.16355,0.30881,0.27006,0.25102,-0.19332,0.02043,0.58137,-0.16438,0.34231,0.099227,-0.19356,0.32256,-0.19545,-0.0070536,-0.19961,-0.19022,-0.33452,-0.081039,0.26727,0.08995,0.0079357,0.38282,0.28154,0.27911,0.40173,0.25636,0.24989,0.45779,0.23776,0.30933,-0.088811,0.11198,0.058595,0.21538,0.1754,0.27464,0.15273,0.44425,0.29791,0.19352,0.60222,0.74147,0.56197,0.50495,0.48441,0.077533,0.12145,0.40765,-0.16528,0.12057,0.30947,0.47368,0.051927,0.19505,0.22137,0.10397,-0.018838,-0.2037,-0.054378,0.17259,0.16853,0.34211,-0.21416,-0.16382,-0.36979,-0.24284,-0.31318
0.033111,0.25777,0.35823,-0.035423,0.24665,0.41424,0.35923,0.36185,0.41394,0.42241,0.3664,0.56919,0.32953,0.20126,0.30735,0.27161,0.46007,0.24173,0.26117,0.3005,0.35891,0.31893,0.20194,0.57185,1,0.46,0.39593,0.39687,0.52385,0.25056,0.088732,0.013521,-0.062436,0.038373,0.19611,0.15976,0.24288,-0.17656,-0.12799,0.28692,-0.27039,0.26977,-0.068617,-0.04428,0.19837,-0.20273,-0.17684,-0.14912,-0.087219,-0.2686,0.00080688,0.31737,0.2448,0.028153,0.42599,0.34963,0.33812,0.44065,0.4669,0.37379,0.49829,0.31671,0.36298,0.07836,0.24788,0.18828,0.25549,0.28261,0.23282,0.2283,0.41813,0.27855,0.23753,0.46985,0.64813,0.53101,0.49126,0.44895,0.10584,0.1147,0.21936,-0.15927,0.04988,0.27343,0.34555,-0.082932,0.16517,0.22417,0.082789,-0.12801,-0.14291,-0.0091389,0.12842,0.15202,0.17505,-0.05095,-0.18286,-0.24556,-0.10872,-0.20262
0.023266,0.23679,0.28837,0.031654,0.21467,0.37669,0.20577,0.26667,0.3387,0.25006,0.21575,0.52911,0.30803,0.16781,0.19458,0.31901,0.5269,0.35579,0.29507,0.32607,0.28713,0.4686,0.32003,0.5106,0.46,1,0.44464,0.43725,0.41227,0.31083,0.0849,-0.074624,-0.0017931,0.28176,0.36146,0.25757,0.22404,-0.2577,-0.10394,0.1903,-0.19546,0.21372,-0.027979,-0.12003,0.20882,-0.19909,-0.11132,-0.026422,-0.057168,-0.25711,-0.0069853,0.23187,0.21843,0.049006,0.35047,0.30034,0.22685,0.31998,0.28707,0.2435,0.46898,0.28702,0.34352,-0.023115,0.15538,0.075702,0.15692,0.2939,0.3629,0.25411,0.34538,0.3523,0.24853,0.30452,0.55138,0.51482,0.38344,0.47425,0.10453,-0.028201,0.25785,0.0097794,0.15869,0.35462,0.37678,0.049973,0.13606,0.2607,0.11186,-0.15661,-0.15199,-0.16309,0.0099553,0.12338,0.049464,-0.17696,-0.22784,-0.17287,-0.10526,-0.28563
-0.029176,0.20013,0.28015,0.076402,0.15695,0.45611,0.19794,0.26578,0.40659,0.29687,0.23025,0.52026,0.34169,0.22628,0.24048,0.092641,0.37826,0.14355,0.29068,0.56153,0.33074,0.20719,0.27663,0.49397,0.39593,0.44464,1,0.55093,0.46168,0.36709,-0.022393,-0.17237,-0.14412,0.023942,0.05475,0.26059,0.31386,-0.17414,-0.11839,0.17696,-0.20434,0.28792,-0.21925,0.021214,0.51921,-0.052526,-0.090012,0.097972,-0.029355,-0.22174,-0.068291,0.24137,0.091772,0.1258,0.42113,0.34444,0.21699,0.35603,0.28269,0.25528,0.45169,0.3148,0.34507,0.059704,0.19943,0.13603,0.13179,0.22637,0.22186,0.092172,0.47033,0.096497,0.19333,0.41063,0.49101,0.45468,0.47971,0.49671,0.057182,0.00030224,0.3246,-0.10217,0.22737,0.13504,0.69849,-0.03284,0.22932,0.401,0.24256,0.034638,-0.16402,-0.058943,0.11508,0.064775,0.066517,0.032877,-0.029167,-0.0076802,-0.063581,-0.12547
0.047485,0.26787,0.32179,0.08256,0.27182,0.45466,0.26188,0.28887,0.39416,0.39713,0.31381,0.52646,0.40297,0.30658,0.3458,0.19313,0.38047,0.23084,0.30534,0.38698,0.36874,0.27817,0.33202,0.37718,0.39687,0.43725,0.55093,1,0.43785,0.38093,0.02496,-0.057729,-0.052733,0.081284,0.13605,0.20389,0.28158,-0.046041,-0.046967,0.15334,-0.11563,0.28588,-0.092195,0.14647,0.31955,0.047642,-0.02692,0.099918,0.069257,-0.076998,0.010626,0.26944,0.20002,0.1287,0.42373,0.37928,0.24795,0.36111,0.40588,0.3531,0.47543,0.38436,0.37554,0.19145,0.30414,0.26229,0.1773,0.29718,0.21493,0.1623,0.40689,0.20678,0.25583,0.29432,0.43778,0.41784,0.43787,0.52104,0.095304,0.040584,0.1664,-0.036534,0.12031,0.17732,0.42245,-0.019848,0.18719,0.37445,0.15112,-0.025145,-0.083103,0.0042284,0.097994,0.12777,0.048447,0.089824,-0.011944,-0.0082029,0.035133,-0.060857
0.10274,0.30336,0.42077,-0.017613,0.28932,0.49651,0.37996,0.41067,0.475,0.38315,0.3435,0.54332,0.33007,0.27077,0.37328,0.26715,0.46171,0.32505,0.29019,0.50058,0.44698,0.29934,0.31755,0.5523,0.52385,0.41227,0.46168,0.43785,1,0.29425,0.065209,-0.055435,-0.04738,0.0996,0.17458,0.29909,0.28815,-0.20411,-0.095439,0.26574,-0.17859,0.20113,-0.13734,-0.0026453,0.24541,-0.20657,-0.16333,0.0047618,0.054116,-0.20035,0.10924,0.38949,0.23421,0.038187,0.4833,0.46335,0.38081,0.49516,0.44414,0.35591,0.47836,0.33246,0.38915,0.10092,0.28429,0.221,0.39213,0.27947,0.29582,0.30823,0.55168,0.29345,0.32163,0.46593,0.64001,0.50875,0.56711,0.50314,0.11485,0.088616,0.26441,-0.060264,0.12902,0.28584,0.42684,-0.011752,0.23444,0.2861,0.25574,-0.05866,-0.08316,-0.02507,0.15798,0.11285,0.10746,-0.00045466,-0.17701,-0.106,0.057128,-0.11911
0.015034,0.22399,0.23941,0.13709,0.16816,0.31647,0.22448,0.24189,0.28549,0.37722,0.30717,0.48227,0.48327,0.4043,0.40907,0.15733,0.29411,0.19493,0.3234,0.20212,0.37501,0.31066,0.34876,0.30206,0.25056,0.31083,0.36709,0.38093,0.29425,1,0.022799,0.025237,-0.069357,0.016737,0.078893,0.10196,0.12911,0.085202,0.044947,0.2483,-0.06723,0.17174,-0.0021321,0.049913,0.12294,0.074656,0.047555,-0.021903,0.023686,-0.034512,0.028116,0.23832,0.14248,0.18014,0.31766,0.28733,0.19583,0.26414,0.3317,0.32007,0.42703,0.43086,0.37455,0.26573,0.2918,0.34001,0.12253,0.30952,0.11901,0.11465,0.31764,0.18886,0.24955,0.25712,0.30566,0.31775,0.32593,0.47707,0.024527,0.03424,0.059059,-0.059753,0.032881,0.038317,0.24077,-0.0036859,0.079682,0.16769,0.064219,-0.030929,-0.072591,0.066655,0.12778,0.052669,0.02445,0.033656,-0.033573,-0.03693,-0.0016503,-0.063643
0.12042,0.027945,0.016606,-0.0050951,0.045741,0.018331,0.036145,-0.013384,-0.0033836,0.019368,0.067351,0.029882,0.019758,-0.00066279,0.033556,0.13807,0.0802,0.10943,0.035131,0.012071,0.056194,0.14071,0.075806,0.080324,0.088732,0.0849,-0.022393,0.02496,0.065209,0.022799,1,0.11297,0.13118,0.13999,0.21206,0.06047,0.039549,0.026963,0.039479,0.079607,0.075873,0.086914,0.16556,0.07959,0.010779,0.051796,0.051306,0.020696,0.057869,0.05316,0.087765,0.012999,0.05488,-0.013804,0.0040837,0.0055243,-0.0078307,-0.0046342,0.013547,0.015047,0.017918,0.0041788,0.0028981,-0.0079726,0.037588,0.048625,0.091453,0.027,0.07204,0.083372,0.026778,0.1245,0.066773,0.019203,0.061999,0.049769,0.032855,0.052865,0.043024,0.080742,0.0026776,0.072875,-0.0098347,0.13834,-0.064018,0.035191,0.0016113,0.050273,0.009389,-0.047481,0.060101,-0.0011641,-0.032909,0.096052,0.055611,0.0023263,0.0021081,-0.0075427,0.053692,-0.0078122
0.233,0.055068,0.0075331,0.0661,0.12859,-0.060681,0.11651,-0.032727,-0.086888,0.012279,0.026733,-0.080527,0.044955,0.02039,0.082002,0.17738,-0.052367,0.051164,-0.00078142,-0.050562,0.0078713,0.14127,0.070185,-0.010356,0.013521,-0.074624,-0.17237,-0.057729,-0.055435,0.025237,0.11297,1,0.28456,0.069819,0.16789,-0.0055612,-0.056586,0.45354,0.35206,0.28333,0.37086,0.11013,0.40372,0.1557,-0.093773,0.32421,0.31622,0.12847,0.15536,0.33596,0.16822,0.035818,0.044719,0.053218,-0.049885,-0.023712,-0.016398,-0.058831,-0.037408,0.017904,-0.1109,0.028249,-0.040676,0.10854,0.064402,0.14996,0.15969,-0.015898,-0.099693,0.023502,-0.047789,0.081093,0.060423,0.056036,-0.13414,-0.1239,-0.081903,-0.050737,0.030352,0.29794,-0.10142,0.083894,-0.15245,-0.038368,-0.24972,0.101,-0.010707,-0.078045,-0.012377,0.17974,0.22928,0.31392,0.16812,0.13678,0.20813,0.12095,0.24336,0.078375,0.14544,0.23787
0.26412,0.15734,0.05899,0.20806,0.2164,-0.020611,0.062979,-0.018484,-0.079184,-0.034996,-0.059229,-0.15374,-0.058942,-0.06032,-0.026331,0.34063,0.0082134,0.21234,-0.021721,0.12062,-0.12916,0.22732,0.11934,-0.0091377,-0.062436,-0.0017931,-0.14412,-0.052733,-0.04738,-0.069357,0.13118,0.28456,1,0.46966,0.43157,0.26205,0.098188,0.22938,0.44054,0.26527,0.57937,-0.0034315,0.4697,-0.029297,0.096578,0.27404,0.39733,0.41883,0.17987,0.33767,0.20868,0.092222,0.16493,0.17236,0.025328,0.0055034,0.025667,-0.043833,-0.040719,-0.10349,-0.18697,-0.058242,-0.035616,-0.0050822,-0.018306,0.0042659,0.25234,-0.018834,0.15985,0.19775,-0.076368,0.26145,0.062091,0.068276,-0.1061,-0.097748,-0.05759,-0.079061,0.026639,0.25048,0.24637,0.43986,0.18076,0.24926,-0.086851,0.42671,0.093887,0.040574,0.20249,0.38347,0.4837,0.16143,0.24087,0.17291,0.21723,0.0047695,0.29274,0.2983,0.15109,0.20699
0.22139,0.18544,0.1456,0.13019,0.24861,0.13713,0.038656,0.051106,0.053695,0.01571,-0.045213,0.025978,-0.0032989,0.010925,0.0042795,0.57443,0.35653,0.59947,0.15822,0.25625,0.029171,0.52566,0.30968,0.16355,0.038373,0.28176,0.023942,0.081284,0.0996,0.016737,0.13999,0.069819,0.46966,1,0.71677,0.56768,0.22913,-0.20905,0.19368,0.20656,0.28813,-0.11549,0.23526,-0.26919,0.03302,-0.1069,0.12214,0.31464,0.12299,0.087187,0.18684,0.13433,0.30342,0.044631,0.13696,0.11895,0.039428,0.068428,0.032567,-0.061107,-0.02399,-0.01193,0.068006,-0.046254,0.036799,-0.023939,0.2809,0.18769,0.59791,0.49321,0.087975,0.52619,0.19369,0.080893,0.1288,0.12621,0.036841,0.076053,0.091248,0.069526,0.4109,0.63382,0.3541,0.59787,0.081219,0.48927,0.19694,0.17759,0.36888,0.060253,0.31544,-0.12417,0.097515,0.13517,-0.035641,-0.26352,-0.080401,0.19684,0.090479,-0.0638
0.26267,0.21913,0.16949,0.12086,0.28088,0.16484,0.12669,0.084967,0.082245,0.067531,0.012987,0.10948,0.051624,-0.03066,0.036124,0.57404,0.37073,0.50881,0.094817,0.20842,0.059627,0.62329,0.31735,0.30881,0.19611,0.36146,0.05475,0.13605,0.17458,0.078893,0.21206,0.16789,0.43157,0.71677,1,0.39505,0.14019,-0.091131,0.19546,0.33763,0.26613,0.032897,0.45526,-0.14798,0.059794,0.024608,0.20357,0.25255,0.11649,0.07697,0.17632,0.14678,0.26703,0.057669,0.15372,0.12422,0.084182,0.087037,0.07385,-0.0012099,0.035728,0.031967,0.11245,-0.062034,0.05793,0.0034896,0.25264,0.12188,0.39128,0.36289,0.097442,0.486,0.19468,0.11795,0.20712,0.17598,0.080031,0.13941,0.099474,0.081884,0.21339,0.35368,0.14468,0.51135,-0.023162,0.31849,0.081741,0.11132,0.13858,-0.049011,0.15085,-0.092733,0.034403,0.19813,0.086557,-0.20638,-0.089332,0.0044247,0.042642,-0.13527
0.27483,0.3393,0.39064,0.22838,0.34637,0.45442,0.22606,0.30568,0.43047,0.12735,0.053182,0.23705,0.13635,0.054437,0.05342,0.38427,0.2443,0.44521,0.12192,0.48087,0.076398,0.2646,0.23023,0.27006,0.15976,0.25757,0.26059,0.20389,0.29909,0.10196,0.06047,-0.0055612,0.26205,0.56768,0.39505,1,0.47704,-0.13609,0.29928,0.29669,0.30111,0.0068484,-0.00016531,-0.14167,0.26048,-0.15069,0.093657,0.31123,0.35958,0.21287,0.26695,0.3369,0.24223,0.17671,0.42556,0.43126,0.27612,0.39984,0.15856,0.056891,0.19111,0.11919,0.24615,-0.051905,0.088069,-0.0093265,0.46684,0.098763,0.42909,0.43289,0.2223,0.32406,0.1558,0.30974,0.27014,0.24038,0.28624,0.19441,0.081702,0.13285,0.47158,0.57649,0.48725,0.3613,0.35888,0.50194,0.47478,0.29221,0.73721,0.28731,0.30272,0.06185,0.34428,0.12937,0.0033888,-0.018372,0.021919,0.27923,0.32684,0.24176
0.070313,0.20332,0.2387,0.12913,0.23261,0.3079,0.16221,0.22241,0.28505,0.23311,0.14302,0.27197,0.17735,0.14779,0.16952,0.20751,0.22592,0.21626,0.16824,0.30653,0.16085,0.11931,0.12407,0.25102,0.24288,0.22404,0.31386,0.28158,0.28815,0.12911,0.039549,-0.056586,0.098188,0.22913,0.14019,0.47704,1,-0.097706,0.092245,0.16148,0.03307,0.11542,-0.10322,-0.0098395,0.30122,-0.087034,-0.012107,0.10454,0.12573,0.047966,0.086028,0.22705,0.20865,0.15022,0.32636,0.27321,0.21225,0.30621,0.24728,0.15904,0.22551,0.15577,0.21618,0.067904,0.1422,0.12294,0.2225,0.16335,0.30395,0.23799,0.21332,0.18228,0.1158,0.27337,0.28805,0.26936,0.32422,0.23211,0.067748,0.1083,0.36243,0.26453,0.33923,0.26817,0.38307,0.21719,0.42303,0.30664,0.41994,0.17598,0.14033,0.038416,0.23554,0.10327,0.07143,0.059247,0.038889,0.11221,0.10623,0.12558
0.12037,0.088693,-0.030214,0.24419,0.1342,-0.061703,0.1226,-0.052581,-0.088281,0.049418,0.0062585,-0.15408,0.094283,0.10529,0.087047,-0.06431,-0.29986,-0.20098,-0.031557,-0.15496,-0.077144,-0.062729,-0.019394,-0.19332,-0.17656,-0.2577,-0.17414,-0.046041,-0.20411,0.085202,0.026963,0.45354,0.22938,-0.20905,-0.091131,-0.13609,-0.097706,1,0.62401,0.32537,0.61238,0.24553,0.51917,0.38418,0.045074,0.71034,0.64266,0.21212,0.25743,0.62661,0.10191,0.002568,-0.06096,0.25712,-0.038999,-0.041554,-0.045002,-0.090855,-0.054378,0.0040656,-0.16623,0.058126,-0.066872,0.25478,0.10153,0.22769,0.02094,-0.07229,-0.35226,-0.19352,-0.17923,-0.14819,-0.042239,-0.021574,-0.37217,-0.29631,-0.17003,-0.11383,-0.043793,0.30431,-0.19804,0.046687,-0.16511,-0.3538,-0.27252,0.14879,-0.043294,-0.087843,-0.031346,0.46695,0.30254,0.55991,0.31546,0.1237,0.28272,0.36551,0.57456,0.24431,0.22115,0.4945
0.19895,0.13948,0.063753,0.31227,0.20622,0.076933,0.10218,-0.028665,0.0012364,0.011974,-0.031978,-0.094326,0.034731,0.056433,0.022743,0.074688,-0.15127,-0.020887,-0.011539,0.067185,-0.11228,0.13157,0.068469,0.02043,-0.12799,-0.10394,-0.11839,-0.046967,-0.095439,0.044947,0.039479,0.35206,0.44054,0.19368,0.19546,0.29928,0.092245,0.62401,1,0.53047,0.79852,0.19182,0.57179,0.13575,0.19096,0.51282,0.70859,0.39464,0.30826,0.61461,0.13539,0.061306,-0.075766,0.28079,0.081502,0.066546,-0.034849,-0.018362,-0.049951,-0.051267,-0.15176,-0.0020778,-0.033881,0.13537,0.019471,0.10751,0.17828,-0.082572,-0.10335,-0.073607,-0.13938,0.043489,-0.035909,0.16393,-0.22461,-0.16814,-0.082413,-0.09614,-0.013869,0.3245,0.19619,0.36512,0.19415,-0.10968,-0.062967,0.54875,0.14676,0.031901,0.2855,0.65205,0.45801,0.47694,0.51753,0.19808,0.34238,0.18971,0.54561,0.34174,0.24709,0.45159
0.107,0.1899,0.23162,0.11256,0.24634,0.26556,0.32319,0.18158,0.21441,0.18816,0.12692,0.24032,0.19953,0.088587,0.16871,0.26097,0.18143,0.1568,0.098452,0.24892,0.13203,0.44865,0.19678,0.58137,0.28692,0.1903,0.17696,0.15334,0.26574,0.2483,0.079607,0.28333,0.26527,0.20656,0.33763,0.29669,0.16148,0.32537,0.53047,1,0.34995,0.32928,0.46668,-0.03026,0.20282,0.19525,0.4094,0.04086,0.040807,0.15029,0.063445,0.2207,0.036319,0.16149,0.27774,0.20881,0.18281,0.25534,0.13209,0.11602,0.11186,0.1212,0.13013,0.076354,0.099275,0.15564,0.30377,0.02924,0.059262,0.081387,0.17931,0.23806,0.11202,0.55286,0.26362,0.18619,0.2187,0.20084,0.025686,0.31931,0.28736,0.064151,0.09117,0.094117,0.15181,0.30933,0.15675,0.085176,0.19891,0.32712,0.14335,0.35626,0.50308,0.22879,0.46223,-0.0068676,0.20631,-0.080659,0.0031159,0.08739
0.34835,0.1142,0.017632,0.31353,0.20132,0.0018616,0.048556,-0.11538,-0.1068,-0.094126,-0.13586,-0.2648,-0.081443,-0.045921,-0.080944,0.092329,-0.22397,0.0085022,-0.062117,0.15039,-0.18885,0.070962,0.086889,-0.16438,-0.27039,-0.19546,-0.20434,-0.11563,-0.17859,-0.06723,0.075873,0.37086,0.57937,0.28813,0.26613,0.30111,0.03307,0.61238,0.79852,0.34995,1,0.073907,0.60207,0.20508,0.15213,0.60438,0.73883,0.64209,0.46749,0.7659,0.25294,0.013579,-0.068864,0.25675,-0.025077,0.030928,-0.11047,-0.13659,-0.15306,-0.14725,-0.29221,-0.082637,-0.1162,0.085278,-0.02914,0.049106,0.28162,-0.13295,-0.094577,-0.031527,-0.14979,0.053159,-0.020851,-0.0067022,-0.37282,-0.317,-0.17932,-0.19161,-0.028476,0.2948,0.13273,0.5026,0.17107,-0.079522,-0.16895,0.58671,0.094143,0.014788,0.3484,0.68914,0.5931,0.4299,0.40194,0.17713,0.24839,0.25501,0.61094,0.55522,0.43105,0.58082
-0.02766,0.10488,0.13228,0.052041,0.12485,0.18079,0.17073,0.13078,0.17146,0.14411,0.1074,0.18919,0.12835,0.059984,0.12141,0.0058822,0.071029,-0.050391,0.070684,0.11787,0.10865,0.13449,0.061216,0.34231,0.26977,0.21372,0.28792,0.28588,0.20113,0.17174,0.086914,0.11013,-0.0034315,-0.11549,0.032897,0.0068484,0.11542,0.24553,0.19182,0.32928,0.073907,1,0.25737,0.18963,0.36945,0.28107,0.245,-0.0614,-0.053118,0.042152,-0.083631,0.11843,-0.0063076,0.10248,0.18819,0.11149,0.11763,0.17324,0.1046,0.11165,0.12788,0.080842,0.093933,0.029003,0.081745,0.11365,0.022027,0.015766,-0.07382,-0.068541,0.1116,0.014988,0.038279,0.29379,0.18787,0.20189,0.22491,0.19798,0.031707,0.15806,0.10553,-0.16077,0.025215,-0.021211,0.20932,0.045496,0.067891,0.20975,-0.022076,0.17201,-0.079721,0.15267,0.18646,0.2289,0.35634,0.12663,0.22388,-0.13105,-0.092609,0.016658
0.1505,0.084705,-0.027214,0.19758,0.14374,-0.093592,0.041429,-0.078078,-0.13932,-0.10475,-0.090751,-0.20722,-0.089719,-0.087832,-0.031569,0.17779,-0.11143,0.034921,-0.083165,-0.11149,-0.1281,0.30887,0.059709,0.099227,-0.068617,-0.027979,-0.21925,-0.092195,-0.13734,-0.0021321,0.16556,0.40372,0.4697,0.23526,0.45526,-0.00016531,-0.10322,0.51917,0.57179,0.46668,0.60207,0.25737,1,0.083014,0.11696,0.57576,0.676,0.18687,0.07367,0.35751,0.047739,0.0068039,-0.0085569,0.1942,-0.053071,-0.1187,-0.034537,-0.10795,-0.14594,-0.12558,-0.26746,-0.12605,-0.124,0.027352,-0.03389,0.046392,0.012379,-0.11981,-0.12388,-0.037764,-0.17424,0.12778,-0.032805,0.044982,-0.20172,-0.1672,-0.17196,-0.12303,-0.0024859,0.24808,0.01567,0.14477,-0.047043,0.021752,-0.28854,0.32505,-0.098691,-0.10889,-0.12774,0.3313,0.25335,0.24876,0.19237,0.24962,0.46083,-0.0035648,0.40094,0.017746,0.0032342,0.096086
0.13704,0.056914,0.020728,0.061062,0.14714,0.054362,0.080178,-0.0085363,0.013398,0.11482,0.070366,-0.052272,0.076541,0.095711,0.086397,-0.12593,-0.18663,-0.17156,-0.010179,0.027294,0.043327,-0.19761,-0.0082147,-0.19356,-0.04428,-0.12003,0.021214,0.14647,-0.0026453,0.049913,0.07959,0.1557,-0.029297,-0.26919,-0.14798,-0.14167,-0.0098395,0.38418,0.13575,-0.03026,0.20508,0.18963,0.083014,1,0.12513,0.42187,0.14817,0.2019,0.28323,0.36694,0.11539,-0.014729,-0.041764,0.1131,0.00018432,0.086837,-0.035158,-0.02602,0.066794,0.068151,-0.039073,0.065753,-0.01588,0.15944,0.1379,0.16685,0.077236,-0.046188,-0.25867,-0.15361,-0.012103,-0.16495,0.016795,-0.10225,-0.20147,-0.12905,0.0089808,-0.033619,0.037722,0.08463,-0.27816,-0.09646,-0.13829,-0.22644,-0.115,-0.12791,-0.01261,0.088782,-0.012618,0.090518,0.085817,0.24466,0.057013,0.081744,-0.00022971,0.49939,0.2741,0.20374,0.28171,0.36221
-0.051328,0.10986,0.12191,0.14728,0.1423,0.25093,0.051852,0.099962,0.22545,0.13914,0.085597,0.18488,0.092058,0.053376,0.098262,-0.068024,0.091249,-0.079574,0.081877,0.36373,0.071654,0.044297,0.074704,0.32256,0.19837,0.20882,0.51921,0.31955,0.24541,0.12294,0.010779,-0.093773,0.096578,0.03302,0.059794,0.26048,0.30122,0.045074,0.19096,0.20282,0.15213,0.36945,0.11696,0.12513,1,0.23447,0.25635,0.22235,-0.010701,0.025123,-0.12068,0.11368,-0.026571,0.20831,0.25822,0.15403,0.086772,0.19704,0.11888,0.09845,0.1409,0.079369,0.11283,0.0074801,0.078316,0.057508,0.0092824,0.018914,0.084286,-0.076236,0.17976,-0.01143,0.014321,0.30519,0.22255,0.2295,0.29948,0.18348,0.043283,0.085363,0.43858,0.060893,0.41674,0.078693,0.55946,0.23943,0.24282,0.3662,0.2443,0.40723,0.070013,0.053856,0.23836,0.17895,0.2841,0.13193,0.30502,0.13687,-0.071956,0.051167
0.11739,0.041597,-0.073218,0.20998,0.10891,-0.070445,0.0020404,-0.12047,-0.1369,0.027386,-0.0047455,-0.20472,0.040906,0.058169,0.091539,-0.093399,-0.30212,-0.21116,-0.065306,-0.085177,-0.083065,-0.02731,0.0094501,-0.19545,-0.20273,-0.19909,-0.052526,0.047642,-0.20657,0.074656,0.051796,0.32421,0.27404,-0.1069,0.024608,-0.15069,-0.087034,0.71034,0.51282,0.19525,0.60438,0.28107,0.57576,0.42187,0.23447,1,0.67563,0.36275,0.21489,0.57093,0.032397,-0.040097,-0.069534,0.24289,-0.054099,-0.086929,-0.099933,-0.15046,-0.062855,-0.0093931,-0.215,0.010978,-0.097158,0.24007,0.084384,0.22622,-0.081885,-0.10571,-0.30506,-0.20459,-0.16334,-0.14049,-0.044637,-0.1401,-0.39801,-0.28865,-0.17538,-0.12142,-0.041673,0.22533,-0.15589,0.067204,-0.084774,-0.25773,-0.19356,0.1661,-0.063812,0.02487,-0.085817,0.45043,0.25932,0.37216,0.15668,0.15203,0.27865,0.32678,0.65921,0.29823,0.16077,0.37808
0.12823,0.092134,-0.012943,0.29218,0.12999,-0.017169,0.045754,-0.072042,-0.082571,-0.026265,-0.072852,-0.16455,0.0037257,0.014014,0.0048834,0.0083597,-0.18868,-0.085379,-0.036996,-0.004318,-0.13145,0.1584,0.066845,-0.0070536,-0.17684,-0.11132,-0.090012,-0.02692,-0.16333,0.047555,0.051306,0.31622,0.39733,0.12214,0.20357,0.093657,-0.012107,0.64266,0.70859,0.4094,0.73883,0.245,0.676,0.14817,0.25635,0.67563,1,0.37785,0.1923,0.532,0.02693,0.01933,-0.090479,0.27693,0.00516,-0.037888,-0.062361,-0.10359,-0.10526,-0.067421,-0.20531,-0.041423,-0.078154,0.13617,0.0098192,0.10958,0.01697,-0.092389,-0.15263,-0.13679,-0.15123,0.004808,-0.044132,0.058512,-0.27565,-0.2145,-0.15583,-0.10107,-0.030086,0.24914,0.10575,0.23605,0.103,-0.13574,-0.10287,0.45233,0.027762,0.01946,0.0663,0.59354,0.34018,0.37898,0.33687,0.19491,0.3687,0.136,0.6015,0.27749,0.10893,0.31106
0.36082,0.15882,0.11505,0.22289,0.22635,0.1638,0.027037,-0.027716,0.041866,0.066633,-0.018174,-0.096035,0.00038113,0.060652,0.013226,0.13129,-0.041552,0.12511,0.060338,0.43167,-0.035666,0.057749,0.26142,-0.19961,-0.14912,-0.026422,0.097972,0.099918,0.0047618,-0.021903,0.020696,0.12847,0.41883,0.31464,0.25255,0.31123,0.10454,0.21212,0.39464,0.04086,0.64209,-0.0614,0.18687,0.2019,0.22235,0.36275,0.37785,1,0.46943,0.51383,0.26454,0.080596,0.028682,0.16784,0.10329,0.18651,-0.043513,-0.036669,0.03213,-0.019069,-0.11128,0.034603,0.010873,0.11479,0.083908,0.079202,0.34039,0.0062078,0.076816,0.084956,0.089892,0.11034,0.10924,-0.044239,-0.19797,-0.14947,-0.01946,-0.031326,0.0032128,0.10355,0.15751,0.4346,0.24552,0.043063,0.083168,0.41552,0.09639,0.18864,0.41683,0.43639,0.443,0.18351,0.22992,0.063832,-0.045535,0.24796,0.36258,0.64678,0.45663,0.42399
0.44479,0.24198,0.23873,0.22948,0.2945,0.30122,0.14113,0.10207,0.18317,0.076649,-0.0071715,0.0015622,0.085177,0.054819,0.011204,0.13771,-0.099898,0.13528,0.021585,0.25851,0.013856,-0.064607,0.12645,-0.19022,-0.087219,-0.057168,-0.029355,0.069257,0.054116,0.023686,0.057869,0.15536,0.17987,0.12299,0.11649,0.35958,0.12573,0.25743,0.30826,0.040807,0.46749,-0.053118,0.07367,0.28323,-0.010701,0.21489,0.1923,0.46943,1,0.55985,0.38701,0.15003,0.070308,0.18755,0.16655,0.31581,0.076223,0.10339,0.044856,0.015315,-0.0045628,0.089102,0.091459,0.073717,0.08799,0.082019,0.4015,-0.014892,-0.025441,0.12882,0.051977,0.046546,0.068312,-0.063323,-0.15842,-0.12129,0.01784,-0.016079,0.0088719,0.1166,-0.066081,0.35838,0.079514,-0.041029,-0.081317,0.23132,0.14968,0.078064,0.42906,0.23554,0.35115,0.23365,0.18581,0.068012,-0.1122,0.33351,0.22023,0.45904,0.65953,0.53032
0.32438,0.10766,-0.0031756,0.29344,0.20483,0.016087,0.033322,-0.10374,-0.066482,0.019481,-0.070775,-0.20922,0.012044,0.030344,0.0037741,0.021463,-0.29965,-0.067735,-0.06636,0.013768,-0.14775,-0.094552,0.013683,-0.33452,-0.2686,-0.25711,-0.22174,-0.076998,-0.20035,-0.034512,0.05316,0.33596,0.33767,0.087187,0.07697,0.21287,0.047966,0.62661,0.61461,0.15029,0.7659,0.042152,0.35751,0.36694,0.025123,0.57093,0.532,0.51383,0.55985,1,0.2718,-0.006709,-0.047574,0.24534,-0.029923,0.043205,-0.11506,-0.12516,-0.050299,-0.063326,-0.21517,0.0068267,-0.066665,0.16926,0.048551,0.14114,0.20699,-0.11314,-0.20332,-0.076762,-0.18426,-0.057237,-0.047478,-0.1414,-0.42818,-0.33618,-0.18841,-0.18372,-0.032118,0.21057,-0.11685,0.39907,0.038837,-0.20226,-0.24997,0.35211,0.10104,0.0068859,0.28766,0.50008,0.47556,0.42685,0.28435,0.12057,0.040708,0.40206,0.52979,0.53161,0.51645,0.71783
0.3775,0.25192,0.23773,0.11118,0.23953,0.1848,0.20075,0.18306,0.14281,0.088723,0.036419,0.0036695,0.075485,0.012595,0.061572,0.28859,0.011912,0.27202,0.014628,0.22369,0.026495,0.077929,0.16339,-0.081039,0.00080688,-0.0069853,-0.068291,0.010626,0.10924,0.028116,0.087765,0.16822,0.20868,0.18684,0.17632,0.26695,0.086028,0.10191,0.13539,0.063445,0.25294,-0.083631,0.047739,0.11539,-0.12068,0.032397,0.02693,0.26454,0.38701,0.2718,1,0.27608,0.265,0.09019,0.15984,0.30227,0.19287,0.14495,0.088965,0.048672,0.01715,0.077539,0.11964,0.057029,0.091289,0.08299,0.48159,0.052284,0.13099,0.33756,0.1319,0.25913,0.1884,0.058867,-0.0068093,-0.0096485,0.087663,0.04868,0.063527,0.20568,0.023382,0.2959,0.067096,0.16717,-0.088519,0.19192,0.11263,0.044056,0.35007,0.10524,0.33041,0.16398,0.1753,0.10442,-0.014927,0.1858,0.063935,0.30526,0.46029,0.27206
0.18817,0.73071,0.70855,0.2482,0.51325,0.576,0.6049,0.80504,0.63489,0.40275,0.28194,0.38187,0.32729,0.22362,0.30666,0.46494,0.24021,0.49215,0.16511,0.33432,0.19725,0.20038,0.28193,0.26727,0.31737,0.23187,0.24137,0.26944,0.38949,0.23832,0.012999,0.035818,0.092222,0.13433,0.14678,0.3369,0.22705,0.002568,0.061306,0.2207,0.013579,0.11843,0.0068039,-0.014729,0.11368,-0.040097,0.01933,0.080596,0.15003,-0.006709,0.27608,1,0.55274,0.28553,0.7368,0.60679,0.81916,0.72412,0.44514,0.28932,0.35248,0.3127,0.46292,0.14777,0.26212,0.20528,0.44308,0.21163,0.2436,0.57101,0.29477,0.34546,0.34618,0.31225,0.36258,0.31154,0.42544,0.32133,0.087895,0.15926,0.20636,0.12614,0.16498,0.24137,0.25273,0.17231,0.21938,0.1483,0.30828,0.084359,0.12506,0.11638,0.2063,0.11695,0.09647,0.040313,-0.011485,0.083028,0.18154,0.021348
0.1315,0.55257,0.41364,0.32246,0.48894,0.30342,0.48338,0.56826,0.3556,0.32329,0.20956,0.21056,0.24299,0.22734,0.31394,0.69769,0.30991,0.5881,0.23147,0.17284,0.18769,0.24981,0.23717,0.08995,0.2448,0.21843,0.091772,0.20002,0.23421,0.14248,0.05488,0.044719,0.16493,0.30342,0.26703,0.24223,0.20865,-0.06096,-0.075766,0.036319,-0.068864,-0.0063076,-0.0085569,-0.041764,-0.026571,-0.069534,-0.090479,0.028682,0.070308,-0.047574,0.265,0.55274,1,0.39064,0.46936,0.33197,0.60969,0.51421,0.39328,0.23557,0.22638,0.24854,0.31365,0.23265,0.32507,0.25884,0.39099,0.38752,0.47292,0.70993,0.23451,0.48607,0.34411,0.16268,0.30533,0.2355,0.29072,0.23031,0.11655,0.15961,0.18573,0.26225,0.15633,0.47973,0.10085,0.12396,0.17379,0.13363,0.21851,-0.054944,0.18915,0.038877,0.11408,0.13169,0.012286,-0.00599,-0.088766,0.08043,0.073014,-0.02828
0.071366,0.44909,0.21849,0.83927,0.45454,0.2528,0.1963,0.36602,0.26209,0.24884,0.087688,0.14921,0.23803,0.20338,0.19579,0.20675,-0.08565,0.085285,0.016234,0.051319,-0.030771,-0.017328,0.038191,0.0079357,0.028153,0.049006,0.1258,0.1287,0.038187,0.18014,-0.013804,0.053218,0.17236,0.044631,0.057669,0.17671,0.15022,0.25712,0.28079,0.16149,0.25675,0.10248,0.1942,0.1131,0.20831,0.24289,0.27693,0.16784,0.18755,0.24534,0.09019,0.28553,0.39064,1,0.37441,0.20228,0.35076,0.31831,0.23963,0.10221,0.14399,0.20379,0.24108,0.22,0.15656,0.22215,0.083035,0.056676,0.0083175,0.12706,-0.022354,0.064428,0.016317,0.13745,0.00060641,0.044404,0.13113,0.11225,0.015977,0.11337,0.14863,0.22589,0.24251,-0.0015352,0.16338,0.26932,0.14946,0.091695,0.18766,0.28835,0.23347,0.21004,0.26625,0.13963,0.13897,0.17585,0.28176,0.25282,0.12181,0.23281
0.13817,0.69333,0.72063,0.32576,0.63477,0.74828,0.54729,0.77985,0.76319,0.48739,0.33797,0.54596,0.44759,0.30599,0.36986,0.39992,0.3248,0.43172,0.22809,0.44129,0.29651,0.24046,0.28436,0.38282,0.42599,0.35047,0.42113,0.42373,0.4833,0.31766,0.0040837,-0.049885,0.025328,0.13696,0.15372,0.42556,0.32636,-0.038999,0.081502,0.27774,-0.025077,0.18819,-0.053071,0.00018432,0.25822,-0.054099,0.00516,0.10329,0.16655,-0.029923,0.15984,0.7368,0.46936,0.37441,1,0.70852,0.75606,0.82214,0.53199,0.38302,0.5061,0.41148,0.53433,0.21398,0.34982,0.26877,0.40172,0.25617,0.2569,0.47452,0.39278,0.30487,0.3151,0.39415,0.4836,0.42327,0.51715,0.42921,0.077847,0.12129,0.30394,0.13132,0.27319,0.23605,0.41772,0.19307,0.2813,0.2632,0.38146,0.12996,0.087773,0.10834,0.27272,0.14072,0.10114,0.065351,0.0045847,0.088518,0.15806,0.028106
0.2491,0.558,0.65846,0.17745,0.45946,0.71426,0.46497,0.6278,0.67931,0.39207,0.2757,0.48406,0.3755,0.24985,0.26891,0.30802,0.27486,0.39482,0.20792,0.48958,0.28155,0.19672,0.31361,0.28154,0.34963,0.30034,0.34444,0.37928,0.46335,0.28733,0.0055243,-0.023712,0.0055034,0.11895,0.12422,0.43126,0.27321,-0.041554,0.066546,0.20881,0.030928,0.11149,-0.1187,0.086837,0.15403,-0.086929,-0.037888,0.18651,0.31581,0.043205,0.30227,0.60679,0.33197,0.20228,0.70852,1,0.58261,0.66805,0.42761,0.32712,0.45075,0.37099,0.47345,0.15147,0.28775,0.18961,0.52071,0.21428,0.22254,0.42037,0.42851,0.28489,0.31712,0.33494,0.41131,0.36627,0.46031,0.4001,0.072613,0.097303,0.20942,0.14976,0.2069,0.18672,0.32646,0.16527,0.2496,0.24379,0.45871,0.088083,0.12057,0.126,0.26164,0.10585,0.0016118,0.13167,-0.034,0.17691,0.38738,0.11981
0.10625,0.74898,0.7128,0.27752,0.52677,0.57218,0.63539,0.90483,0.68539,0.37488,0.26396,0.37709,0.30987,0.1811,0.27394,0.44868,0.19265,0.47237,0.10211,0.27044,0.16692,0.12375,0.19164,0.27911,0.33812,0.22685,0.21699,0.24795,0.38081,0.19583,-0.0078307,-0.016398,0.025667,0.039428,0.084182,0.27612,0.21225,-0.045002,-0.034849,0.18281,-0.11047,0.11763,-0.034537,-0.035158,0.086772,-0.099933,-0.062361,-0.043513,0.076223,-0.11506,0.19287,0.81916,0.60969,0.35076,0.75606,0.58261,1,0.8256,0.44719,0.27551,0.37433,0.29945,0.47865,0.10712,0.25442,0.15751,0.3736,0.15369,0.18168,0.58984,0.25887,0.27594,0.29754,0.29989,0.39092,0.31109,0.42439,0.3053,0.067833,0.11328,0.13041,0.0090511,0.10061,0.19717,0.23119,0.056771,0.176,0.096785,0.21931,-0.013141,0.010297,0.074677,0.15117,0.089667,0.093162,0.014911,-0.08531,-0.046381,0.082908,-0.05436
0.075382,0.66428,0.70368,0.24233,0.55541,0.70849,0.59565,0.83398,0.79924,0.45043,0.33437,0.53124,0.40447,0.27437,0.35015,0.38808,0.28831,0.42871,0.1874,0.39451,0.30072,0.16729,0.20244,0.40173,0.44065,0.31998,0.35603,0.36111,0.49516,0.26414,-0.0046342,-0.058831,-0.043833,0.068428,0.087037,0.39984,0.30621,-0.090855,-0.018362,0.25534,-0.13659,0.17324,-0.10795,-0.02602,0.19704,-0.15046,-0.10359,-0.036669,0.10339,-0.12516,0.14495,0.72412,0.51421,0.31831,0.82214,0.66805,0.8256,1,0.52105,0.37297,0.51363,0.38605,0.51581,0.17161,0.34565,0.22707,0.39798,0.21512,0.23619,0.51933,0.39968,0.26125,0.28293,0.403,0.52385,0.43252,0.52101,0.3952,0.06879,0.11209,0.24472,0.032336,0.1991,0.22257,0.38562,0.067687,0.26188,0.18489,0.34399,0.021541,-0.0077106,0.068185,0.22706,0.098259,0.086965,0.028771,-0.10658,-0.039006,0.097343,-0.033068
0.041482,0.40535,0.4075,0.1749,0.37706,0.4472,0.39566,0.46542,0.4643,0.76915,0.53976,0.5723,0.51471,0.52222,0.59383,0.27176,0.33692,0.28127,0.33334,0.24217,0.39436,0.18521,0.26091,0.25636,0.4669,0.28707,0.28269,0.40588,0.44414,0.3317,0.013547,-0.037408,-0.040719,0.032567,0.07385,0.15856,0.24728,-0.054378,-0.049951,0.13209,-0.15306,0.1046,-0.14594,0.066794,0.11888,-0.062855,-0.10526,0.03213,0.044856,-0.050299,0.088965,0.44514,0.39328,0.23963,0.53199,0.42761,0.44719,0.52105,1,0.5752,0.54879,0.52739,0.49781,0.45369,0.44142,0.50634,0.29366,0.3809,0.2368,0.32454,0.38536,0.27768,0.31171,0.35862,0.4989,0.42218,0.47501,0.43282,0.10459,0.077127,0.14715,0.015474,0.15589,0.20338,0.29821,0.020379,0.21668,0.22356,0.17984,-0.033093,0.01656,0.10069,0.23271,0.10166,0.010912,0.089148,-0.078882,0.045149,0.05384,-0.0064202
-0.00055127,0.23484,0.29256,0.044779,0.21739,0.34118,0.28588,0.29928,0.3481,0.51473,0.43777,0.5049,0.47703,0.39798,0.46684,0.14482,0.29081,0.15355,0.26824,0.188,0.36226,0.16677,0.20797,0.24989,0.37379,0.2435,0.25528,0.3531,0.35591,0.32007,0.015047,0.017904,-0.10349,-0.061107,-0.0012099,0.056891,0.15904,0.0040656,-0.051267,0.11602,-0.14725,0.11165,-0.12558,0.068151,0.09845,-0.0093931,-0.067421,-0.019069,0.015315,-0.063326,0.048672,0.28932,0.23557,0.10221,0.38302,0.32712,0.27551,0.37297,0.5752,1,0.50706,0.48372,0.37887,0.36054,0.36494,0.42683,0.18241,0.31313,0.12074,0.17353,0.34749,0.16688,0.22889,0.26742,0.40349,0.35631,0.3726,0.39795,0.063076,0.090335,0.063376,-0.082505,0.026073,0.096406,0.22748,-0.067736,0.12441,0.17156,0.069839,-0.035635,-0.051587,0.098618,0.15525,0.078006,0.029987,0.075921,-0.027641,-0.028024,0.012076,-0.038538
-0.01379,0.32783,0.38659,0.097301,0.23482,0.51758,0.32817,0.41427,0.53544,0.47691,0.40716,0.8233,0.6721,0.36544,0.36245,0.16377,0.4783,0.20848,0.31886,0.28738,0.39772,0.24063,0.21076,0.45779,0.49829,0.46898,0.45169,0.47543,0.47836,0.42703,0.017918,-0.1109,-0.18697,-0.02399,0.035728,0.19111,0.22551,-0.16623,-0.15176,0.11186,-0.29221,0.12788,-0.26746,-0.039073,0.1409,-0.215,-0.20531,-0.11128,-0.0045628,-0.21517,0.01715,0.35248,0.22638,0.14399,0.5061,0.45075,0.37433,0.51363,0.54879,0.50706,1,0.69658,0.63002,0.16549,0.29797,0.254,0.18696,0.36611,0.1894,0.18279,0.4525,0.21007,0.22078,0.35596,0.65292,0.59625,0.50085,0.60489,0.081173,0.00099152,0.13258,-0.13416,0.087621,0.13871,0.43076,-0.10191,0.16616,0.2013,0.12823,-0.13916,-0.1808,-0.045363,0.088056,0.058021,-0.050614,-0.035475,-0.20526,-0.12373,-0.026303,-0.15306
0.050367,0.32662,0.30184,0.16926,0.26821,0.38568,0.28656,0.3187,0.3874,0.51726,0.41344,0.65177,0.82019,0.41632,0.46162,0.16458,0.31136,0.15393,0.26126,0.20115,0.30421,0.17481,0.20173,0.23776,0.31671,0.28702,0.3148,0.38436,0.33246,0.43086,0.0041788,0.028249,-0.058242,-0.01193,0.031967,0.11919,0.15577,0.058126,-0.0020778,0.1212,-0.082637,0.080842,-0.12605,0.065753,0.079369,0.010978,-0.041423,0.034603,0.089102,0.0068267,0.077539,0.3127,0.24854,0.20379,0.41148,0.37099,0.29945,0.38605,0.52739,0.48372,0.69658,1,0.63499,0.3087,0.32423,0.4342,0.20009,0.29866,0.095712,0.14986,0.32015,0.16317,0.19827,0.25748,0.37496,0.37576,0.3625,0.49209,0.044867,0.063336,0.040591,-0.027806,0.047984,0.066716,0.23379,-0.020805,0.12444,0.15485,0.11288,-0.01209,-0.0016738,0.11566,0.16577,0.065516,-0.042706,0.085532,-0.030965,0.053643,0.085336,0.015874
0.087829,0.46477,0.44204,0.23674,0.3084,0.4864,0.3439,0.49601,0.51492,0.45709,0.33623,0.60461,0.62049,0.27594,0.35917,0.24908,0.27203,0.25933,0.1417,0.24421,0.212,0.18904,0.18746,0.30933,0.36298,0.34352,0.34507,0.37554,0.38915,0.37455,0.0028981,-0.040676,-0.035616,0.068006,0.11245,0.24615,0.21618,-0.066872,-0.033881,0.13013,-0.1162,0.093933,-0.124,-0.01588,0.11283,-0.097158,-0.078154,0.010873,0.091459,-0.066665,0.11964,0.46292,0.31365,0.24108,0.53433,0.47345,0.47865,0.51581,0.49781,0.37887,0.63002,0.63499,1,0.164,0.25217,0.27243,0.24698,0.18879,0.1566,0.28044,0.28009,0.22684,0.21672,0.2826,0.43243,0.40713,0.4224,0.49609,0.095835,0.033859,0.11965,0.019216,0.11127,0.14543,0.30003,0.035722,0.16898,0.1794,0.19431,-0.034006,-0.015454,0.023738,0.12767,0.077018,-0.023526,0.032438,-0.098705,0.012373,0.089841,-0.035647
0.0073153,0.16271,0.11611,0.17619,0.22633,0.13785,0.20961,0.1435,0.12678,0.49188,0.36009,0.18888,0.30367,0.66057,0.53779,0.15128,0.15148,0.14733,0.40564,0.040868,0.35645,0.099879,0.26973,-0.088811,0.07836,-0.023115,0.059704,0.19145,0.10092,0.26573,-0.0079726,0.10854,-0.0050822,-0.046254,-0.062034,-0.051905,0.067904,0.25478,0.13537,0.076354,0.085278,0.029003,0.027352,0.15944,0.0074801,0.24007,0.13617,0.11479,0.073717,0.16926,0.057029,0.14777,0.23265,0.22,0.21398,0.15147,0.10712,0.17161,0.45369,0.36054,0.16549,0.3087,0.164,1,0.54881,0.602,0.11314,0.45846,0.086981,0.12322,0.23532,0.11415,0.26903,0.087668,0.038458,0.011143,0.12553,0.15996,0.03175,0.093503,-0.025756,0.035044,0.017807,-0.019072,0.021419,0.030837,0.044906,0.055261,0.014164,0.092605,0.10424,0.21742,0.19667,0.057727,0.0099757,0.16848,0.15423,0.16651,0.092506,0.12078
0.07404,0.26405,0.2596,0.087447,0.31123,0.31006,0.31246,0.29039,0.29622,0.41858,0.33959,0.32496,0.32336,0.50738,0.44221,0.28264,0.31431,0.29215,0.43342,0.22691,0.46474,0.20154,0.32892,0.11198,0.24788,0.15538,0.19943,0.30414,0.28429,0.2918,0.037588,0.064402,-0.018306,0.036799,0.05793,0.088069,0.1422,0.10153,0.019471,0.099275,-0.02914,0.081745,-0.03389,0.1379,0.078316,0.084384,0.0098192,0.083908,0.08799,0.048551,0.091289,0.26212,0.32507,0.15656,0.34982,0.28775,0.25442,0.34565,0.44142,0.36494,0.29797,0.32423,0.25217,0.54881,1,0.45239,0.23014,0.4769,0.22604,0.27522,0.41773,0.21572,0.3416,0.18819,0.28253,0.20383,0.30203,0.30527,0.079822,0.081291,0.043115,0.0052545,0.045771,0.12171,0.14017,-0.015516,0.092952,0.14148,0.097995,-0.0061114,0.036734,0.12049,0.15358,0.063169,-0.0036426,0.12474,0.018095,0.07362,0.089499,0.025467
0.057179,0.19088,0.15512,0.17185,0.27378,0.17955,0.21582,0.16888,0.17789,0.54666,0.44915,0.29455,0.46152,0.52764,0.71189,0.15564,0.16885,0.1265,0.27594,0.074454,0.34159,0.13936,0.22881,0.058595,0.18828,0.075702,0.13603,0.26229,0.221,0.34001,0.048625,0.14996,0.0042659,-0.023939,0.0034896,-0.0093265,0.12294,0.22769,0.10751,0.15564,0.049106,0.11365,0.046392,0.16685,0.057508,0.22622,0.10958,0.079202,0.082019,0.14114,0.08299,0.20528,0.25884,0.22215,0.26877,0.18961,0.15751,0.22707,0.50634,0.42683,0.254,0.4342,0.27243,0.602,0.45239,1,0.13998,0.30513,0.063277,0.13619,0.25203,0.12467,0.23287,0.15171,0.11378,0.1222,0.23159,0.27591,0.058104,0.14471,-0.0063746,0.029421,0.013407,0.033305,0.04366,0.011238,0.1041,0.11608,0.044079,0.074675,0.1055,0.21082,0.21712,0.0969,0.06799,0.15434,0.14451,0.10373,0.091437,0.11096
0.41845,0.38847,0.45366,0.08137,0.41217,0.41939,0.48498,0.38021,0.35113,0.25386,0.14295,0.21679,0.15366,0.1382,0.16293,0.4312,0.26643,0.47069,0.19789,0.57606,0.23974,0.24851,0.36019,0.21538,0.25549,0.15692,0.13179,0.1773,0.39213,0.12253,0.091453,0.15969,0.25234,0.2809,0.25264,0.46684,0.2225,0.02094,0.17828,0.30377,0.28162,0.022027,0.012379,0.077236,0.0092824,-0.081885,0.01697,0.34039,0.4015,0.20699,0.48159,0.44308,0.39099,0.083035,0.40172,0.52071,0.3736,0.39798,0.29366,0.18241,0.18696,0.20009,0.24698,0.11314,0.23014,0.13998,1,0.21889,0.36898,0.54132,0.46532,0.50446,0.41326,0.45318,0.34928,0.22421,0.37347,0.25254,0.10483,0.27282,0.30964,0.37267,0.21726,0.3556,0.16841,0.35333,0.21941,0.18228,0.63206,0.23529,0.43003,0.24259,0.41397,0.16087,0.12784,0.18029,0.047787,0.37327,0.50841,0.30386
0.028889,0.17377,0.19611,0.012842,0.21444,0.24365,0.24754,0.20054,0.18811,0.33281,0.27449,0.39834,0.27602,0.59544,0.3594,0.40361,0.62825,0.4734,0.71025,0.24529,0.5474,0.381,0.42693,0.1754,0.28261,0.2939,0.22637,0.29718,0.27947,0.30952,0.027,-0.015898,-0.018834,0.18769,0.12188,0.098763,0.16335,-0.07229,-0.082572,0.02924,-0.13295,0.015766,-0.11981,-0.046188,0.018914,-0.10571,-0.092389,0.0062078,-0.014892,-0.11314,0.052284,0.21163,0.38752,0.056676,0.25617,0.21428,0.15369,0.21512,0.3809,0.31313,0.36611,0.29866,0.18879,0.45846,0.4769,0.30513,0.21889,1,0.52508,0.38084,0.46334,0.40838,0.41339,0.19228,0.45,0.30054,0.29048,0.37289,0.076682,0.027828,0.17825,0.075522,0.09004,0.31133,0.20893,0.022104,0.10191,0.1489,0.082623,-0.098565,0.0022691,-0.013356,0.060115,0.059,-0.075767,-0.055133,-0.13497,-0.0025973,-0.043822,-0.13156
0.076923,0.17949,0.22247,0.014372,0.22765,0.22869,0.17653,0.19825,0.17358,0.17136,0.1066,0.22759,0.081119,0.22611,0.14976,0.53121,0.57196,0.60635,0.40213,0.36851,0.29423,0.44982,0.35226,0.27464,0.23282,0.3629,0.22186,0.21493,0.29582,0.11901,0.07204,-0.099693,0.15985,0.59791,0.39128,0.42909,0.30395,-0.35226,-0.10335,0.059262,-0.094577,-0.07382,-0.12388,-0.25867,0.084286,-0.30506,-0.15263,0.076816,-0.025441,-0.20332,0.13099,0.2436,0.47292,0.0083175,0.2569,0.22254,0.18168,0.23619,0.2368,0.12074,0.1894,0.095712,0.1566,0.086981,0.22604,0.063277,0.36898,0.52508,1,0.63933,0.38226,0.61385,0.39299,0.24695,0.46332,0.34609,0.28899,0.25481,0.13607,0.048646,0.57186,0.47165,0.41162,0.70669,0.34195,0.31391,0.24428,0.27751,0.4094,-0.035246,0.20292,-0.16269,0.083378,0.10213,-0.043449,-0.22658,-0.22204,0.1175,-0.015858,-0.17974
0.23524,0.49634,0.47864,0.12223,0.4325,0.36032,0.43987,0.54748,0.38423,0.24356,0.15889,0.19958,0.13845,0.18219,0.21846,0.693,0.40954,0.77151,0.26273,0.33403,0.23934,0.35894,0.35554,0.15273,0.2283,0.25411,0.092172,0.1623,0.30823,0.11465,0.083372,0.023502,0.19775,0.49321,0.36289,0.43289,0.23799,-0.19352,-0.073607,0.081387,-0.031527,-0.068541,-0.037764,-0.15361,-0.076236,-0.20459,-0.13679,0.084956,0.12882,-0.076762,0.33756,0.57101,0.70993,0.12706,0.47452,0.42037,0.58984,0.51933,0.32454,0.17353,0.18279,0.14986,0.28044,0.12322,0.27522,0.13619,0.54132,0.38084,0.63933,1,0.35016,0.59915,0.45158,0.18543,0.3513,0.26521,0.30626,0.22802,0.13088,0.12362,0.29621,0.41159,0.23464,0.57105,0.12026,0.23118,0.2037,0.14968,0.41859,-0.078151,0.22987,-0.037474,0.093198,0.098979,-0.039269,-0.10902,-0.19493,0.11419,0.18889,-0.057614
0.11918,0.18471,0.34132,-0.09281,0.21083,0.43478,0.33831,0.2938,0.38991,0.32096,0.30078,0.4825,0.28746,0.35546,0.33179,0.24456,0.50295,0.36564,0.45697,0.62193,0.61665,0.31644,0.43471,0.44425,0.41813,0.34538,0.47033,0.40689,0.55168,0.31764,0.026778,-0.047789,-0.076368,0.087975,0.097442,0.2223,0.21332,-0.17923,-0.13938,0.17931,-0.14979,0.1116,-0.17424,-0.012103,0.17976,-0.16334,-0.15123,0.089892,0.051977,-0.18426,0.1319,0.29477,0.23451,-0.022354,0.39278,0.42851,0.25887,0.39968,0.38536,0.34749,0.4525,0.32015,0.28009,0.23532,0.41773,0.25203,0.46532,0.46334,0.38226,0.35016,1,0.32355,0.45993,0.43451,0.61632,0.44546,0.52018,0.4963,0.085345,0.073434,0.27105,-0.051865,0.11176,0.24506,0.4501,-0.017491,0.14328,0.24298,0.28243,-0.02884,-0.021284,-0.022376,0.15807,0.046886,0.05801,0.0074866,-0.13966,0.01774,0.081384,-0.11503
0.22133,0.31316,0.2981,0.087117,0.31869,0.24788,0.29336,0.28344,0.19696,0.22448,0.14154,0.23325,0.14251,0.18045,0.19437,0.57735,0.47169,0.58687,0.28112,0.28266,0.23416,0.5413,0.40068,0.29791,0.27855,0.3523,0.096497,0.20678,0.29345,0.18886,0.1245,0.081093,0.26145,0.52619,0.486,0.32406,0.18228,-0.14819,0.043489,0.23806,0.053159,0.014988,0.12778,-0.16495,-0.01143,-0.14049,0.004808,0.11034,0.046546,-0.057237,0.25913,0.34546,0.48607,0.064428,0.30487,0.28489,0.27594,0.26125,0.27768,0.16688,0.21007,0.16317,0.22684,0.11415,0.21572,0.12467,0.50446,0.40838,0.61385,0.59915,0.32355,1,0.45466,0.33979,0.42387,0.35714,0.29064,0.32522,0.13608,0.18372,0.41069,0.37508,0.23593,0.65574,0.1552,0.36303,0.13701,0.20463,0.30053,-0.00039869,0.25758,0.007456,0.18655,0.21651,0.16182,-0.14276,-0.086935,0.098947,0.088644,-0.10088
0.17508,0.28748,0.31748,-0.02689,0.26038,0.28001,0.34307,0.32309,0.24379,0.27758,0.21748,0.25784,0.18379,0.32881,0.28255,0.37027,0.38375,0.46996,0.3633,0.32486,0.38948,0.36113,0.49405,0.19352,0.23753,0.24853,0.19333,0.25583,0.32163,0.24955,0.066773,0.060423,0.062091,0.19369,0.19468,0.1558,0.1158,-0.042239,-0.035909,0.11202,-0.020851,0.038279,-0.032805,0.016795,0.014321,-0.044637,-0.044132,0.10924,0.068312,-0.047478,0.1884,0.34618,0.34411,0.016317,0.3151,0.31712,0.29754,0.28293,0.31171,0.22889,0.22078,0.19827,0.21672,0.26903,0.3416,0.23287,0.41326,0.41339,0.39299,0.45158,0.45993,0.45466,1,0.21618,0.35588,0.27212,0.33461,0.36564,0.080311,0.095653,0.15889,0.09398,0.07703,0.30899,0.17121,0.10449,0.076228,0.16913,0.19269,-0.054391,0.085945,0.015946,0.088536,0.079925,0.012518,0.01261,-0.082406,0.097762,0.11178,-0.051707
0.022667,0.21549,0.31152,0.074156,0.20857,0.35473,0.33716,0.30659,0.34291,0.30074,0.23169,0.40669,0.23524,0.19071,0.2547,0.17115,0.31817,0.16172,0.21581,0.44084,0.26276,0.27814,0.21034,0.60222,0.46985,0.30452,0.41063,0.29432,0.46593,0.25712,0.019203,0.056036,0.068276,0.080893,0.11795,0.30974,0.27337,-0.021574,0.16393,0.55286,-0.0067022,0.29379,0.044982,-0.10225,0.30519,-0.1401,0.058512,-0.044239,-0.063323,-0.1414,0.058867,0.31225,0.16268,0.13745,0.39415,0.33494,0.29989,0.403,0.35862,0.26742,0.35596,0.25748,0.2826,0.087668,0.18819,0.15171,0.45318,0.19228,0.24695,0.18543,0.43451,0.33979,0.21618,1,0.5937,0.45545,0.489,0.4067,0.070733,0.28509,0.49425,-0.0043841,0.23244,0.24758,0.49406,0.2169,0.25751,0.24023,0.31837,0.26654,0.094247,0.26544,0.56822,0.18861,0.44676,0.012501,0.072849,-0.060925,-0.043598,-0.022049
-0.022536,0.25275,0.39477,-0.078512,0.21368,0.48356,0.38085,0.41392,0.47909,0.36194,0.34092,0.67409,0.33887,0.24083,0.29367,0.31263,0.65325,0.36227,0.37484,0.44767,0.4723,0.41842,0.28342,0.74147,0.64813,0.55138,0.49101,0.43778,0.64001,0.30566,0.061999,-0.13414,-0.1061,0.1288,0.20712,0.27014,0.28805,-0.37217,-0.22461,0.26362,-0.37282,0.18787,-0.20172,-0.20147,0.22255,-0.39801,-0.27565,-0.19797,-0.15842,-0.42818,-0.0068093,0.36258,0.30533,0.00060641,0.4836,0.41131,0.39092,0.52385,0.4989,0.40349,0.65292,0.37496,0.43243,0.038458,0.28253,0.11378,0.34928,0.45,0.46332,0.3513,0.61632,0.42387,0.35588,0.5937,1,0.6961,0.62148,0.59229,0.12045,0.062934,0.42176,-0.12652,0.16907,0.43707,0.55257,-0.026777,0.22329,0.26795,0.17422,-0.15274,-0.18352,-0.13653,0.12049,0.1256,0.15508,-0.17737,-0.31546,-0.28321,-0.18292,-0.33117
-0.019833,0.24266,0.33535,-0.0023635,0.18363,0.43906,0.25928,0.34052,0.42501,0.32595,0.29224,0.60246,0.35743,0.19871,0.24948,0.22454,0.48247,0.26092,0.25454,0.32823,0.34053,0.33583,0.23629,0.56197,0.53101,0.51482,0.45468,0.41784,0.50875,0.31775,0.049769,-0.1239,-0.097748,0.12621,0.17598,0.24038,0.26936,-0.29631,-0.16814,0.18619,-0.317,0.20189,-0.1672,-0.12905,0.2295,-0.28865,-0.2145,-0.14947,-0.12129,-0.33618,-0.0096485,0.31154,0.2355,0.044404,0.42327,0.36627,0.31109,0.43252,0.42218,0.35631,0.59625,0.37576,0.40713,0.011143,0.20383,0.1222,0.22421,0.30054,0.34609,0.26521,0.44546,0.35714,0.27212,0.45545,0.6961,1,0.51382,0.53351,0.11144,0.059107,0.34304,-0.070182,0.20794,0.35868,0.49739,0.020404,0.18932,0.31468,0.15711,-0.11405,-0.13795,-0.096298,0.11102,0.16372,0.14087,-0.12536,-0.22226,-0.18087,-0.13577,-0.25289
0.077837,0.33907,0.42673,0.073523,0.28095,0.48374,0.37621,0.45134,0.4846,0.40219,0.34611,0.53153,0.35616,0.2672,0.3482,0.22615,0.37763,0.25963,0.26045,0.46658,0.36848,0.21569,0.26983,0.50495,0.49126,0.38344,0.47971,0.43787,0.56711,0.32593,0.032855,-0.081903,-0.05759,0.036841,0.080031,0.28624,0.32422,-0.17003,-0.082413,0.2187,-0.17932,0.22491,-0.17196,0.0089808,0.29948,-0.17538,-0.15583,-0.01946,0.01784,-0.18841,0.087663,0.42544,0.29072,0.13113,0.51715,0.46031,0.42439,0.52101,0.47501,0.3726,0.50085,0.3625,0.4224,0.12553,0.30203,0.23159,0.37347,0.29048,0.28899,0.30626,0.52018,0.29064,0.33461,0.489,0.62148,0.51382,1,0.50773,0.090854,0.10891,0.33489,-0.035075,0.21805,0.25819,0.51007,0.033111,0.28903,0.31285,0.29294,0.035859,-0.01252,0.024836,0.20823,0.11943,0.14734,0.044506,-0.083437,-0.035493,0.01898,-0.066879
0.036109,0.28485,0.35269,0.076075,0.21734,0.43564,0.31046,0.35021,0.42066,0.40334,0.34741,0.63716,0.49354,0.35086,0.38255,0.24182,0.46041,0.28977,0.33396,0.36172,0.44301,0.36891,0.37929,0.48441,0.44895,0.47425,0.49671,0.52104,0.50314,0.47707,0.052865,-0.050737,-0.079061,0.076053,0.13941,0.19441,0.23211,-0.11383,-0.09614,0.20084,-0.19161,0.19798,-0.12303,-0.033619,0.18348,-0.12142,-0.10107,-0.031326,-0.016079,-0.18372,0.04868,0.32133,0.23031,0.11225,0.42921,0.4001,0.3053,0.3952,0.43282,0.39795,0.60489,0.49209,0.49609,0.15996,0.30527,0.27591,0.25254,0.37289,0.25481,0.22802,0.4963,0.32522,0.36564,0.4067,0.59229,0.53351,0.50773,1,0.070995,0.041402,0.17182,-0.098696,0.070514,0.2114,0.41571,-0.027146,0.15351,0.30906,0.12352,-0.10733,-0.13559,-0.023501,0.099631,0.10144,0.068537,-0.011401,-0.13498,-0.10507,-0.026073,-0.1604
0.04609,0.069292,0.074274,0.017558,0.10587,0.071144,0.078772,0.069747,0.067416,0.096598,0.042543,0.076187,0.044022,0.031316,0.077449,0.12009,0.12248,0.10635,0.043348,0.068229,0.061035,0.086471,0.064544,0.077533,0.10584,0.10453,0.057182,0.095304,0.11485,0.024527,0.043024,0.030352,0.026639,0.091248,0.099474,0.081702,0.067748,-0.043793,-0.013869,0.025686,-0.028476,0.031707,-0.0024859,0.037722,0.043283,-0.041673,-0.030086,0.0032128,0.0088719,-0.032118,0.063527,0.087895,0.11655,0.015977,0.077847,0.072613,0.067833,0.06879,0.10459,0.063076,0.081173,0.044867,0.095835,0.03175,0.079822,0.058104,0.10483,0.076682,0.13607,0.13088,0.085345,0.13608,0.080311,0.070733,0.12045,0.11144,0.090854,0.070995,1,0.064184,0.092735,0.067783,0.12652,0.16106,0.088599,0.060375,0.06161,0.075834,0.083164,0.0064363,0.048669,0.016925,0.043219,0.086055,0.044429,0.046489,-0.0069149,0.021365,0.0059729,0.0069975
0.15201,0.12145,0.12057,0.085787,0.15573,0.065933,0.1709,0.082035,0.064122,0.07599,0.067053,-0.0016403,0.047995,0.012265,0.11149,0.16743,-5.9037e-05,0.053556,0.0095713,0.10244,0.017286,0.090387,0.040081,0.12145,0.1147,-0.028201,0.00030224,0.040584,0.088616,0.03424,0.080742,0.29794,0.25048,0.069526,0.081884,0.13285,0.1083,0.30431,0.3245,0.31931,0.2948,0.15806,0.24808,0.08463,0.085363,0.22533,0.24914,0.10355,0.1166,0.21057,0.20568,0.15926,0.15961,0.11337,0.12129,0.097303,0.11328,0.11209,0.077127,0.090335,0.00099152,0.063336,0.033859,0.093503,0.081291,0.14471,0.27282,0.027828,0.048646,0.12362,0.073434,0.18372,0.095653,0.28509,0.062934,0.059107,0.10891,0.041402,0.064184,1,0.20241,0.16853,0.083661,0.11947,0.038475,0.23547,0.15421,0.070379,0.19313,0.36259,0.3171,0.37586,0.36755,0.22201,0.37103,0.141,0.33242,0.1454,0.1078,0.24633
0.0050253,0.12983,0.16086,0.13566,0.1745,0.23231,0.085875,0.13076,0.19333,0.088949,0.045823,0.16618,0.02572,0.027843,0.067965,0.18492,0.30637,0.19303,0.14957,0.40916,0.06132,0.2543,0.12209,0.40765,0.21936,0.25785,0.3246,0.1664,0.26441,0.059059,0.0026776,-0.10142,0.24637,0.4109,0.21339,0.47158,0.36243,-0.19804,0.19619,0.28736,0.13273,0.10553,0.01567,-0.27816,0.43858,-0.15589,0.10575,0.15751,-0.066081,-0.11685,0.023382,0.20636,0.18573,0.14863,0.30394,0.20942,0.13041,0.24472,0.14715,0.063376,0.13258,0.040591,0.11965,-0.025756,0.043115,-0.0063746,0.30964,0.17825,0.57186,0.29621,0.27105,0.41069,0.15889,0.49425,0.42176,0.34304,0.33489,0.17182,0.092735,0.20241,1,0.49795,0.70736,0.5682,0.61879,0.60419,0.35701,0.36547,0.5488,0.48594,0.40756,0.025487,0.42033,0.22666,0.32848,-0.15138,0.17365,0.26361,-0.06501,-0.019526
0.27807,0.19759,0.11531,0.30519,0.28758,0.1044,-0.0098301,0.016988,0.029404,0.022402,-0.089397,-0.12208,-0.028486,0.0025064,-0.015032,0.32458,0.03738,0.32536,0.036116,0.17167,-0.1089,0.15076,0.12005,-0.16528,-0.15927,0.0097794,-0.10217,-0.036534,-0.060264,-0.059753,0.072875,0.083894,0.43986,0.63382,0.35368,0.57649,0.26453,0.046687,0.36512,0.064151,0.5026,-0.16077,0.14477,-0.09646,0.060893,0.067204,0.23605,0.4346,0.35838,0.39907,0.2959,0.12614,0.26225,0.22589,0.13132,0.14976,0.0090511,0.032336,0.015474,-0.082505,-0.13416,-0.027806,0.019216,0.035044,0.0052545,0.029421,0.37267,0.075522,0.47165,0.41159,-0.051865,0.37508,0.09398,-0.0043841,-0.12652,-0.070182,-0.035075,-0.098696,0.067783,0.16853,0.49795,1,0.58017,0.43599,0.070801,0.71212,0.31356,0.20442,0.64526,0.44871,0.68863,0.10672,0.30079,0.17084,-0.017895,0.032844,0.26414,0.6201,0.38866,0.37048
0.040802,0.17491,0.13878,0.25872,0.20938,0.23491,-0.0016464,0.12716,0.1987,0.13229,0.019575,0.10598,0.03692,0.053363,0.053469,0.095668,0.12628,0.13608,0.084244,0.29264,-0.013482,0.079556,0.084898,0.12057,0.04988,0.15869,0.22737,0.12031,0.12902,0.032881,-0.0098347,-0.15245,0.18076,0.3541,0.14468,0.48725,0.33923,-0.16511,0.19415,0.09117,0.17107,0.025215,-0.047043,-0.13829,0.41674,-0.084774,0.103,0.24552,0.079514,0.038837,0.067096,0.16498,0.15633,0.24251,0.27319,0.2069,0.10061,0.1991,0.15589,0.026073,0.087621,0.047984,0.11127,0.017807,0.045771,0.013407,0.21726,0.09004,0.41162,0.23464,0.11176,0.23593,0.07703,0.23244,0.16907,0.20794,0.21805,0.070514,0.12652,0.083661,0.70736,0.58017,1,0.39451,0.52922,0.63078,0.35695,0.36573,0.58595,0.45754,0.43086,0.01507,0.35323,0.2038,0.10131,0.020916,0.22421,0.4395,0.09739,0.13205
0.11731,0.2127,0.19942,0.011225,0.26182,0.169,0.15933,0.17976,0.13936,0.12077,0.078961,0.15795,0.045896,0.022144,0.11396,0.53831,0.47351,0.51249,0.19706,0.25376,0.14377,0.43047,0.23823,0.30947,0.27343,0.35462,0.13504,0.17732,0.28584,0.038317,0.13834,-0.038368,0.24926,0.59787,0.51135,0.3613,0.26817,-0.3538,-0.10968,0.094117,-0.079522,-0.021211,0.021752,-0.22644,0.078693,-0.25773,-0.13574,0.043063,-0.041029,-0.20226,0.16717,0.24137,0.47973,-0.0015352,0.23605,0.18672,0.19717,0.22257,0.20338,0.096406,0.13871,0.066716,0.14543,-0.019072,0.12171,0.033305,0.3556,0.31133,0.70669,0.57105,0.24506,0.65574,0.30899,0.24758,0.43707,0.35868,0.25819,0.2114,0.16106,0.11947,0.5682,0.43599,0.39451,1,0.28239,0.32888,0.2136,0.2663,0.30573,-0.053256,0.22705,-0.16416,0.064351,0.22354,0.11614,-0.22864,-0.15883,0.054136,-0.036647,-0.19565
-0.094601,0.17897,0.25828,0.11617,0.13729,0.41665,0.16988,0.27614,0.39644,0.24846,0.19167,0.45629,0.21084,0.18081,0.1671,0.029834,0.33718,0.097325,0.24603,0.52929,0.24861,0.11385,0.17382,0.47368,0.34555,0.37678,0.69849,0.42245,0.42684,0.24077,-0.064018,-0.24972,-0.086851,0.081219,-0.023162,0.35888,0.38307,-0.27252,-0.062967,0.15181,-0.16895,0.20932,-0.28854,-0.115,0.55946,-0.19356,-0.10287,0.083168,-0.081317,-0.24997,-0.088519,0.25273,0.10085,0.16338,0.41772,0.32646,0.23119,0.38562,0.29821,0.22748,0.43076,0.23379,0.30003,0.021419,0.14017,0.04366,0.16841,0.20893,0.34195,0.12026,0.4501,0.1552,0.17121,0.49406,0.55257,0.49739,0.51007,0.41571,0.088599,0.038475,0.61879,0.070801,0.52922,0.28239,1,0.20129,0.31857,0.45112,0.39156,0.22414,-0.0014591,-0.05731,0.24585,0.10092,0.14315,-0.0087351,0.038161,0.12134,-0.11449,-0.094342
0.21451,0.21158,0.14497,0.33773,0.2538,0.1539,0.053874,0.070799,0.075204,0.029522,-0.075592,-0.066149,-0.026848,0.00028416,-0.01994,0.20792,0.031376,0.20253,0.026262,0.2332,-0.11973,0.22141,0.14913,0.051927,-0.082932,0.049973,-0.03284,-0.019848,-0.011752,-0.0036859,0.035191,0.101,0.42671,0.48927,0.31849,0.50194,0.21719,0.14879,0.54875,0.30933,0.58671,0.045496,0.32505,-0.12791,0.23943,0.1661,0.45233,0.41552,0.23132,0.35211,0.19192,0.17231,0.12396,0.26932,0.19307,0.16527,0.056771,0.067687,0.020379,-0.067736,-0.10191,-0.020805,0.035722,0.030837,-0.015516,0.011238,0.35333,0.022104,0.31391,0.23118,-0.017491,0.36303,0.10449,0.2169,-0.026777,0.020404,0.033111,-0.027146,0.060375,0.23547,0.60419,0.71212,0.63078,0.32888,0.20129,1,0.26317,0.23078,0.571,0.65119,0.60642,0.22117,0.49185,0.26044,0.27117,0.011389,0.42748,0.53735,0.25114,0.3056
0.099798,0.17796,0.21619,0.14139,0.19686,0.2486,0.13092,0.18578,0.24045,0.18769,0.12344,0.19363,0.13221,0.10885,0.14724,0.16175,0.14522,0.15401,0.10092,0.24178,0.086877,0.060757,0.072416,0.19505,0.16517,0.13606,0.22932,0.18719,0.23444,0.079682,0.0016113,-0.010707,0.093887,0.19694,0.081741,0.47478,0.42303,-0.043294,0.14676,0.15675,0.094143,0.067891,-0.098691,-0.01261,0.24282,-0.063812,0.027762,0.09639,0.14968,0.10104,0.11263,0.21938,0.17379,0.14946,0.2813,0.2496,0.176,0.26188,0.21668,0.12441,0.16616,0.12444,0.16898,0.044906,0.092952,0.1041,0.21941,0.10191,0.24428,0.2037,0.14328,0.13701,0.076228,0.25751,0.22329,0.18932,0.28903,0.15351,0.06161,0.15421,0.35701,0.31356,0.35695,0.2136,0.31857,0.26317,1,0.25649,0.44916,0.25637,0.20825,0.11216,0.26482,0.1301,0.065296,0.094943,0.10208,0.16087,0.13839,0.23087
0.06864,0.15142,0.17241,0.069129,0.17816,0.27431,0.097287,0.12683,0.21275,0.22704,0.14859,0.24187,0.16227,0.13498,0.16313,0.11658,0.20676,0.13149,0.16944,0.32958,0.17121,0.14861,0.19036,0.22137,0.22417,0.2607,0.401,0.37445,0.2861,0.16769,0.050273,-0.078045,0.040574,0.17759,0.11132,0.29221,0.30664,-0.087843,0.031901,0.085176,0.014788,0.20975,-0.10889,0.088782,0.3662,0.02487,0.01946,0.18864,0.078064,0.0068859,0.044056,0.1483,0.13363,0.091695,0.2632,0.24379,0.096785,0.18489,0.22356,0.17156,0.2013,0.15485,0.1794,0.055261,0.14148,0.11608,0.18228,0.1489,0.27751,0.14968,0.24298,0.20463,0.16913,0.24023,0.26795,0.31468,0.31285,0.30906,0.075834,0.070379,0.36547,0.20442,0.36573,0.2663,0.45112,0.23078,0.25649,1,0.31601,0.17148,0.12045,-0.018603,0.1799,0.16245,0.065061,0.13049,0.13054,0.20549,0.056376,0.067168
0.30177,0.29043,0.3345,0.22372,0.31778,0.41077,0.20592,0.24879,0.34268,0.16852,0.046644,0.15228,0.11058,0.070686,0.070017,0.23083,0.12934,0.30404,0.097409,0.56397,0.055555,0.077848,0.18378,0.10397,0.082789,0.11186,0.24256,0.15112,0.25574,0.064219,0.009389,-0.012377,0.20249,0.36888,0.13858,0.73721,0.41994,-0.031346,0.2855,0.19891,0.3484,-0.022076,-0.12774,-0.012618,0.2443,-0.085817,0.0663,0.41683,0.42906,0.28766,0.35007,0.30828,0.21851,0.18766,0.38146,0.45871,0.21931,0.34399,0.17984,0.069839,0.12823,0.11288,0.19431,0.014164,0.097995,0.044079,0.63206,0.082623,0.4094,0.41859,0.28243,0.30053,0.19269,0.31837,0.17422,0.15711,0.29294,0.12352,0.083164,0.19313,0.5488,0.64526,0.58595,0.30573,0.39156,0.571,0.44916,0.31601,1,0.47395,0.51728,0.19801,0.47196,0.11017,0.010535,0.16842,0.17206,0.57037,0.51289,0.45833
0.12619,0.097419,0.037677,0.2834,0.13934,0.077749,0.028301,-0.025821,0.016233,-0.0043714,-0.057369,-0.13603,-0.025908,-0.027874,-0.0054393,-0.10002,-0.19692,-0.16873,-0.056983,0.22076,-0.16397,-0.071191,-0.03519,-0.018838,-0.12801,-0.15661,0.034638,-0.025145,-0.05866,-0.030929,-0.047481,0.17974,0.38347,0.060253,-0.049011,0.28731,0.17598,0.46695,0.65205,0.32712,0.68914,0.17201,0.3313,0.090518,0.40723,0.45043,0.59354,0.43639,0.23554,0.50008,0.10524,0.084359,-0.054944,0.28835,0.12996,0.088083,-0.013141,0.021541,-0.033093,-0.035635,-0.13916,-0.01209,-0.034006,0.092605,-0.0061114,0.074675,0.23529,-0.098565,-0.035246,-0.078151,-0.02884,-0.00039869,-0.054391,0.26654,-0.15274,-0.11405,0.035859,-0.10733,0.0064363,0.36259,0.48594,0.44871,0.45754,-0.053256,0.22414,0.65119,0.25637,0.17148,0.47395,1,0.60931,0.47565,0.60444,0.20352,0.43004,0.26066,0.72822,0.55606,0.23022,0.54934
0.30484,0.15055,0.069837,0.26417,0.24612,0.039476,0.038399,-0.012394,-0.03391,0.025278,-0.053215,-0.1902,-0.03765,-0.018426,0.019988,0.16772,-0.11867,0.099493,-0.020538,0.15924,-0.11854,0.012019,0.055036,-0.2037,-0.14291,-0.15199,-0.16402,-0.083103,-0.08316,-0.072591,0.060101,0.22928,0.4837,0.31544,0.15085,0.30272,0.14033,0.30254,0.45801,0.14335,0.5931,-0.079721,0.25335,0.085817,0.070013,0.25932,0.34018,0.443,0.35115,0.47556,0.33041,0.12506,0.18915,0.23347,0.087773,0.12057,0.010297,-0.0077106,0.01656,-0.051587,-0.1808,-0.0016738,-0.015454,0.10424,0.036734,0.1055,0.43003,0.0022691,0.20292,0.22987,-0.021284,0.25758,0.085945,0.094247,-0.18352,-0.13795,-0.01252,-0.13559,0.048669,0.3171,0.40756,0.68863,0.43086,0.22705,-0.0014591,0.60642,0.20825,0.12045,0.51728,0.60931,1,0.34987,0.44723,0.21409,0.18272,0.23405,0.47362,0.648,0.41454,0.49794
0.13329,0.12446,0.083901,0.18287,0.15962,0.062496,0.15015,0.056636,0.038686,0.128,0.048099,-0.041285,0.10295,0.099507,0.13541,-0.018037,-0.15685,-0.11016,0.017303,0.059614,-0.027353,-0.049973,0.016452,-0.054378,-0.0091389,-0.16309,-0.058943,0.0042284,-0.02507,0.066655,-0.0011641,0.31392,0.16143,-0.12417,-0.092733,0.06185,0.038416,0.55991,0.47694,0.35626,0.4299,0.15267,0.24876,0.24466,0.053856,0.37216,0.37898,0.18351,0.23365,0.42685,0.16398,0.11638,0.038877,0.21004,0.10834,0.126,0.074677,0.068185,0.10069,0.098618,-0.045363,0.11566,0.023738,0.21742,0.12049,0.21082,0.24259,-0.013356,-0.16269,-0.037474,-0.022376,0.007456,0.015946,0.26544,-0.13653,-0.096298,0.024836,-0.023501,0.016925,0.37586,0.025487,0.10672,0.01507,-0.16416,-0.05731,0.22117,0.11216,-0.018603,0.19801,0.47565,0.34987,1,0.52606,0.13811,0.30826,0.3411,0.46573,0.26865,0.24827,0.47095
0.11466,0.19302,0.19219,0.22925,0.24092,0.24084,0.20143,0.15614,0.19165,0.22332,0.11921,0.11377,0.1635,0.16551,0.1926,0.074479,0.011689,0.027668,0.10579,0.30383,0.058304,0.093462,0.11005,0.17259,0.12842,0.0099553,0.11508,0.097994,0.15798,0.12778,-0.032909,0.16812,0.24087,0.097515,0.034403,0.34428,0.23554,0.31546,0.51753,0.50308,0.40194,0.18646,0.19237,0.057013,0.23836,0.15668,0.33687,0.22992,0.18581,0.28435,0.1753,0.2063,0.11408,0.26625,0.27272,0.26164,0.15117,0.22706,0.23271,0.15525,0.088056,0.16577,0.12767,0.19667,0.15358,0.21712,0.41397,0.060115,0.083378,0.093198,0.15807,0.18655,0.088536,0.56822,0.12049,0.11102,0.20823,0.099631,0.043219,0.36755,0.42033,0.30079,0.35323,0.064351,0.24585,0.49185,0.26482,0.1799,0.47196,0.60444,0.44723,0.52606,1,0.2098,0.38641,0.22874,0.41136,0.32183,0.20975,0.3746
0.089275,0.12278,0.097661,0.12736,0.18768,0.12164,0.10295,0.076871,0.086961,0.094716,0.040898,0.076711,0.060021,0.039924,0.084226,0.16004,0.074524,0.084023,0.037877,0.076363,0.038035,0.14571,0.072117,0.16853,0.15202,0.12338,0.064775,0.12777,0.11285,0.052669,0.096052,0.13678,0.17291,0.13517,0.19813,0.12937,0.10327,0.1237,0.19808,0.22879,0.17713,0.2289,0.24962,0.081744,0.17895,0.15203,0.19491,0.063832,0.068012,0.12057,0.10442,0.11695,0.13169,0.13963,0.14072,0.10585,0.089667,0.098259,0.10166,0.078006,0.058021,0.065516,0.077018,0.057727,0.063169,0.0969,0.16087,0.059,0.10213,0.098979,0.046886,0.21651,0.079925,0.18861,0.1256,0.16372,0.11943,0.10144,0.086055,0.22201,0.22666,0.17084,0.2038,0.22354,0.10092,0.26044,0.1301,0.16245,0.11017,0.20352,0.21409,0.13811,0.2098,1,0.28466,0.085055,0.2274,0.07582,0.0408,0.082901
0.02135,0.063443,0.045399,0.076824,0.093981,0.016709,0.12577,0.049696,0.0073629,-0.010562,0.024293,-0.027439,-0.045952,-0.070398,0.055289,0.012982,-0.017102,-0.093202,-0.042751,0.080105,-0.035334,0.13366,-0.018801,0.34211,0.17505,0.049464,0.066517,0.048447,0.10746,0.02445,0.055611,0.20813,0.21723,-0.035641,0.086557,0.0033888,0.07143,0.28272,0.34238,0.46223,0.24839,0.35634,0.46083,-0.00022971,0.2841,0.27865,0.3687,-0.045535,-0.1122,0.040708,-0.014927,0.09647,0.012286,0.13897,0.10114,0.0016118,0.093162,0.086965,0.010912,0.029987,-0.050614,-0.042706,-0.023526,0.0099757,-0.0036426,0.06799,0.12784,-0.075767,-0.043449,-0.039269,0.05801,0.16182,0.012518,0.44676,0.15508,0.14087,0.14734,0.068537,0.044429,0.37103,0.32848,-0.017895,0.10131,0.11614,0.14315,0.27117,0.065296,0.065061,0.010535,0.43004,0.18272,0.30826,0.38641,0.28466,1,0.031346,0.41505,-0.073674,-0.12776,0.04962
0.17458,0.10526,0.051366,0.13683,0.17502,0.08748,0.10293,0.036378,0.054917,0.15221,0.052652,-0.043711,0.070406,0.084184,0.084246,-0.12078,-0.22436,-0.16906,-0.0091341,0.084753,0.013849,-0.26676,-0.03516,-0.21416,-0.05095,-0.17696,0.032877,0.089824,-0.00045466,0.033656,0.0023263,0.12095,0.0047695,-0.26352,-0.20638,-0.018372,0.059247,0.36551,0.18971,-0.0068676,0.25501,0.12663,-0.0035648,0.49939,0.13193,0.32678,0.136,0.24796,0.33351,0.40206,0.1858,0.040313,-0.00599,0.17585,0.065351,0.13167,0.014911,0.028771,0.089148,0.075921,-0.035475,0.085532,0.032438,0.16848,0.12474,0.15434,0.18029,-0.055133,-0.22658,-0.10902,0.0074866,-0.14276,0.01261,0.012501,-0.17737,-0.12536,0.044506,-0.011401,0.046489,0.141,-0.15138,0.032844,0.020916,-0.22864,-0.0087351,0.011389,0.094943,0.13049,0.16842,0.26066,0.23405,0.3411,0.22874,0.085055,0.031346,1,0.37371,0.34513,0.36175,0.50161
0.11994,0.056943,-0.048373,0.26905,0.11743,-0.037122,-0.013215,-0.094155,-0.082007,0.00054583,-0.054367,-0.20975,-0.024499,-0.018044,0.021082,-0.16467,-0.31008,-0.25956,-0.089663,0.011823,-0.15848,-0.13919,-0.075472,-0.16382,-0.18286,-0.22784,-0.029167,-0.011944,-0.17701,-0.033573,0.0021081,0.24336,0.29274,-0.080401,-0.089332,0.021919,0.038889,0.57456,0.54561,0.20631,0.61094,0.22388,0.40094,0.2741,0.30502,0.65921,0.6015,0.36258,0.22023,0.52979,0.063935,-0.011485,-0.088766,0.28176,0.0045847,-0.034,-0.08531,-0.10658,-0.078882,-0.027641,-0.20526,-0.030965,-0.098705,0.15423,0.018095,0.14451,0.047787,-0.13497,-0.22204,-0.19493,-0.13966,-0.086935,-0.082406,0.072849,-0.31546,-0.22226,-0.083437,-0.13498,-0.0069149,0.33242,0.17365,0.26414,0.22421,-0.15883,0.038161,0.42748,0.10208,0.13054,0.17206,0.72822,0.47362,0.46573,0.41136,0.2274,0.41505,0.37371,1,0.47405,0.19627,0.49536
0.29416,0.162,0.072887,0.30515,0.20621,0.10763,-0.0015809,-0.021596,0.014897,0.096035,-0.035763,-0.1451,0.016741,0.078075,0.0090395,0.017515,-0.16938,0.025274,0.015809,0.27042,-0.10067,-0.13103,0.10118,-0.36979,-0.24556,-0.17287,-0.0076802,-0.0082029,-0.106,-0.03693,-0.0075427,0.078375,0.2983,0.19684,0.0044247,0.27923,0.11221,0.24431,0.34174,-0.080659,0.55522,-0.13105,0.017746,0.20374,0.13687,0.29823,0.27749,0.64678,0.45904,0.53161,0.30526,0.083028,0.08043,0.25282,0.088518,0.17691,-0.046381,-0.039006,0.045149,-0.028024,-0.12373,0.053643,0.012373,0.16651,0.07362,0.10373,0.37327,-0.0025973,0.1175,0.11419,0.01774,0.098947,0.097762,-0.060925,-0.28321,-0.18087,-0.035493,-0.10507,0.021365,0.1454,0.26361,0.6201,0.4395,0.054136,0.12134,0.53735,0.16087,0.20549,0.57037,0.55606,0.648,0.26865,0.32183,0.07582,-0.073674,0.34513,0.47405,1,0.52648,0.56684
0.46843,0.22907,0.23668,0.18047,0.26427,0.25293,0.14892,0.10402,0.16778,0.087622,0.0001581,-0.024884,0.073138,0.036553,0.01447,0.10242,-0.12919,0.13262,-0.0085031,0.26502,-0.010282,-0.09291,0.1315,-0.24284,-0.10872,-0.10526,-0.063581,0.035133,0.057128,-0.0016503,0.053692,0.14544,0.15109,0.090479,0.042642,0.32684,0.10623,0.22115,0.24709,0.0031159,0.43105,-0.092609,0.0032342,0.28171,-0.071956,0.16077,0.10893,0.45663,0.65953,0.51645,0.46029,0.18154,0.073014,0.12181,0.15806,0.38738,0.082908,0.097343,0.05384,0.012076,-0.026303,0.085336,0.089841,0.092506,0.089499,0.091437,0.50841,-0.043822,-0.015858,0.18889,0.081384,0.088644,0.11178,-0.043598,-0.18292,-0.13577,0.01898,-0.026073,0.0059729,0.1078,-0.06501,0.38866,0.09739,-0.036647,-0.11449,0.25114,0.13839,0.056376,0.51289,0.23022,0.41454,0.24827,0.20975,0.0408,-0.12776,0.36175,0.19627,0.52648,1,0.57313
0.28834,0.10043,0.029423,0.25577,0.17888,0.050765,0.052472,-0.045653,0.0011049,0.036225,-0.049715,-0.16921,0.010207,-0.0087296,-0.0064186,-0.070163,-0.29902,-0.14592,-0.093962,0.093099,-0.14697,-0.25456,-0.070052,-0.31318,-0.20262,-0.28563,-0.12547,-0.060857,-0.11911,-0.063643,-0.0078122,0.23787,0.20699,-0.0638,-0.13527,0.24176,0.12558,0.4945,0.45159,0.08739,0.58082,0.016658,0.096086,0.36221,0.051167,0.37808,0.31106,0.42399,0.53032,0.71783,0.27206,0.021348,-0.02828,0.23281,0.028106,0.11981,-0.05436,-0.033068,-0.0064202,-0.038538,-0.15306,0.015874,-0.035647,0.12078,0.025467,0.11096,0.30386,-0.13156,-0.17974,-0.057614,-0.11503,-0.10088,-0.051707,-0.022049,-0.33117,-0.25289,-0.066879,-0.1604,0.0069975,0.24633,-0.019526,0.37048,0.13205,-0.19565,-0.094342,0.3056,0.23087,0.067168,0.45833,0.54934,0.49794,0.47095,0.3746,0.082901,0.04962,0.50161,0.49536,0.56684,0.57313,1
