1,0.40518,0.41556,-0.027414,0.35564,0.43223,0.40348,0.4065,0.39643,0.41889,0.30907,0.30706,0.31172,0.288,0.23089,0.43779,0.25428,0.41442,0.25395,0.34631,0.20825,0.18557,0.25859,0.23379,0.33427,0.23318,0.17446,0.21834,0.34978,0.063799,0.19588,0.18683,0.14658,0.28889,0.25179,0.27629,0.22714,0.15995,0.12154,0.13404,0.20531,0.034986,-0.013191,0.20878,0.22068,0.10569,0.0903,0.26009,0.42098,0.24115,0.39564,0.43607,0.42894,0.11307,0.40037,0.42069,0.39588,0.4086,0.42114,0.33357,0.30741,0.27232,0.32031,0.28262,0.32279,0.19736,0.46277,0.30938,0.33405,0.41985,0.31331,0.24173,0.32367,0.32646,0.29086,0.27396,0.33956,0.21063,0.1094,0.20433,0.23726,0.21403,0.17054,0.25605,0.2086,0.17312,0.18706,0.17556,0.32581,0.19602,0.21004,0.14389,0.12642,0.23019,-0.037201,0.20483,0.1243,0.28713,0.42488,0.20404
0.40518,1,0.84928,-0.020786,0.71334,0.8119,0.81018,0.88764,0.87243,0.59155,0.49622,0.4723,0.52948,0.54244,0.47806,0.62288,0.33527,0.54672,0.3641,0.35331,0.34561,0.30775,0.3294,0.3275,0.43515,0.3324,0.23619,0.30141,0.42299,0.26376,0.21121,0.24595,0.21211,0.32058,0.28117,0.20698,0.25247,0.27098,0.33748,0.42441,0.22138,0.060513,0.063798,0.20232,0.22942,0.09566,0.1216,0.18778,0.43021,0.17865,0.47119,0.85388,0.72666,0.24111,0.81752,0.84447,0.82202,0.8922,0.63986,0.56891,0.5158,0.45292,0.57685,0.57192,0.57052,0.49754,0.65271,0.5117,0.41792,0.60712,0.49126,0.36583,0.44274,0.56451,0.41263,0.403,0.47033,0.3762,0.093972,0.29927,0.20798,0.14227,0.1299,0.24626,0.23832,0.12756,0.16959,0.20727,0.29306,0.12992,0.20357,0.2707,0.37304,0.21825,0.017779,0.16582,0.062454,0.22999,0.48137,0.090338
0.41556,0.84928,1,-0.068992,0.64885,0.81926,0.7707,0.84208,0.86362,0.583,0.48176,0.45044,0.51072,0.51358,0.41994,0.60233,0.31401,0.53376,0.33973,0.33921,0.28765,0.30759,0.28863,0.29378,0.41333,0.30104,0.1954,0.26163,0.39511,0.21892,0.20327,0.24412,0.23305,0.3223,0.279,0.19519,0.25139,0.284,0.34874,0.41235,0.25844,0.070697,0.090493,0.19836,0.23791,0.1222,0.15288,0.20693,0.42133,0.2047,0.48137,0.84794,0.70818,0.2145,0.79801,0.84909,0.78732,0.86282,0.62334,0.53183,0.48815,0.43341,0.54018,0.53665,0.53269,0.43725,0.624,0.49461,0.41124,0.59716,0.43954,0.35132,0.40757,0.54986,0.38768,0.37433,0.43483,0.33547,0.10052,0.28991,0.20894,0.15104,0.15349,0.23996,0.22061,0.14546,0.16967,0.18645,0.28128,0.169,0.21896,0.24533,0.36048,0.21025,0.034505,0.17126,0.10042,0.24331,0.46817,0.1089
-0.027414,-0.020786,-0.068992,1,0.13693,-0.031287,0.081072,0.090218,-0.074139,0.035815,-0.014481,-0.054087,0.0026035,-0.050591,0.028858,0.06392,-0.16684,0.052297,-0.12681,-0.041501,-0.076703,0.058146,-0.052822,0.021836,0.13441,0.11343,0.15177,0.1512,0.045174,0.10547,0.090859,0.14527,0.056688,0.018975,0.090255,0.089583,0.12444,0.13365,0.14529,0.16935,0.008103,0.15632,0.080749,0.14912,0.1018,0.018787,0.060221,-0.033157,-0.015378,0.051314,0.043782,-0.090084,0.19052,0.77035,0.07587,-0.10367,0.15592,-0.018379,0.0081264,0.015922,-0.03385,-0.017167,0.043289,0.02908,-0.018773,0.044233,0.11248,-0.026131,0.084901,0.14261,-0.024589,0.24968,-0.0095893,0.15974,-0.019188,0.21625,0.044108,0.13605,0.094521,0.17056,0.11601,0.096698,0.089646,0.16569,0.20037,0.1181,0.1391,0.24762,0.11429,0.055579,0.10982,0.23577,0.21793,0.23509,0.27113,0.17,0.11328,0.070614,0.009984,0.13121
0.35564,0.71334,0.64885,0.13693,1,0.7323,0.65758,0.68837,0.65095,0.57748,0.46326,0.46703,0.44903,0.43211,0.41864,0.59663,0.37054,0.57399,0.33532,0.45507,0.35178,0.44985,0.42158,0.43529,0.49907,0.44318,0.33756,0.42619,0.47013,0.28833,0.2624,0.27304,0.31039,0.47894,0.43732,0.33994,0.32453,0.27782,0.37774,0.42413,0.32869,0.15974,0.18239,0.22267,0.36803,0.18214,0.25026,0.30632,0.41844,0.28752,0.39734,0.64132,0.61934,0.38119,0.79653,0.65784,0.63024,0.66339,0.59116,0.55236,0.47479,0.38934,0.4669,0.45329,0.48607,0.39814,0.60482,0.44126,0.49699,0.57494,0.49108,0.45656,0.46163,0.51598,0.4485,0.50688,0.49689,0.42684,0.17475,0.3014,0.35826,0.3036,0.30301,0.41678,0.37565,0.33188,0.24455,0.37719,0.40026,0.23628,0.29301,0.24828,0.36368,0.35392,0.1434,0.22107,0.18985,0.33198,0.4329,0.18301
0.43223,0.8119,0.81926,-0.031287,0.7323,1,0.73571,0.79126,0.84234,0.62072,0.54099,0.50536,0.52788,0.54096,0.50685,0.6178,0.36673,0.56869,0.38023,0.41597,0.37427,0.36525,0.36776,0.37122,0.47835,0.37166,0.23989,0.35733,0.47004,0.25908,0.24677,0.27235,0.27164,0.39458,0.34417,0.26322,0.28446,0.32111,0.37325,0.41456,0.32687,0.11133,0.13684,0.23242,0.3093,0.18496,0.22033,0.27807,0.49392,0.27736,0.47807,0.79593,0.68679,0.26202,0.86837,0.86489,0.73331,0.83177,0.6604,0.60959,0.53701,0.44772,0.54781,0.55705,0.57457,0.50512,0.64982,0.51474,0.45106,0.60435,0.51321,0.37814,0.4585,0.55804,0.44217,0.42734,0.49411,0.38981,0.13507,0.32609,0.25531,0.2193,0.21435,0.29221,0.26016,0.21202,0.20115,0.25443,0.33799,0.22291,0.27748,0.25652,0.3582,0.28115,0.054063,0.21139,0.14355,0.28856,0.51717,0.17024
0.40348,0.81018,0.7707,0.081072,0.65758,0.73571,1,0.85259,0.79534,0.64227,0.5277,0.52909,0.50677,0.55113,0.47188,0.68173,0.41224,0.6276,0.40479,0.4356,0.40479,0.3137,0.40831,0.45537,0.51725,0.38846,0.31929,0.33543,0.52781,0.25507,0.24093,0.21239,0.18955,0.3429,0.28518,0.26088,0.30546,0.19353,0.25881,0.42085,0.17513,0.023986,-0.019252,0.22001,0.20047,0.015467,0.05212,0.16146,0.41317,0.13985,0.45897,0.76996,0.77599,0.30371,0.74709,0.75739,0.79902,0.82661,0.65859,0.56963,0.54528,0.40993,0.57112,0.53373,0.58735,0.45956,0.70762,0.54705,0.50837,0.66508,0.56111,0.43101,0.51229,0.56782,0.53553,0.50137,0.54752,0.44137,0.12769,0.25725,0.32121,0.13699,0.15427,0.33052,0.31915,0.15491,0.23866,0.28253,0.35727,0.10679,0.17101,0.19478,0.31601,0.23948,-0.016279,0.18426,0.034478,0.25197,0.44433,0.081657
0.4065,0.88764,0.84208,0.090218,0.68837,0.79126,0.85259,1,0.86116,0.58124,0.44871,0.42242,0.50457,0.50727,0.41352,0.67121,0.27782,0.64138,0.31047,0.37215,0.28498,0.31601,0.302,0.31091,0.43852,0.34153,0.24532,0.27066,0.43641,0.21924,0.21756,0.2127,0.16723,0.3278,0.28841,0.19218,0.25628,0.18701,0.26723,0.40269,0.12733,0.028509,0.0054891,0.17652,0.16172,-0.0080407,0.034888,0.12295,0.37868,0.078448,0.47988,0.85792,0.80697,0.35012,0.80879,0.82148,0.92237,0.89981,0.62151,0.5172,0.47488,0.41175,0.57274,0.539,0.53222,0.43968,0.68911,0.48985,0.48886,0.72244,0.48534,0.42745,0.43848,0.55193,0.40639,0.43559,0.4734,0.36812,0.090092,0.25677,0.25925,0.10316,0.10807,0.30082,0.26368,0.11602,0.18216,0.2342,0.29648,0.06517,0.15841,0.22662,0.33921,0.22536,-0.015272,0.15407,0.0058988,0.21545,0.4508,0.020897
0.39643,0.87243,0.86362,-0.074139,0.65095,0.84234,0.79534,0.86116,1,0.61441,0.51425,0.47977,0.55356,0.5665,0.47998,0.58631,0.31816,0.52809,0.34929,0.34926,0.33141,0.28515,0.29334,0.30907,0.4388,0.31233,0.2286,0.27192,0.42721,0.22821,0.21654,0.23208,0.21379,0.31921,0.26292,0.24534,0.27748,0.27305,0.34654,0.41862,0.24503,0.05972,0.049247,0.22781,0.23996,0.1064,0.12514,0.20782,0.45561,0.21348,0.46988,0.85105,0.70761,0.20747,0.81938,0.8779,0.79592,0.92324,0.66704,0.57261,0.53465,0.47601,0.58765,0.59782,0.58336,0.50248,0.64886,0.50284,0.39372,0.59361,0.47102,0.33995,0.40807,0.58083,0.40274,0.39156,0.47096,0.34447,0.10321,0.2968,0.22364,0.16361,0.15424,0.24146,0.24357,0.12748,0.19307,0.20668,0.31816,0.16837,0.23563,0.27603,0.38735,0.22439,0.011049,0.19197,0.088596,0.25303,0.49828,0.13223
0.41889,0.59155,0.583,0.035815,0.57748,0.62072,0.64227,0.58124,0.61441,1,0.66657,0.6701,0.58319,0.53364,0.53408,0.56972,0.43803,0.51001,0.38662,0.49512,0.43116,0.25868,0.42192,0.53214,0.66542,0.41995,0.34812,0.38737,0.61265,0.20594,0.27086,0.1942,0.23221,0.3482,0.27005,0.36911,0.38377,0.25222,0.2422,0.30987,0.26343,0.038866,-0.054066,0.29536,0.24445,0.097532,0.077089,0.2777,0.46352,0.2891,0.42792,0.60994,0.59649,0.25546,0.6324,0.60552,0.54637,0.62842,0.87004,0.6863,0.66191,0.51423,0.58587,0.52413,0.58121,0.47732,0.60303,0.50733,0.48421,0.54153,0.56747,0.37991,0.4941,0.52347,0.61621,0.56634,0.61139,0.44884,0.15637,0.25016,0.42713,0.26357,0.27742,0.38729,0.37712,0.22731,0.34035,0.36198,0.48098,0.23834,0.25221,0.18287,0.26043,0.33123,-0.048243,0.29534,0.14754,0.36542,0.4827,0.23525
0.30907,0.49622,0.48176,-0.014481,0.46326,0.54099,0.5277,0.44871,0.51425,0.66657,1,0.66998,0.57343,0.56612,0.58216,0.426,0.43009,0.35999,0.4003,0.34077,0.45265,0.22071,0.36309,0.46297,0.50172,0.35512,0.21722,0.32752,0.49091,0.27258,0.21514,0.20593,0.20288,0.24714,0.19252,0.22767,0.25426,0.25299,0.2539,0.28947,0.23753,0.041986,0.023781,0.22213,0.20165,0.12172,0.11137,0.21064,0.38156,0.24423,0.33506,0.48539,0.45564,0.17775,0.52221,0.53401,0.4125,0.52394,0.66514,0.65265,0.62675,0.52338,0.5343,0.51455,0.55888,0.53814,0.46766,0.4873,0.35096,0.37235,0.49395,0.27845,0.41961,0.41644,0.52975,0.43706,0.49546,0.43171,0.12252,0.25024,0.24001,0.17019,0.17225,0.22806,0.22156,0.12981,0.20063,0.23037,0.2959,0.17774,0.21845,0.19702,0.25875,0.20639,-0.016397,0.19558,0.10615,0.24074,0.37714,0.17272
0.30706,0.4723,0.45044,-0.054087,0.46703,0.50536,0.52909,0.42242,0.47977,0.6701,0.66998,1,0.61396,0.57445,0.5309,0.44157,0.63059,0.37338,0.52187,0.36702,0.53454,0.27033,0.51643,0.63795,0.59799,0.52923,0.32793,0.41914,0.57258,0.42351,0.21079,0.16983,0.12179,0.21036,0.17969,0.23828,0.26348,0.1697,0.1508,0.28415,0.097339,-0.0041137,-0.092659,0.18155,0.11669,-0.020708,-0.024535,0.1106,0.32566,0.13812,0.30984,0.45739,0.42807,0.14071,0.51408,0.48786,0.36847,0.49983,0.66218,0.69251,0.78639,0.5413,0.61186,0.45883,0.58541,0.45238,0.44595,0.58793,0.39449,0.36362,0.56914,0.3472,0.54647,0.37822,0.71659,0.57051,0.58001,0.59958,0.097835,0.17964,0.276,0.10812,0.10907,0.26835,0.29331,0.095801,0.24,0.25988,0.29728,0.055567,0.11935,0.1397,0.20386,0.16109,-0.12381,0.13062,-0.032497,0.16539,0.32502,0.094863
0.31172,0.52948,0.51072,0.0026035,0.44903,0.52788,0.50677,0.50457,0.55356,0.58319,0.57343,0.61396,1,0.54525,0.48809,0.40036,0.28592,0.3269,0.25084,0.19194,0.18642,0.25285,0.19722,0.25199,0.38467,0.29737,0.079323,0.20305,0.30259,0.23456,0.19772,0.21549,0.22484,0.2737,0.2476,0.119,0.18667,0.25708,0.29383,0.32036,0.25215,0.026615,0.095506,0.18826,0.2013,0.16484,0.14294,0.23432,0.34599,0.22583,0.34545,0.53162,0.48124,0.18916,0.49394,0.55375,0.47859,0.56505,0.57919,0.57292,0.65414,0.89737,0.69515,0.57205,0.48152,0.51396,0.44983,0.41057,0.30701,0.36876,0.28387,0.3263,0.30332,0.4115,0.3351,0.352,0.34294,0.30614,0.080652,0.25061,0.16043,0.1882,0.13311,0.21853,0.11757,0.14868,0.12745,0.13932,0.19324,0.16189,0.26072,0.2348,0.29454,0.17354,0.0026215,0.15574,0.13232,0.20593,0.34715,0.13242
0.288,0.54244,0.51358,-0.050591,0.43211,0.54096,0.55113,0.50727,0.5665,0.53364,0.56612,0.57445,0.54525,1,0.56887,0.44548,0.47574,0.40716,0.61697,0.2374,0.48808,0.24796,0.39582,0.3012,0.36741,0.2597,0.1123,0.22698,0.35956,0.30821,0.16358,0.21645,0.15264,0.21086,0.16477,0.081825,0.16316,0.2195,0.22218,0.33283,0.13689,0.014242,0.016785,0.11016,0.10767,0.070826,0.065127,0.13439,0.28252,0.11418,0.29623,0.51746,0.4742,0.11328,0.49202,0.57017,0.45316,0.5762,0.55809,0.56164,0.52008,0.4661,0.48953,0.63816,0.64406,0.50947,0.4395,0.65451,0.32327,0.37809,0.38608,0.30238,0.42492,0.40556,0.35534,0.29075,0.38755,0.36337,0.030015,0.22392,0.094245,0.055032,0.042784,0.11799,0.11053,0.046294,0.11954,0.097319,0.14723,0.05592,0.14014,0.21419,0.29094,0.08964,-0.042954,0.088353,0.029526,0.14151,0.30384,0.051119
0.23089,0.47806,0.41994,0.028858,0.41864,0.50685,0.47188,0.41352,0.47998,0.53408,0.58216,0.5309,0.48809,0.56887,1,0.34819,0.32625,0.29095,0.36792,0.26404,0.55816,0.24868,0.33678,0.39059,0.39667,0.28181,0.12622,0.32516,0.40722,0.38525,0.14723,0.26467,0.21685,0.21493,0.17656,0.076657,0.13469,0.2941,0.33359,0.39997,0.25618,0.10166,0.15834,0.13473,0.14932,0.16458,0.17907,0.14824,0.3039,0.19226,0.28158,0.4249,0.39307,0.18319,0.47431,0.51238,0.36468,0.47915,0.58558,0.61296,0.50928,0.43287,0.46414,0.56118,0.60853,0.81193,0.41558,0.44526,0.2638,0.3089,0.54455,0.26096,0.40407,0.4093,0.41696,0.31926,0.45324,0.42169,0.086903,0.2737,0.095778,0.086751,0.090023,0.1147,0.10392,0.085321,0.087219,0.13694,0.14934,0.12495,0.19432,0.25331,0.34627,0.12966,0.055223,0.10732,0.083736,0.14336,0.31799,0.10952
0.43779,0.62288,0.60233,0.06392,0.59663,0.6178,0.68173,0.67121,0.58631,0.56972,0.426,0.44157,0.40036,0.44548,0.34819,1,0.563,0.82252,0.4884,0.57144,0.34303,0.56118,0.53126,0.50805,0.49873,0.41627,0.29938,0.36331,0.54665,0.15656,0.29149,0.25078,0.32409,0.57774,0.5295,0.26751,0.29368,0.14209,0.23418,0.35585,0.25115,0.037874,0.10312,0.14469,0.22653,0.088644,0.12176,0.24629,0.3591,0.14842,0.45317,0.62441,0.76712,0.24462,0.62607,0.59379,0.64388,0.61309,0.57427,0.50953,0.44144,0.32244,0.43473,0.45787,0.51777,0.31533,0.6898,0.60044,0.70507,0.74835,0.52174,0.51957,0.54225,0.46988,0.5187,0.46647,0.49954,0.3552,0.15164,0.25085,0.40025,0.17316,0.18338,0.47907,0.30306,0.22947,0.20183,0.26445,0.36164,0.13697,0.19351,0.11296,0.21641,0.27743,-0.017019,0.12562,0.060058,0.27532,0.39254,0.068813
0.25428,0.33527,0.31401,-0.16684,0.37054,0.36673,0.41224,0.27782,0.31816,0.43803,0.43009,0.63059,0.28592,0.47574,0.32625,0.563,1,0.54315,0.7477,0.51037,0.5744,0.39839,0.69167,0.66412,0.47311,0.42824,0.35931,0.39512,0.5594,0.26968,0.19234,0.092332,0.14886,0.3456,0.27526,0.23584,0.24606,0.011297,0.028902,0.14843,0.096603,-0.034633,-0.081956,0.087043,0.093103,-0.018512,-0.034694,0.14409,0.2353,0.072776,0.21981,0.31894,0.37877,-0.025019,0.37795,0.34171,0.21601,0.33685,0.4383,0.51309,0.51655,0.222,0.29777,0.33671,0.52271,0.24282,0.42117,0.71415,0.51806,0.39012,0.56418,0.31683,0.59164,0.25987,0.66863,0.43324,0.51212,0.45913,0.090187,0.091843,0.32785,0.065767,0.10048,0.31141,0.30148,0.10105,0.18465,0.20919,0.27927,0.048727,0.041206,-0.011792,0.051507,0.11209,-0.15364,0.031412,-0.054173,0.15705,0.23573,0.037537
0.41442,0.54672,0.53376,0.052297,0.57399,0.56869,0.6276,0.64138,0.52809,0.51001,0.35999,0.37338,0.3269,0.40716,0.29095,0.82252,0.54315,1,0.48969,0.71178,0.38932,0.56857,0.59069,0.50605,0.4696,0.44236,0.40212,0.37772,0.57328,0.1162,0.27246,0.12807,0.23248,0.70245,0.60233,0.37723,0.33302,-0.033505,0.10229,0.23601,0.17578,-0.032655,-0.0066324,0.088671,0.26706,-0.025962,0.05125,0.29946,0.35935,0.095833,0.39782,0.54943,0.71423,0.20703,0.57848,0.53983,0.60436,0.56182,0.52089,0.43831,0.3709,0.25366,0.35886,0.37072,0.47348,0.25294,0.6841,0.56082,0.8103,0.85887,0.56691,0.55,0.59397,0.38837,0.51308,0.49177,0.5203,0.33525,0.12707,0.14494,0.53104,0.28338,0.26754,0.60126,0.42094,0.33979,0.25981,0.35381,0.46202,0.10349,0.19519,0.0012982,0.12729,0.30163,-0.10245,0.078704,0.0096904,0.37827,0.41002,0.038852
0.25395,0.3641,0.33973,-0.12681,0.33532,0.38023,0.40479,0.31047,0.34929,0.38662,0.4003,0.52187,0.25084,0.61697,0.36792,0.4884,0.7477,0.48969,1,0.40862,0.5812,0.33796,0.61375,0.46711,0.36499,0.3178,0.25907,0.32762,0.44161,0.28651,0.16628,0.14343,0.12899,0.28401,0.22869,0.16583,0.18328,0.094695,0.09633,0.21181,0.10807,-0.0068312,-0.021936,0.076114,0.095656,0.019532,0.01934,0.13412,0.24134,0.085504,0.23485,0.33905,0.38302,-0.015877,0.36812,0.37759,0.25849,0.36451,0.40484,0.46404,0.40909,0.1897,0.24194,0.42394,0.56133,0.29108,0.39987,0.7263,0.43209,0.36369,0.47741,0.28866,0.53762,0.30348,0.47083,0.30914,0.43023,0.40178,0.060889,0.16105,0.18726,0.048844,0.042626,0.18813,0.21169,0.053438,0.14047,0.12238,0.1989,0.050729,0.075389,0.081589,0.14761,0.080769,-0.085059,0.034737,-0.024976,0.12803,0.24412,0.046788
0.34631,0.35331,0.33921,-0.041501,0.45507,0.41597,0.4356,0.37215,0.34926,0.49512,0.34077,0.36702,0.19194,0.2374,0.26404,0.57144,0.51037,0.71178,0.40862,1,0.48103,0.34243,0.63509,0.66017,0.51475,0.39665,0.61877,0.44428,0.70137,0.075973,0.22245,0.027643,0.20675,0.55969,0.42019,0.58374,0.42694,-0.03147,0.042913,0.091174,0.29264,-0.011699,-0.095799,0.20591,0.34389,0.034175,0.061327,0.42165,0.42057,0.26152,0.29627,0.35711,0.44125,0.080694,0.44002,0.35485,0.32792,0.37407,0.49679,0.40538,0.33919,0.15013,0.23099,0.20134,0.37494,0.17898,0.61741,0.39901,0.63509,0.60564,0.67948,0.34131,0.56548,0.35975,0.61272,0.51324,0.63022,0.37262,0.1387,0.10217,0.69912,0.37258,0.41471,0.56171,0.62433,0.38078,0.40558,0.47777,0.6615,0.32771,0.205,-0.046477,0.07456,0.31824,-0.058542,0.23989,0.16516,0.54988,0.4462,0.23782
0.20825,0.34561,0.28765,-0.076703,0.35178,0.37427,0.40479,0.28498,0.33141,0.43116,0.45265,0.53454,0.18642,0.48808,0.55816,0.34303,0.5744,0.38932,0.5812,0.48103,1,0.20468,0.61976,0.59633,0.4382,0.34485,0.35427,0.40466,0.54367,0.36602,0.13874,0.11984,0.058287,0.20523,0.13573,0.23,0.21166,0.07682,0.059818,0.20838,0.060185,0.0011468,-0.08099,0.083444,0.07102,-0.034842,-0.018052,0.070838,0.25807,0.082739,0.1905,0.28193,0.27811,0.032377,0.37153,0.34842,0.21995,0.35153,0.44967,0.48416,0.4281,0.12127,0.24909,0.2982,0.56339,0.42638,0.35612,0.49887,0.31869,0.29404,0.72383,0.19215,0.54115,0.27715,0.59721,0.36938,0.56563,0.51799,0.047249,0.11948,0.1974,0.040937,0.054346,0.15985,0.2672,0.048105,0.19113,0.20294,0.25384,3.702e-05,0.022454,0.056422,0.12474,0.059922,-0.12096,0.056771,-0.075849,0.10304,0.26594,0.072543
0.18557,0.30775,0.30759,0.058146,0.44985,0.36525,0.3137,0.31601,0.28515,0.25868,0.22071,0.27033,0.25285,0.24796,0.24868,0.56118,0.39839,0.56857,0.33796,0.34243,0.20468,1,0.46838,0.41217,0.29907,0.50015,0.2163,0.37804,0.26999,0.35603,0.2303,0.25525,0.31231,0.64774,0.75644,0.11471,0.12522,0.11245,0.39975,0.49892,0.25363,0.23075,0.46127,-0.088806,0.32576,0.18632,0.38688,0.2304,0.12449,0.058445,0.19405,0.29049,0.39437,0.14312,0.38505,0.33411,0.28484,0.28542,0.28327,0.3178,0.22943,0.19273,0.24354,0.29467,0.3066,0.22952,0.34082,0.36619,0.52269,0.44416,0.27512,0.53379,0.38122,0.29289,0.26339,0.31699,0.24855,0.26627,0.096203,0.13664,0.2036,0.15416,0.13948,0.42113,0.16732,0.30489,0.019072,0.20128,0.10544,-0.03133,0.10541,0.10675,0.25352,0.14369,0.12904,-0.12568,-0.013124,0.11877,0.13216,-0.10884
0.25859,0.3294,0.28863,-0.052822,0.42158,0.36776,0.40831,0.302,0.29334,0.42192,0.36309,0.51643,0.19722,0.39582,0.33678,0.53126,0.69167,0.59069,0.61375,0.63509,0.61976,0.46838,1,0.7302,0.49583,0.518,0.54753,0.50259,0.62318,0.38786,0.18635,0.088504,0.097439,0.39971,0.37281,0.31612,0.27494,-0.048207,0.036521,0.22584,0.057329,0.006117,-0.061637,0.036206,0.14348,-0.075769,0.0055075,0.16314,0.22583,0.024029,0.20651,0.28722,0.36626,0.054154,0.3989,0.31717,0.23676,0.32649,0.42605,0.45411,0.43392,0.1287,0.26206,0.25183,0.48307,0.23231,0.43503,0.5491,0.54019,0.45278,0.64789,0.39275,0.68368,0.2822,0.65769,0.50112,0.57114,0.55369,0.067707,0.071803,0.40045,0.083483,0.13453,0.3815,0.44914,0.17074,0.24055,0.33776,0.35132,-0.0027403,-0.0045117,-0.016601,0.074645,0.11819,-0.11289,0.017475,-0.080245,0.22013,0.26395,-0.0095081
0.23379,0.3275,0.29378,0.021836,0.43529,0.37122,0.45537,0.31091,0.30907,0.53214,0.46297,0.63795,0.25199,0.3012,0.39059,0.50805,0.66412,0.50605,0.46711,0.66017,0.59633,0.41217,0.7302,1,0.64467,0.59599,0.60457,0.54884,0.75065,0.41711,0.19298,0.095166,0.12224,0.31609,0.27296,0.35151,0.31941,-0.0083354,0.10054,0.32325,0.10139,0.060063,-0.072076,0.11811,0.10872,-0.096436,-0.030215,0.10246,0.23788,0.046673,0.21455,0.29205,0.37323,0.12116,0.42048,0.30975,0.2498,0.33876,0.52089,0.53833,0.5685,0.18027,0.38254,0.22106,0.46089,0.27951,0.48329,0.47589,0.50458,0.39787,0.72115,0.41795,0.63554,0.37996,0.85035,0.67342,0.68691,0.65077,0.12799,0.099799,0.52767,0.070536,0.17809,0.42123,0.54087,0.17254,0.30767,0.42643,0.41983,0.072185,-0.014691,0.035718,0.1878,0.1898,-0.018941,0.11283,-0.037555,0.2332,0.2567,0.035243
0.33427,0.43515,0.41333,0.13441,0.49907,0.47835,0.51725,0.43852,0.4388,0.66542,0.50172,0.59799,0.38467,0.36741,0.39667,0.49873,0.47311,0.4696,0.36499,0.51475,0.4382,0.29907,0.49583,0.64467,1,0.54315,0.48483,0.48666,0.63757,0.28033,0.2739,0.20697,0.16229,0.30832,0.28393,0.3864,0.36728,0.15826,0.15446,0.26792,0.13632,0.10393,-0.06569,0.25797,0.20913,-0.0028302,-0.00012653,0.18176,0.35366,0.18117,0.33816,0.41849,0.46749,0.26213,0.5179,0.429,0.39475,0.46423,0.63288,0.5748,0.56865,0.32246,0.45467,0.35235,0.46187,0.32616,0.52914,0.42978,0.47569,0.45739,0.577,0.41608,0.50009,0.44621,0.664,0.65609,0.60725,0.52532,0.16026,0.21432,0.47908,0.20967,0.24102,0.4295,0.47621,0.23376,0.35117,0.45337,0.46853,0.16044,0.16319,0.16703,0.24473,0.32612,0.017119,0.24642,0.090758,0.31307,0.37587,0.18468
0.23318,0.3324,0.30104,0.11343,0.44318,0.37166,0.38846,0.34153,0.31233,0.41995,0.35512,0.52923,0.29737,0.2597,0.28181,0.41627,0.42824,0.44236,0.3178,0.39665,0.34485,0.50015,0.518,0.59599,0.54315,1,0.52125,0.53789,0.49397,0.44142,0.22859,0.13762,0.036956,0.37656,0.44688,0.348,0.27129,-0.017241,0.1272,0.28583,-0.033847,0.16659,0.021937,0.058958,0.2127,-0.12609,0.020883,0.067046,0.2243,-0.026559,0.22084,0.29841,0.3499,0.19838,0.42001,0.30572,0.29325,0.33771,0.41642,0.45,0.48905,0.22079,0.39396,0.22744,0.37262,0.20749,0.34368,0.3748,0.47087,0.41196,0.459,0.50358,0.50519,0.29339,0.57636,0.64601,0.47604,0.56652,0.099069,0.063584,0.36311,0.14923,0.1623,0.4531,0.46365,0.25191,0.26493,0.44994,0.33943,-0.10012,-0.0082724,0.074097,0.17725,0.24041,0.0019618,0.01307,-0.11223,0.16495,0.22699,-0.037831
0.17446,0.23619,0.1954,0.15177,0.33756,0.23989,0.31929,0.24532,0.2286,0.34812,0.21722,0.32793,0.079323,0.1123,0.12622,0.29938,0.35931,0.40212,0.25907,0.61877,0.35427,0.2163,0.54753,0.60457,0.48483,0.52125,1,0.53842,0.56306,0.26396,0.152,-0.0060804,0.00091265,0.27693,0.27005,0.56494,0.42848,-0.084439,-0.0027992,0.10536,0.007276,0.11853,-0.19767,0.21457,0.28561,-0.11567,-0.064365,0.18526,0.21729,0.044589,0.13317,0.19519,0.2472,0.1767,0.32332,0.16324,0.20745,0.25884,0.32799,0.29202,0.31243,0.025771,0.17823,0.074086,0.2493,0.048859,0.34074,0.25354,0.40497,0.37232,0.50194,0.30981,0.48484,0.29315,0.54284,0.57814,0.54376,0.48306,0.080922,0.015718,0.58201,0.20857,0.2974,0.44813,0.76079,0.25265,0.45245,0.6028,0.56626,0.10743,-0.011248,0.00018494,0.13642,0.27319,0.023914,0.1868,0.04488,0.38358,0.25898,0.10545
0.21834,0.30141,0.26163,0.1512,0.42619,0.35733,0.33543,0.27066,0.27192,0.38737,0.32752,0.41914,0.20305,0.22698,0.32516,0.36331,0.39512,0.37772,0.32762,0.44428,0.40466,0.37804,0.50259,0.54884,0.48666,0.53789,0.53842,1,0.50527,0.4316,0.21856,0.17051,0.15587,0.3204,0.33029,0.38107,0.34825,0.11541,0.18786,0.26776,0.1455,0.24553,0.088152,0.23075,0.25023,0.098453,0.12447,0.17575,0.2553,0.15772,0.20611,0.25956,0.31983,0.24173,0.40932,0.28054,0.23998,0.28986,0.39444,0.43049,0.39579,0.15292,0.264,0.22507,0.357,0.23809,0.3412,0.35181,0.383,0.32846,0.48657,0.33533,0.45086,0.30958,0.51109,0.53763,0.49142,0.5377,0.11126,0.15096,0.32731,0.14475,0.1703,0.32014,0.44581,0.18786,0.29886,0.47083,0.36849,0.06179,0.073445,0.12132,0.20992,0.26834,0.088518,0.16603,0.057234,0.20239,0.26524,0.10746
0.34978,0.42299,0.39511,0.045174,0.47013,0.47004,0.52781,0.43641,0.42721,0.61265,0.49091,0.57258,0.30259,0.35956,0.40722,0.54665,0.5594,0.57328,0.44161,0.70137,0.54367,0.26999,0.62318,0.75065,0.63757,0.49397,0.56306,0.50527,1,0.23272,0.24941,0.061797,0.12354,0.33652,0.26786,0.46877,0.42194,0.0053931,0.013406,0.15728,0.11679,-0.01551,-0.19612,0.23407,0.17141,-0.082008,-0.078074,0.20251,0.387,0.15555,0.3312,0.41385,0.47652,0.18007,0.49966,0.41978,0.38979,0.46038,0.61538,0.55473,0.53752,0.23542,0.3897,0.29539,0.50059,0.30471,0.59639,0.48435,0.54697,0.52542,0.71394,0.36419,0.60832,0.40828,0.76602,0.64506,0.69574,0.57034,0.13178,0.12799,0.5773,0.19633,0.26138,0.46818,0.55095,0.21552,0.39313,0.46504,0.54621,0.16879,0.10747,0.037049,0.10783,0.29341,-0.10185,0.2421,0.040265,0.36804,0.41591,0.153
0.063799,0.26376,0.21892,0.10547,0.28833,0.25908,0.25507,0.21924,0.22821,0.20594,0.27258,0.42351,0.23456,0.30821,0.38525,0.15656,0.26968,0.1162,0.28651,0.075973,0.36602,0.35603,0.38786,0.41711,0.28033,0.44142,0.26396,0.4316,0.23272,1,0.056827,0.19953,0.019666,0.054153,0.12733,0.012688,0.060384,0.13816,0.26966,0.4601,-0.025197,0.2288,0.15725,-0.025129,0.020866,0.0017448,0.086726,-0.14225,0.0031754,-0.051097,0.078286,0.195,0.18296,0.15834,0.29584,0.24146,0.18514,0.24344,0.24066,0.35049,0.38084,0.16515,0.32198,0.25144,0.33347,0.32363,0.10502,0.30615,0.12815,0.10923,0.3198,0.30168,0.34578,0.23402,0.35308,0.34532,0.30451,0.51874,0.0038536,0.13858,-0.046137,-0.11816,-0.087087,0.034115,0.15566,-0.028123,0.058154,0.17569,-0.0093254,-0.17859,-0.11169,0.22282,0.317,-0.023505,0.1245,-0.084895,-0.11942,-0.13145,0.029259,-0.10499
0.19588,0.21121,0.20327,0.090859,0.2624,0.24677,0.24093,0.21756,0.21654,0.27086,0.21514,0.21079,0.19772,0.16358,0.14723,0.29149,0.19234,0.27246,0.16628,0.22245,0.13874,0.2303,0.18635,0.19298,0.2739,0.22859,0.152,0.21856,0.24941,0.056827,1,0.17383,0.20241,0.28599,0.2983,0.22615,0.20643,0.14219,0.14629,0.10503,0.18429,0.11188,0.11745,0.24516,0.24932,0.16082,0.12768,0.21498,0.21284,0.19681,0.17768,0.2126,0.25423,0.15314,0.2595,0.22237,0.19651,0.21771,0.26324,0.23124,0.19569,0.17171,0.1775,0.16914,0.20486,0.11999,0.27029,0.18099,0.26036,0.24918,0.19528,0.19067,0.1896,0.17996,0.20716,0.23627,0.21524,0.14838,0.11383,0.13246,0.19847,0.20748,0.17859,0.27231,0.14772,0.18531,0.14639,0.1835,0.21403,0.1073,0.20465,0.070676,0.06413,0.26379,0.019917,0.16851,0.10095,0.18301,0.18961,0.12
0.18683,0.24595,0.24412,0.14527,0.27304,0.27235,0.21239,0.2127,0.23208,0.1942,0.20593,0.16983,0.21549,0.21645,0.26467,0.25078,0.092332,0.12807,0.14343,0.027643,0.11984,0.25525,0.088504,0.095166,0.20697,0.13762,-0.0060804,0.17051,0.061797,0.19953,0.17383,1,0.29761,0.13066,0.19803,-0.0099047,0.058808,0.46089,0.42501,0.38744,0.30362,0.28543,0.35437,0.18626,0.18072,0.33394,0.30129,0.12328,0.15019,0.25999,0.21743,0.22714,0.23967,0.19826,0.26909,0.25235,0.2208,0.22481,0.21214,0.2217,0.15562,0.19541,0.2043,0.2741,0.22075,0.27882,0.22613,0.17169,0.072597,0.12633,0.10978,0.18668,0.096338,0.31802,0.047582,0.093563,0.12244,0.13321,0.104,0.38704,-0.077721,0.03824,0.0090234,0.010622,-0.027274,0.030731,-0.015695,0.029621,0.0041138,0.17199,0.22927,0.34619,0.36265,0.12765,0.25769,0.1516,0.19994,0.024126,0.13332,0.17392
0.14658,0.21211,0.23305,0.056688,0.31039,0.27164,0.18955,0.16723,0.21379,0.23221,0.20288,0.12179,0.22484,0.15264,0.21685,0.32409,0.14886,0.23248,0.12899,0.20675,0.058287,0.31231,0.097439,0.12224,0.16229,0.036956,0.00091265,0.15587,0.12354,0.019666,0.20241,0.29761,1,0.38998,0.34764,0.11309,0.14359,0.42545,0.47372,0.29055,0.61829,0.20617,0.51974,0.26807,0.38745,0.55873,0.4774,0.45087,0.21594,0.4524,0.16663,0.21078,0.2385,0.13327,0.26778,0.24825,0.16225,0.19144,0.24124,0.23885,0.13393,0.23583,0.10106,0.2479,0.18221,0.2397,0.27805,0.16376,0.18214,0.17629,0.1131,0.085061,0.066984,0.2422,0.051719,0.039115,0.12667,0.0011108,0.15268,0.29646,0.13574,0.25697,0.26049,0.14875,0.014378,0.24516,0.023589,0.070275,0.12727,0.40194,0.43751,0.13824,0.23343,0.23934,0.23028,0.22052,0.375,0.23769,0.16525,0.24207
0.28889,0.32058,0.3223,0.018975,0.47894,0.39458,0.3429,0.3278,0.31921,0.3482,0.24714,0.21036,0.2737,0.21086,0.21493,0.57774,0.3456,0.70245,0.28401,0.55969,0.20523,0.64774,0.39971,0.31609,0.30832,0.37656,0.27693,0.3204,0.33652,0.054153,0.28599,0.13066,0.38998,1,0.82689,0.47167,0.30878,0.0064923,0.29557,0.23836,0.44374,0.075753,0.29714,0.037821,0.58063,0.2396,0.37487,0.56005,0.36019,0.31886,0.25496,0.31676,0.414,0.11978,0.39517,0.34962,0.28694,0.31685,0.35623,0.30907,0.2001,0.24836,0.2004,0.25544,0.29025,0.19553,0.44584,0.31653,0.66953,0.59003,0.32117,0.44541,0.36676,0.24232,0.24554,0.33196,0.29972,0.13984,0.15076,0.1007,0.50457,0.60669,0.49353,0.66297,0.35341,0.62743,0.23356,0.3466,0.46085,0.22982,0.39045,-0.035654,0.11783,0.36076,0.018978,0.030889,0.19183,0.48574,0.35289,0.1684
0.25179,0.28117,0.279,0.090255,0.43732,0.34417,0.28518,0.28841,0.26292,0.27005,0.19252,0.17969,0.2476,0.16477,0.17656,0.5295,0.27526,0.60233,0.22869,0.42019,0.13573,0.75644,0.37281,0.27296,0.28393,0.44688,0.27005,0.33029,0.26786,0.12733,0.2983,0.19803,0.34764,0.82689,1,0.33155,0.21352,0.042841,0.30518,0.27062,0.31798,0.15768,0.42771,-0.025967,0.56596,0.2326,0.43079,0.4815,0.26803,0.18894,0.23126,0.25728,0.35623,0.14947,0.35192,0.29578,0.25882,0.26322,0.27788,0.2574,0.15924,0.21115,0.17966,0.23143,0.239,0.16601,0.36778,0.26152,0.54936,0.47901,0.24012,0.46016,0.31672,0.22449,0.18568,0.29327,0.22721,0.14367,0.11621,0.087019,0.33567,0.41969,0.32783,0.59119,0.25205,0.506,0.1227,0.26605,0.28251,0.06041,0.25578,0.025008,0.11038,0.27672,0.045187,-0.07249,0.068848,0.32191,0.25696,0.01426
0.27629,0.20698,0.19519,0.089583,0.33994,0.26322,0.26088,0.19218,0.24534,0.36911,0.22767,0.23828,0.119,0.081825,0.076657,0.26751,0.23584,0.37723,0.16583,0.58374,0.23,0.11471,0.31612,0.35151,0.3864,0.348,0.56494,0.38107,0.46877,0.012688,0.22615,-0.0099047,0.11309,0.47167,0.33155,1,0.59983,-0.0082536,0.044885,-0.043758,0.26741,0.072202,-0.19092,0.32113,0.51385,0.054794,0.10706,0.40469,0.53838,0.48128,0.21969,0.21295,0.22482,0.16584,0.31076,0.18991,0.1796,0.25094,0.34374,0.26495,0.23448,0.12135,0.11141,0.060176,0.18323,-0.00056376,0.37073,0.17444,0.39765,0.39322,0.35236,0.22518,0.30395,0.24249,0.37971,0.46794,0.43191,0.25954,0.1493,0.054969,0.58242,0.61297,0.51026,0.49771,0.62597,0.47584,0.63714,0.56083,0.86361,0.34653,0.25197,0.0093914,0.052039,0.43242,0.0043336,0.33878,0.24139,0.5532,0.52628,0.52984
0.22714,0.25247,0.25139,0.12444,0.32453,0.28446,0.30546,0.25628,0.27748,0.38377,0.25426,0.26348,0.18667,0.16316,0.13469,0.29368,0.24606,0.33302,0.18328,0.42694,0.21166,0.12522,0.27494,0.31941,0.36728,0.27129,0.42848,0.34825,0.42194,0.060384,0.20643,0.058808,0.14359,0.30878,0.21352,0.59983,1,0.086568,0.086598,0.054267,0.1981,0.080451,-0.10431,0.29016,0.31011,0.080062,0.059757,0.26406,0.38605,0.35239,0.23613,0.26387,0.28466,0.20777,0.32756,0.23893,0.24134,0.29515,0.37516,0.30555,0.26889,0.17665,0.17465,0.15161,0.24092,0.097,0.35731,0.25125,0.33115,0.34958,0.3182,0.19402,0.27256,0.26808,0.36638,0.40197,0.38517,0.25884,0.1175,0.11797,0.42324,0.34804,0.31558,0.34685,0.44186,0.25911,0.49765,0.42547,0.58203,0.2452,0.20592,0.066564,0.096599,0.33658,0.013016,0.2844,0.1759,0.3569,0.38687,0.3495
0.15995,0.27098,0.284,0.13365,0.27782,0.32111,0.19353,0.18701,0.27305,0.25222,0.25299,0.1697,0.25708,0.2195,0.2941,0.14209,0.011297,-0.033505,0.094695,-0.03147,0.07682,0.11245,-0.048207,-0.0083354,0.15826,-0.017241,-0.084439,0.11541,0.0053931,0.13816,0.14219,0.46089,0.42545,0.0064923,0.042841,-0.0082536,0.086568,1,0.66668,0.44557,0.60314,0.37502,0.51054,0.40342,0.29286,0.62337,0.51947,0.2707,0.24792,0.54716,0.21457,0.27217,0.21114,0.23145,0.30217,0.30376,0.21002,0.24693,0.25307,0.26179,0.16928,0.25469,0.19183,0.32262,0.20573,0.32519,0.26048,0.1402,-0.096439,0.0061964,0.037764,0.050997,-0.023671,0.44284,-0.030321,-0.023188,0.079133,0.048643,0.11732,0.53575,-0.16092,0.081379,0.050331,-0.18441,-0.11081,-0.0038745,0.0031749,-0.051465,0.016408,0.46222,0.41086,0.51812,0.52488,0.16731,0.45489,0.36907,0.44653,0.083949,0.19411,0.41235
0.12154,0.33748,0.34874,0.14529,0.37774,0.37325,0.25881,0.26723,0.34654,0.2422,0.2539,0.1508,0.29383,0.22218,0.33359,0.23418,0.028902,0.10229,0.09633,0.042913,0.059818,0.39975,0.036521,0.10054,0.15446,0.1272,-0.0027992,0.18786,0.013406,0.26966,0.14629,0.42501,0.47372,0.29557,0.30518,0.044885,0.086598,0.66668,1,0.70066,0.68406,0.44302,0.67846,0.20689,0.47131,0.59859,0.66035,0.31448,0.19325,0.48059,0.18954,0.32675,0.27255,0.24486,0.37061,0.3746,0.27436,0.30737,0.27265,0.27907,0.16609,0.27337,0.23595,0.37842,0.22425,0.38091,0.26317,0.15974,0.059239,0.12643,0.056501,0.23319,0.047796,0.47636,-0.048442,0.07322,0.090546,0.084416,0.13331,0.46559,-0.029145,0.22474,0.22264,0.027044,0.029249,0.23526,0.0051998,0.065184,0.063004,0.43128,0.3849,0.49875,0.67964,0.20592,0.54667,0.21965,0.44008,0.17215,0.1727,0.28604
0.13404,0.42441,0.41235,0.16935,0.42413,0.41456,0.42085,0.40269,0.41862,0.30987,0.28947,0.28415,0.32036,0.33283,0.39997,0.35585,0.14843,0.23601,0.21181,0.091174,0.20838,0.49892,0.22584,0.32325,0.26792,0.28583,0.10536,0.26776,0.15728,0.4601,0.10503,0.38744,0.29055,0.23836,0.27062,-0.043758,0.054267,0.44557,0.70066,1,0.36955,0.33678,0.46641,0.080364,0.1908,0.27567,0.38023,0.054288,0.10717,0.16935,0.20197,0.39067,0.3897,0.27384,0.42761,0.41635,0.3915,0.40745,0.33961,0.34122,0.2784,0.25139,0.39621,0.44702,0.34388,0.4203,0.34327,0.29814,0.17288,0.24275,0.20683,0.39903,0.22065,0.55146,0.15648,0.23955,0.22514,0.29595,0.068217,0.37053,-0.0027396,0.0084385,0.011817,0.054378,0.089563,0.09074,-0.018606,0.1139,0.010575,0.12151,0.13312,0.46516,0.69638,0.085363,0.39511,0.066521,0.14371,0.024134,0.12665,0.040295
0.20531,0.22138,0.25844,0.008103,0.32869,0.32687,0.17513,0.12733,0.24503,0.26343,0.23753,0.097339,0.25215,0.13689,0.25618,0.25115,0.096603,0.17578,0.10807,0.29264,0.060185,0.25363,0.057329,0.10139,0.13632,-0.033847,0.007276,0.1455,0.11679,-0.025197,0.18429,0.30362,0.61829,0.44374,0.31798,0.26741,0.1981,0.60314,0.68406,0.36955,1,0.31403,0.6319,0.36911,0.62649,0.80652,0.74027,0.66472,0.36668,0.76913,0.20337,0.24825,0.23035,0.11754,0.29419,0.30415,0.13493,0.19952,0.28557,0.25953,0.11325,0.28755,0.10127,0.26172,0.16913,0.27986,0.33765,0.1283,0.1507,0.15265,0.097232,0.068102,0.043909,0.3514,-0.0085117,0.011731,0.12255,-0.062276,0.18309,0.40855,0.21903,0.4839,0.48402,0.15664,0.098735,0.41919,0.112,0.10245,0.29958,0.75427,0.60103,0.2661,0.40415,0.33552,0.44639,0.39649,0.68226,0.46202,0.30292,0.54118
0.034986,0.060513,0.070697,0.15632,0.15974,0.11133,0.023986,0.028509,0.05972,0.038866,0.041986,-0.0041137,0.026615,0.014242,0.10166,0.037874,-0.034633,-0.032655,-0.0068312,-0.011699,0.0011468,0.23075,0.006117,0.060063,0.10393,0.16659,0.11853,0.24553,-0.01551,0.2288,0.11188,0.28543,0.20617,0.075753,0.15768,0.072202,0.080451,0.37502,0.44302,0.33678,0.31403,1,0.49331,0.1866,0.27711,0.41733,0.40369,0.067082,0.028045,0.23513,0.044701,0.058769,0.056357,0.16042,0.12266,0.086595,0.042952,0.037003,0.047394,0.072062,-0.0067114,0.013206,0.0010536,0.092661,0.013592,0.10346,0.024324,-0.0038126,-0.029931,-0.017292,-0.019477,0.11984,-0.017694,0.20566,-0.052812,0.074489,0.036582,0.06562,0.081009,0.22376,-0.035654,0.035595,0.083853,-0.02428,0.062234,0.094205,0.034105,0.15509,0.042922,0.17596,0.082025,0.24763,0.33508,0.21689,0.47308,0.16094,0.28073,-0.0063094,0.00043942,0.15455
-0.013191,0.063798,0.090493,0.080749,0.18239,0.13684,-0.019252,0.0054891,0.049247,-0.054066,0.023781,-0.092659,0.095506,0.016785,0.15834,0.10312,-0.081956,-0.0066324,-0.021936,-0.095799,-0.08099,0.46127,-0.061637,-0.072076,-0.06569,0.021937,-0.19767,0.088152,-0.19612,0.15725,0.11745,0.35437,0.51974,0.29714,0.42771,-0.19092,-0.10431,0.51054,0.67846,0.46641,0.6319,0.49331,1,0.039735,0.41959,0.73147,0.73309,0.30476,-0.038186,0.33242,0.032144,0.064472,0.068161,0.094902,0.11905,0.12965,0.026842,0.011353,-0.0088446,0.051358,-0.088951,0.10483,-0.017647,0.16377,0.012876,0.20872,0.017,-0.013846,-0.040414,-0.057942,-0.11834,0.075488,-0.11803,0.1541,-0.23792,-0.17133,-0.13377,-0.12873,0.094778,0.28969,-0.1864,0.080163,0.11153,-0.042589,-0.23213,0.17855,-0.21998,-0.12379,-0.2328,0.26844,0.27684,0.24041,0.36799,0.092744,0.52992,0.017294,0.38476,-0.034586,-0.088689,0.067837
0.20878,0.20232,0.19836,0.14912,0.22267,0.23242,0.22001,0.17652,0.22781,0.29536,0.22213,0.18155,0.18826,0.11016,0.13473,0.14469,0.087043,0.088671,0.076114,0.20591,0.083444,-0.088806,0.036206,0.11811,0.25797,0.058958,0.21457,0.23075,0.23407,-0.025129,0.24516,0.18626,0.26807,0.037821,-0.025967,0.32113,0.29016,0.40342,0.20689,0.080364,0.36911,0.1866,0.039735,1,0.26203,0.36983,0.13196,0.30578,0.37229,0.46557,0.20351,0.21224,0.21667,0.21303,0.24954,0.19834,0.18542,0.21998,0.28102,0.23668,0.19705,0.19579,0.17327,0.1634,0.14317,0.11778,0.31973,0.12561,0.056634,0.13471,0.15896,0.021229,0.079606,0.29276,0.16923,0.19325,0.23054,0.12859,0.16546,0.29788,0.19275,0.21146,0.20045,0.056038,0.1945,0.058411,0.25076,0.24994,0.34007,0.40579,0.37249,0.20708,0.21213,0.37596,0.18238,0.56173,0.36528,0.285,0.30217,0.42345
0.22068,0.22942,0.23791,0.1018,0.36803,0.3093,0.20047,0.16172,0.23996,0.24445,0.20165,0.11669,0.2013,0.10767,0.14932,0.22653,0.093103,0.26706,0.095656,0.34389,0.07102,0.32576,0.14348,0.10872,0.20913,0.2127,0.28561,0.25023,0.17141,0.020866,0.24932,0.18072,0.38745,0.58063,0.56596,0.51385,0.31011,0.29286,0.47131,0.1908,0.62649,0.27711,0.41959,0.26203,1,0.51974,0.60043,0.64913,0.39364,0.58098,0.19712,0.22652,0.20606,0.16185,0.31208,0.26549,0.15214,0.21774,0.26091,0.22628,0.12425,0.21557,0.10114,0.18579,0.14902,0.1495,0.29713,0.12487,0.27368,0.26104,0.12594,0.20969,0.14699,0.268,0.067153,0.20803,0.17732,0.054982,0.18135,0.2111,0.3393,0.62883,0.60612,0.40611,0.35502,0.59057,0.26531,0.33318,0.46488,0.50016,0.46346,0.15373,0.25658,0.41134,0.28275,0.27511,0.47361,0.52896,0.34969,0.43315
0.10569,0.09566,0.1222,0.018787,0.18214,0.18496,0.015467,-0.0080407,0.1064,0.097532,0.12172,-0.020708,0.16484,0.070826,0.16458,0.088644,-0.018512,-0.025962,0.019532,0.034175,-0.034842,0.18632,-0.075769,-0.096436,-0.0028302,-0.12609,-0.11567,0.098453,-0.082008,0.0017448,0.16082,0.33394,0.55873,0.2396,0.2326,0.054794,0.080062,0.62337,0.59859,0.27567,0.80652,0.41733,0.73147,0.36983,0.51974,1,0.71748,0.53457,0.18484,0.64016,0.10691,0.1223,0.091512,0.088661,0.15492,0.16467,0.023926,0.060474,0.1232,0.12976,-0.0055155,0.21686,0.0024355,0.1899,0.065574,0.20283,0.11508,0.032977,-0.053743,-0.041577,-0.053672,-0.069709,-0.090837,0.1997,-0.16278,-0.16801,-0.0413,-0.15427,0.12957,0.37422,-0.056611,0.26102,0.28342,-0.057716,-0.10526,0.22093,-0.043478,-0.028496,0.031124,0.56478,0.47248,0.22885,0.30793,0.24849,0.46109,0.33221,0.63836,0.21697,0.10401,0.39459
0.0903,0.1216,0.15288,0.060221,0.25026,0.22033,0.05212,0.034888,0.12514,0.077089,0.11137,-0.024535,0.14294,0.065127,0.17907,0.12176,-0.034694,0.05125,0.01934,0.061327,-0.018052,0.38688,0.0055075,-0.030215,-0.00012653,0.020883,-0.064365,0.12447,-0.078074,0.086726,0.12768,0.30129,0.4774,0.37487,0.43079,0.10706,0.059757,0.51947,0.66035,0.38023,0.74027,0.40369,0.73309,0.13196,0.60043,0.71748,1,0.50114,0.19225,0.55852,0.10214,0.12545,0.096908,0.11093,0.19529,0.18741,0.053238,0.078107,0.099683,0.1232,-0.00899,0.16546,0.00028823,0.17753,0.06467,0.20488,0.1293,0.0357,0.025468,0.018864,-0.044305,0.10506,-0.037619,0.25114,-0.14651,-0.067847,-0.028793,-0.083632,0.11523,0.32027,-0.046149,0.29961,0.29507,0.046291,-0.027808,0.32455,-0.012684,0.01091,0.060077,0.4658,0.36666,0.28392,0.371,0.18383,0.48621,0.1633,0.50132,0.22214,0.13029,0.33424
0.26009,0.18778,0.20693,-0.033157,0.30632,0.27807,0.16146,0.12295,0.20782,0.2777,0.21064,0.1106,0.23432,0.13439,0.14824,0.24629,0.14409,0.29946,0.13412,0.42165,0.070838,0.2304,0.16314,0.10246,0.18176,0.067046,0.18526,0.17575,0.20251,-0.14225,0.21498,0.12328,0.45087,0.56005,0.4815,0.40469,0.26406,0.2707,0.31448,0.054288,0.66472,0.067082,0.30476,0.30578,0.64913,0.53457,0.50114,1,0.44718,0.5842,0.21753,0.20408,0.19552,0.07338,0.25832,0.24287,0.10975,0.17559,0.28257,0.20814,0.11464,0.25207,0.084665,0.18887,0.14625,0.14443,0.34083,0.13704,0.27818,0.25887,0.14739,0.085397,0.14391,0.20907,0.065484,0.10032,0.17695,-0.045576,0.1407,0.18936,0.36917,0.5673,0.51341,0.35139,0.26273,0.5061,0.19377,0.21752,0.40767,0.55676,0.53732,0.067151,0.11124,0.35708,0.10687,0.31393,0.48127,0.61046,0.3702,0.43464
0.42098,0.43021,0.42133,-0.015378,0.41844,0.49392,0.41317,0.37868,0.45561,0.46352,0.38156,0.32566,0.34599,0.28252,0.3039,0.3591,0.2353,0.35935,0.24134,0.42057,0.25807,0.12449,0.22583,0.23788,0.35366,0.2243,0.21729,0.2553,0.387,0.0031754,0.21284,0.15019,0.21594,0.36019,0.26803,0.53838,0.38605,0.24792,0.19325,0.10717,0.36668,0.028045,-0.038186,0.37229,0.39364,0.18484,0.19225,0.44718,1,0.51057,0.40329,0.42415,0.37562,0.14658,0.44306,0.4561,0.34679,0.43231,0.47412,0.40706,0.34106,0.34074,0.28923,0.32093,0.34422,0.2719,0.53405,0.29971,0.30726,0.38089,0.35081,0.19743,0.27861,0.39832,0.30075,0.30687,0.37439,0.20062,0.14541,0.24843,0.32565,0.44793,0.32769,0.29457,0.30483,0.30342,0.34039,0.28155,0.54318,0.38553,0.38695,0.21301,0.17914,0.35205,0.01165,0.37104,0.26003,0.47458,0.64266,0.47315
0.24115,0.17865,0.2047,0.051314,0.28752,0.27736,0.13985,0.078448,0.21348,0.2891,0.24423,0.13812,0.22583,0.11418,0.19226,0.14842,0.072776,0.095833,0.085504,0.26152,0.082739,0.058445,0.024029,0.046673,0.18117,-0.026559,0.044589,0.15772,0.15555,-0.051097,0.19681,0.25999,0.4524,0.31886,0.18894,0.48128,0.35239,0.54716,0.48059,0.16935,0.76913,0.23513,0.33242,0.46557,0.58098,0.64016,0.55852,0.5842,0.51057,1,0.22465,0.20067,0.16986,0.15144,0.26675,0.23597,0.091133,0.17498,0.29033,0.26067,0.14328,0.2721,0.083261,0.19322,0.14495,0.18955,0.33225,0.11267,0.091229,0.12316,0.10576,0.031421,0.034189,0.34237,0.049582,0.080188,0.15885,-0.0029611,0.17379,0.39052,0.19018,0.55088,0.44499,0.13882,0.15465,0.3642,0.2871,0.17178,0.46707,0.71208,0.59168,0.2984,0.30309,0.37851,0.32284,0.49197,0.60915,0.473,0.43231,0.74307
0.39564,0.47119,0.48137,0.043782,0.39734,0.47807,0.45897,0.47988,0.46988,0.42792,0.33506,0.30984,0.34545,0.29623,0.28158,0.45317,0.21981,0.39782,0.23485,0.29627,0.1905,0.19405,0.20651,0.21455,0.33816,0.22084,0.13317,0.20611,0.3312,0.078286,0.17768,0.21743,0.16663,0.25496,0.23126,0.21969,0.23613,0.21457,0.18954,0.20197,0.20337,0.044701,0.032144,0.20351,0.19712,0.10691,0.10214,0.21753,0.40329,0.22465,1,0.51651,0.49722,0.18496,0.4673,0.48549,0.47091,0.47238,0.44606,0.37022,0.31549,0.29662,0.35954,0.32748,0.33715,0.27087,0.52393,0.32574,0.34194,0.44951,0.31641,0.28958,0.31402,0.39815,0.28807,0.29473,0.33387,0.21951,0.10307,0.28941,0.21317,0.20169,0.14854,0.23958,0.18267,0.14921,0.18641,0.17016,0.29336,0.1984,0.25534,0.21522,0.19472,0.24153,0.015584,0.22747,0.12742,0.27262,0.44943,0.19687
0.43607,0.85388,0.84794,-0.090084,0.64132,0.79593,0.76996,0.85792,0.85105,0.60994,0.48539,0.45739,0.53162,0.51746,0.4249,0.62441,0.31894,0.54943,0.33905,0.35711,0.28193,0.29049,0.28722,0.29205,0.41849,0.29841,0.19519,0.25956,0.41385,0.195,0.2126,0.22714,0.21078,0.31676,0.25728,0.21295,0.26387,0.27217,0.32675,0.39067,0.24825,0.058769,0.064472,0.21224,0.22652,0.1223,0.12545,0.20408,0.42415,0.20067,0.51651,1,0.75565,0.22317,0.78945,0.84686,0.83362,0.87022,0.65607,0.54709,0.50383,0.45283,0.56004,0.54468,0.52249,0.44339,0.65924,0.50389,0.43853,0.64557,0.44923,0.35539,0.41847,0.55595,0.40042,0.3854,0.4525,0.32398,0.1079,0.29522,0.23155,0.16069,0.16493,0.25005,0.2284,0.13948,0.17651,0.18769,0.30825,0.17771,0.2248,0.24223,0.36122,0.22314,0.0098076,0.19288,0.10435,0.2534,0.48995,0.11509
0.42894,0.72666,0.70818,0.19052,0.61934,0.68679,0.77599,0.80697,0.70761,0.59649,0.45564,0.42807,0.48124,0.4742,0.39307,0.76712,0.37877,0.71423,0.38302,0.44125,0.27811,0.39437,0.36626,0.37323,0.46749,0.3499,0.2472,0.31983,0.47652,0.18296,0.25423,0.23967,0.2385,0.414,0.35623,0.22482,0.28466,0.21114,0.27255,0.3897,0.23035,0.056357,0.068161,0.21667,0.20606,0.091512,0.096908,0.19552,0.37562,0.16986,0.49722,0.75565,1,0.43503,0.70979,0.71559,0.8298,0.75581,0.64561,0.53579,0.47608,0.40681,0.53364,0.52761,0.53981,0.41093,0.76123,0.57928,0.64393,0.78938,0.48501,0.50265,0.49521,0.57225,0.4767,0.4779,0.48789,0.36233,0.14008,0.30388,0.36373,0.17401,0.17815,0.4024,0.29128,0.19839,0.19811,0.25707,0.34431,0.1755,0.24235,0.20638,0.34038,0.29089,0.037546,0.20501,0.099911,0.28785,0.44302,0.10058
0.11307,0.24111,0.2145,0.77035,0.38119,0.26202,0.30371,0.35012,0.20747,0.25546,0.17775,0.14071,0.18916,0.11328,0.18319,0.24462,-0.025019,0.20703,-0.015877,0.080694,0.032377,0.14312,0.054154,0.12116,0.26213,0.19838,0.1767,0.24173,0.18007,0.15834,0.15314,0.19826,0.13327,0.11978,0.14947,0.16584,0.20777,0.23145,0.24486,0.27384,0.11754,0.16042,0.094902,0.21303,0.16185,0.088661,0.11093,0.07338,0.14658,0.15144,0.18496,0.22317,0.43503,1,0.3619,0.1994,0.43101,0.27102,0.25372,0.23268,0.15861,0.15608,0.24087,0.2022,0.16684,0.20987,0.31321,0.14342,0.21461,0.32713,0.14242,0.29923,0.13095,0.29107,0.13766,0.31374,0.20002,0.24007,0.11392,0.2378,0.17484,0.14449,0.12954,0.20548,0.24302,0.14254,0.18383,0.28095,0.21567,0.12088,0.1785,0.25391,0.28632,0.27386,0.20748,0.21578,0.12972,0.15099,0.18631,0.16537
0.40037,0.81752,0.79801,0.07587,0.79653,0.86837,0.74709,0.80879,0.81938,0.6324,0.52221,0.51408,0.49394,0.49202,0.47431,0.62607,0.37795,0.57848,0.36812,0.44002,0.37153,0.38505,0.3989,0.42048,0.5179,0.42001,0.32332,0.40932,0.49966,0.29584,0.2595,0.26909,0.26778,0.39517,0.35192,0.31076,0.32756,0.30217,0.37061,0.42761,0.29419,0.12266,0.11905,0.24954,0.31208,0.15492,0.19529,0.25832,0.44306,0.26675,0.4673,0.78945,0.70979,0.3619,1,0.83609,0.75859,0.83887,0.66396,0.60825,0.537,0.41393,0.5397,0.53464,0.55162,0.46687,0.65292,0.51841,0.48569,0.63668,0.5356,0.41939,0.47706,0.56045,0.48437,0.49355,0.53528,0.44503,0.1459,0.32925,0.30798,0.22006,0.22901,0.32954,0.33965,0.22211,0.2445,0.32069,0.39221,0.21312,0.26201,0.27408,0.37999,0.30722,0.074561,0.22233,0.13516,0.29518,0.48758,0.17831
0.42069,0.84447,0.84909,-0.10367,0.65784,0.86489,0.75739,0.82148,0.8779,0.60552,0.53401,0.48786,0.55375,0.57017,0.51238,0.59379,0.34171,0.53983,0.37759,0.35485,0.34842,0.33411,0.31717,0.30975,0.429,0.30572,0.16324,0.28054,0.41978,0.24146,0.22237,0.25235,0.24825,0.34962,0.29578,0.18991,0.23893,0.30376,0.3746,0.41635,0.30415,0.086595,0.12965,0.19834,0.26549,0.16467,0.18741,0.24287,0.4561,0.23597,0.48549,0.84686,0.71559,0.1994,0.83609,1,0.77044,0.87693,0.66801,0.60322,0.53042,0.47905,0.56166,0.60008,0.58403,0.53904,0.64558,0.52303,0.42033,0.60319,0.48494,0.34322,0.42308,0.55731,0.39596,0.36855,0.4713,0.34299,0.11079,0.31104,0.20364,0.1742,0.17627,0.23274,0.18949,0.1622,0.14738,0.16761,0.28074,0.20003,0.2599,0.26365,0.37173,0.22125,0.026767,0.18036,0.11803,0.25622,0.51531,0.12809
0.39588,0.82202,0.78732,0.15592,0.63024,0.73331,0.79902,0.92237,0.79592,0.54637,0.4125,0.36847,0.47859,0.45316,0.36468,0.64388,0.21601,0.60436,0.25849,0.32792,0.21995,0.28484,0.23676,0.2498,0.39475,0.29325,0.20745,0.23998,0.38979,0.18514,0.19651,0.2208,0.16225,0.28694,0.25882,0.1796,0.24134,0.21002,0.27436,0.3915,0.13493,0.042952,0.026842,0.18542,0.15214,0.023926,0.053238,0.10975,0.34679,0.091133,0.47091,0.83362,0.8298,0.43101,0.75859,0.77044,1,0.85607,0.59738,0.47334,0.43281,0.39424,0.54562,0.50673,0.48214,0.40705,0.68169,0.4525,0.46639,0.73642,0.43866,0.40615,0.38961,0.54338,0.36355,0.39978,0.42689,0.32386,0.089353,0.26348,0.22962,0.087077,0.084467,0.26485,0.23996,0.086252,0.17343,0.2039,0.28095,0.082565,0.1549,0.23583,0.34835,0.21185,0.00082715,0.16301,0.017897,0.19984,0.42627,0.034728
0.4086,0.8922,0.86282,-0.018379,0.66339,0.83177,0.82661,0.89981,0.92324,0.62842,0.52394,0.49983,0.56505,0.5762,0.47915,0.61309,0.33685,0.56182,0.36451,0.37407,0.35153,0.28542,0.32649,0.33876,0.46423,0.33771,0.25884,0.28986,0.46038,0.24344,0.21771,0.22481,0.19144,0.31685,0.26322,0.25094,0.29515,0.24693,0.30737,0.40745,0.19952,0.037003,0.011353,0.21998,0.21774,0.060474,0.078107,0.17559,0.43231,0.17498,0.47238,0.87022,0.75581,0.27102,0.83887,0.87693,0.85607,1,0.68379,0.58815,0.55159,0.48161,0.61437,0.60338,0.60463,0.50457,0.68392,0.52819,0.43141,0.64702,0.51124,0.3647,0.44633,0.58181,0.44981,0.4336,0.50472,0.38538,0.10016,0.28696,0.24764,0.14978,0.13875,0.26265,0.26557,0.11725,0.21397,0.22398,0.33891,0.13546,0.20979,0.26514,0.37921,0.21961,-0.018641,0.18487,0.047122,0.2412,0.49015,0.10373
0.42114,0.63986,0.62334,0.0081264,0.59116,0.6604,0.65859,0.62151,0.66704,0.87004,0.66514,0.66218,0.57919,0.55809,0.58558,0.57427,0.4383,0.52089,0.40484,0.49679,0.44967,0.28327,0.42605,0.52089,0.63288,0.41642,0.32799,0.39444,0.61538,0.24066,0.26324,0.21214,0.24124,0.35623,0.27788,0.34374,0.37516,0.25307,0.27265,0.33961,0.28557,0.047394,-0.0088446,0.28102,0.26091,0.1232,0.099683,0.28257,0.47412,0.29033,0.44606,0.65607,0.64561,0.25372,0.66396,0.66801,0.59738,0.68379,1,0.73832,0.69592,0.53147,0.62063,0.58306,0.63835,0.54577,0.64769,0.55004,0.49055,0.57363,0.6003,0.38319,0.51914,0.56551,0.62972,0.57725,0.62709,0.46896,0.15649,0.28394,0.40288,0.25896,0.27263,0.37279,0.37152,0.21925,0.31394,0.33839,0.45429,0.25351,0.27838,0.22791,0.32002,0.31385,-0.037435,0.26732,0.14145,0.36415,0.49945,0.2128
0.33357,0.56891,0.53183,0.015922,0.55236,0.60959,0.56963,0.5172,0.57261,0.6863,0.65265,0.69251,0.57292,0.56164,0.61296,0.50953,0.51309,0.43831,0.46404,0.40538,0.48416,0.3178,0.45411,0.53833,0.5748,0.45,0.29202,0.43049,0.55473,0.35049,0.23124,0.2217,0.23885,0.30907,0.2574,0.26495,0.30555,0.26179,0.27907,0.34122,0.25953,0.072062,0.051358,0.23668,0.22628,0.12976,0.1232,0.20814,0.40706,0.26067,0.37022,0.54709,0.53579,0.23268,0.60825,0.60322,0.47334,0.58815,0.73832,1,0.71279,0.52809,0.57839,0.60139,0.65671,0.6006,0.54523,0.60787,0.42723,0.44337,0.59312,0.34413,0.51786,0.46928,0.62869,0.54457,0.58227,0.5266,0.13671,0.28306,0.2818,0.17576,0.18607,0.28509,0.28156,0.15037,0.24698,0.27972,0.33417,0.18385,0.22861,0.21796,0.2959,0.2359,-0.011397,0.19973,0.096962,0.23713,0.41472,0.16978
0.30741,0.5158,0.48815,-0.03385,0.47479,0.53701,0.54528,0.47488,0.53465,0.66191,0.62675,0.78639,0.65414,0.52008,0.50928,0.44144,0.51655,0.3709,0.40909,0.33919,0.4281,0.22943,0.43392,0.5685,0.56865,0.48905,0.31243,0.39579,0.53752,0.38084,0.19569,0.15562,0.13393,0.2001,0.15924,0.23448,0.26889,0.16928,0.16609,0.2784,0.11325,-0.0067114,-0.088951,0.19705,0.12425,-0.0055155,-0.00899,0.11464,0.34106,0.14328,0.31549,0.50383,0.47608,0.15861,0.537,0.53042,0.43281,0.55159,0.69592,0.71279,1,0.61065,0.66732,0.50104,0.58324,0.46621,0.46327,0.55289,0.37744,0.3878,0.54184,0.3469,0.50607,0.40527,0.69118,0.59068,0.56188,0.58594,0.10063,0.18531,0.27275,0.10905,0.11942,0.26188,0.29837,0.086308,0.24903,0.26198,0.29703,0.081198,0.14293,0.15632,0.24155,0.17609,-0.10243,0.14944,-0.0066326,0.1758,0.33735,0.086856
0.27232,0.45292,0.43341,-0.017167,0.38934,0.44772,0.40993,0.41175,0.47601,0.51423,0.52338,0.5413,0.89737,0.4661,0.43287,0.32244,0.222,0.25366,0.1897,0.15013,0.12127,0.19273,0.1287,0.18027,0.32246,0.22079,0.025771,0.15292,0.23542,0.16515,0.17171,0.19541,0.23583,0.24836,0.21115,0.12135,0.17665,0.25469,0.27337,0.25139,0.28755,0.013206,0.10483,0.19579,0.21557,0.21686,0.16546,0.25207,0.34074,0.2721,0.29662,0.45283,0.40681,0.15608,0.41393,0.47905,0.39424,0.48161,0.53147,0.52809,0.61065,1,0.63825,0.52772,0.41399,0.46605,0.39306,0.34896,0.25228,0.29647,0.2126,0.26646,0.22593,0.36666,0.26551,0.28771,0.27532,0.2258,0.090265,0.24671,0.14679,0.2179,0.15994,0.18905,0.086697,0.16098,0.1056,0.10495,0.17993,0.2195,0.28844,0.22609,0.2676,0.17021,0.030002,0.17356,0.19211,0.21918,0.32367,0.1737
0.32031,0.57685,0.54018,0.043289,0.4669,0.54781,0.57112,0.57274,0.58765,0.58587,0.5343,0.61186,0.69515,0.48953,0.46414,0.43473,0.29777,0.35886,0.24194,0.23099,0.24909,0.24354,0.26206,0.38254,0.45467,0.39396,0.17823,0.264,0.3897,0.32198,0.1775,0.2043,0.10106,0.2004,0.17966,0.11141,0.17465,0.19183,0.23595,0.39621,0.10127,0.0010536,-0.017647,0.17327,0.10114,0.0024355,0.00028823,0.084665,0.28923,0.083261,0.35954,0.56004,0.53364,0.24087,0.5397,0.56166,0.54562,0.61437,0.62063,0.57839,0.66732,0.63825,1,0.57793,0.53196,0.48487,0.47142,0.43194,0.33739,0.43636,0.38749,0.38676,0.40765,0.43615,0.47204,0.45408,0.42828,0.43591,0.083877,0.2171,0.20028,0.084827,0.055177,0.22963,0.19321,0.080877,0.15196,0.18853,0.19303,0.036953,0.14351,0.23716,0.33937,0.14858,-0.04558,0.12897,-0.0050182,0.15304,0.30971,0.021881
0.28262,0.57192,0.53665,0.02908,0.45329,0.55705,0.53373,0.539,0.59782,0.52413,0.51455,0.45883,0.57205,0.63816,0.56118,0.45787,0.33671,0.37072,0.42394,0.20134,0.2982,0.29467,0.25183,0.22106,0.35235,0.22744,0.074086,0.22507,0.29539,0.25144,0.16914,0.2741,0.2479,0.25544,0.23143,0.060176,0.15161,0.32262,0.37842,0.44702,0.26172,0.092661,0.16377,0.1634,0.18579,0.1899,0.17753,0.18887,0.32093,0.19322,0.32748,0.54468,0.52761,0.2022,0.53464,0.60008,0.50673,0.60338,0.58306,0.60139,0.50104,0.52772,0.57793,1,0.65595,0.62159,0.45954,0.61476,0.30416,0.39683,0.34369,0.2851,0.35485,0.46212,0.25818,0.26329,0.3622,0.29317,0.06626,0.3062,0.084004,0.096999,0.086346,0.13147,0.093564,0.077635,0.066985,0.1018,0.13379,0.14205,0.22548,0.30965,0.41675,0.13836,0.065205,0.13698,0.12328,0.16836,0.32896,0.087859
0.32279,0.57052,0.53269,-0.018773,0.48607,0.57457,0.58735,0.53222,0.58336,0.58121,0.55888,0.58541,0.48152,0.64406,0.60853,0.51777,0.52271,0.47348,0.56133,0.37494,0.56339,0.3066,0.48307,0.46089,0.46187,0.37262,0.2493,0.357,0.50059,0.33347,0.20486,0.22075,0.18221,0.29025,0.239,0.18323,0.24092,0.20573,0.22425,0.34388,0.16913,0.013592,0.012876,0.14317,0.14902,0.065574,0.06467,0.14625,0.34422,0.14495,0.33715,0.52249,0.53981,0.16684,0.55162,0.58403,0.48214,0.60463,0.63835,0.65671,0.58324,0.41399,0.53196,0.65595,1,0.59528,0.52124,0.68623,0.42288,0.4669,0.61233,0.33096,0.55281,0.44411,0.54952,0.41432,0.53648,0.48049,0.077831,0.22842,0.21626,0.11186,0.10056,0.22877,0.23061,0.10787,0.17089,0.18529,0.24959,0.082838,0.15738,0.176,0.27325,0.14492,-0.060842,0.10503,0.015713,0.18057,0.35945,0.06711
0.19736,0.49754,0.43725,0.044233,0.39814,0.50512,0.45956,0.43968,0.50248,0.47732,0.53814,0.45238,0.51396,0.50947,0.81193,0.31533,0.24282,0.25294,0.29108,0.17898,0.42638,0.22952,0.23231,0.27951,0.32616,0.20749,0.048859,0.23809,0.30471,0.32363,0.11999,0.27882,0.2397,0.19553,0.16601,-0.00056376,0.097,0.32519,0.38091,0.4203,0.27986,0.10346,0.20872,0.11778,0.1495,0.20283,0.20488,0.14443,0.2719,0.18955,0.27087,0.44339,0.41093,0.20987,0.46687,0.53904,0.40705,0.50457,0.54577,0.6006,0.46621,0.46605,0.48487,0.62159,0.59528,1,0.39752,0.40999,0.21092,0.29772,0.47272,0.21119,0.33141,0.39535,0.31576,0.2408,0.40344,0.33927,0.074232,0.29612,0.030968,0.070494,0.070456,0.064101,0.036154,0.059649,0.024328,0.059503,0.07157,0.13191,0.21194,0.28217,0.37772,0.091689,0.06678,0.0956,0.093077,0.11262,0.29771,0.077904
0.46277,0.65271,0.624,0.11248,0.60482,0.64982,0.70762,0.68911,0.64886,0.60303,0.46766,0.44595,0.44983,0.4395,0.41558,0.6898,0.42117,0.6841,0.39987,0.61741,0.35612,0.34082,0.43503,0.48329,0.52914,0.34368,0.34074,0.3412,0.59639,0.10502,0.27029,0.22613,0.27805,0.44584,0.36778,0.37073,0.35731,0.26048,0.26317,0.34327,0.33765,0.024324,0.017,0.31973,0.29713,0.11508,0.1293,0.34083,0.53405,0.33225,0.52393,0.65924,0.76123,0.31321,0.65292,0.64558,0.68169,0.68392,0.64769,0.54523,0.46327,0.39306,0.47142,0.45954,0.52124,0.39752,1,0.51952,0.60888,0.71734,0.56915,0.51377,0.51424,0.70512,0.54384,0.52567,0.5726,0.37194,0.20799,0.39061,0.5167,0.3413,0.30451,0.47613,0.42635,0.30925,0.29921,0.34865,0.51104,0.40897,0.40031,0.29761,0.37338,0.3904,0.11188,0.36099,0.24678,0.47894,0.57538,0.3139
0.30938,0.5117,0.49461,-0.026131,0.44126,0.51474,0.54705,0.48985,0.50284,0.50733,0.4873,0.58793,0.41057,0.65451,0.44526,0.60044,0.71415,0.56082,0.7263,0.39901,0.49887,0.36619,0.5491,0.47589,0.42978,0.3748,0.25354,0.35181,0.48435,0.30615,0.18099,0.17169,0.16376,0.31653,0.26152,0.17444,0.25125,0.1402,0.15974,0.29814,0.1283,-0.0038126,-0.013846,0.12561,0.12487,0.032977,0.0357,0.13704,0.29971,0.11267,0.32574,0.50389,0.57928,0.14342,0.51841,0.52303,0.4525,0.52819,0.55004,0.60787,0.55289,0.34896,0.43194,0.61476,0.68623,0.40999,0.51952,1,0.5487,0.52922,0.53259,0.41154,0.58179,0.41315,0.5759,0.40712,0.50455,0.46604,0.068725,0.19237,0.24907,0.062043,0.066217,0.2556,0.24221,0.079799,0.15704,0.17549,0.23948,0.063109,0.10067,0.14927,0.24896,0.13081,-0.071721,0.068651,-0.0112,0.16107,0.32736,0.041562
0.33405,0.41792,0.41124,0.084901,0.49699,0.45106,0.50837,0.48886,0.39372,0.48421,0.35096,0.39449,0.30701,0.32327,0.2638,0.70507,0.51806,0.8103,0.43209,0.63509,0.31869,0.52269,0.54019,0.50458,0.47569,0.47087,0.40497,0.383,0.54697,0.12815,0.26036,0.072597,0.18214,0.66953,0.54936,0.39765,0.33115,-0.096439,0.059239,0.17288,0.1507,-0.029931,-0.040414,0.056634,0.27368,-0.053743,0.025468,0.27818,0.30726,0.091229,0.34194,0.43853,0.64393,0.21461,0.48569,0.42033,0.46639,0.43141,0.49055,0.42723,0.37744,0.25228,0.33739,0.30416,0.42288,0.21092,0.60888,0.5487,1,0.82545,0.50973,0.63574,0.60741,0.34027,0.55247,0.57692,0.49966,0.35425,0.17088,0.088657,0.69148,0.42839,0.435,0.74492,0.50849,0.51099,0.29282,0.44664,0.51369,0.1598,0.26266,-0.059966,0.089544,0.39408,-0.052873,0.10077,0.097168,0.45991,0.36964,0.069226
0.41985,0.60712,0.59716,0.14261,0.57494,0.60435,0.66508,0.72244,0.59361,0.54153,0.37235,0.36362,0.36876,0.37809,0.3089,0.74835,0.39012,0.85887,0.36369,0.60564,0.29404,0.44416,0.45278,0.39787,0.45739,0.41196,0.37232,0.32846,0.52542,0.10923,0.24918,0.12633,0.17629,0.59003,0.47901,0.39322,0.34958,0.0061964,0.12643,0.24275,0.15265,-0.017292,-0.057942,0.13471,0.26104,-0.041577,0.018864,0.25887,0.38089,0.12316,0.44951,0.64557,0.78938,0.32713,0.63668,0.60319,0.73642,0.64702,0.57363,0.44337,0.3878,0.29647,0.43636,0.39683,0.4669,0.29772,0.71734,0.52922,0.82545,1,0.54353,0.59132,0.57659,0.45508,0.48576,0.53396,0.51596,0.34146,0.14974,0.1736,0.56897,0.36033,0.33522,0.61659,0.4649,0.38189,0.2993,0.39601,0.51872,0.15621,0.26408,0.075643,0.21079,0.36883,-0.063762,0.15681,0.074258,0.44168,0.47502,0.096738
0.31331,0.49126,0.43954,-0.024589,0.49108,0.51321,0.56111,0.48534,0.47102,0.56747,0.49395,0.56914,0.28387,0.38608,0.54455,0.52174,0.56418,0.56691,0.47741,0.67948,0.72383,0.27512,0.64789,0.72115,0.577,0.459,0.50194,0.48657,0.71394,0.3198,0.19528,0.10978,0.1131,0.32117,0.24012,0.35236,0.3182,0.037764,0.056501,0.20683,0.097232,-0.019477,-0.11834,0.15896,0.12594,-0.053672,-0.044305,0.14739,0.35081,0.10576,0.31641,0.44923,0.48501,0.14242,0.5356,0.48494,0.43866,0.51124,0.6003,0.59312,0.54184,0.2126,0.38749,0.34369,0.61233,0.47272,0.56915,0.53259,0.50973,0.54353,1,0.29921,0.65152,0.3868,0.77114,0.55396,0.72905,0.59222,0.097376,0.12976,0.42611,0.1135,0.15081,0.34218,0.43428,0.12804,0.29162,0.34439,0.42637,0.074239,0.063231,0.029994,0.12879,0.17002,-0.14862,0.13696,-0.051361,0.25219,0.40089,0.078886
0.24173,0.36583,0.35132,0.24968,0.45656,0.37814,0.43101,0.42745,0.33995,0.37991,0.27845,0.3472,0.3263,0.30238,0.26096,0.51957,0.31683,0.55,0.28866,0.34131,0.19215,0.53379,0.39275,0.41795,0.41608,0.50358,0.30981,0.33533,0.36419,0.30168,0.19067,0.18668,0.085061,0.44541,0.46016,0.22518,0.19402,0.050997,0.23319,0.39903,0.068102,0.11984,0.075488,0.021229,0.20969,-0.069709,0.10506,0.085397,0.19743,0.031421,0.28958,0.35539,0.50265,0.29923,0.41939,0.34322,0.40615,0.3647,0.38319,0.34413,0.3469,0.26646,0.38676,0.2851,0.33096,0.21119,0.51377,0.41154,0.63574,0.59132,0.29921,1,0.46953,0.51122,0.40324,0.57451,0.36577,0.39167,0.17704,0.2306,0.45974,0.27004,0.26986,0.58307,0.42833,0.42286,0.22143,0.41279,0.32855,0.10178,0.19127,0.27097,0.40326,0.34949,0.29613,0.073835,0.14215,0.28184,0.25144,0.066817
0.32367,0.44274,0.40757,-0.0095893,0.46163,0.4585,0.51229,0.43848,0.40807,0.4941,0.41961,0.54647,0.30332,0.42492,0.40407,0.54225,0.59164,0.59397,0.53762,0.56548,0.54115,0.38122,0.68368,0.63554,0.50009,0.50519,0.48484,0.45086,0.60832,0.34578,0.1896,0.096338,0.066984,0.36676,0.31672,0.30395,0.27256,-0.023671,0.047796,0.22065,0.043909,-0.017694,-0.11803,0.079606,0.14699,-0.090837,-0.037619,0.14391,0.27861,0.034189,0.31402,0.41847,0.49521,0.13095,0.47706,0.42308,0.38961,0.44633,0.51914,0.51786,0.50607,0.22593,0.40765,0.35485,0.55281,0.33141,0.51424,0.58179,0.60741,0.57659,0.65152,0.46953,1,0.34148,0.66841,0.562,0.59339,0.56433,0.086153,0.10463,0.44863,0.16743,0.2113,0.45282,0.47608,0.2492,0.25744,0.3702,0.38166,0.032657,0.082946,0.025894,0.12609,0.22063,-0.10369,0.090713,-0.027323,0.30154,0.32407,0.018685
0.32646,0.56451,0.54986,0.15974,0.51598,0.55804,0.56782,0.55193,0.58083,0.52347,0.41644,0.37822,0.4115,0.40556,0.4093,0.46988,0.25987,0.38837,0.30348,0.35975,0.27715,0.29289,0.2822,0.37996,0.44621,0.29339,0.29315,0.30958,0.40828,0.23402,0.17996,0.31802,0.2422,0.24232,0.22449,0.24249,0.26808,0.44284,0.47636,0.55146,0.3514,0.20566,0.1541,0.29276,0.268,0.1997,0.25114,0.20907,0.39832,0.34237,0.39815,0.55595,0.57225,0.29107,0.56045,0.55731,0.54338,0.58181,0.56551,0.46928,0.40527,0.36666,0.43615,0.46212,0.44411,0.39535,0.70512,0.41315,0.34027,0.45508,0.3868,0.51122,0.34148,1,0.37776,0.43224,0.44234,0.35911,0.17159,0.49324,0.29966,0.19794,0.18009,0.23193,0.3569,0.18508,0.23456,0.28879,0.35412,0.41201,0.32726,0.54886,0.68458,0.30604,0.39443,0.34115,0.31419,0.30923,0.42537,0.33521
0.29086,0.41263,0.38768,-0.019188,0.4485,0.44217,0.53553,0.40639,0.40274,0.61621,0.52975,0.71659,0.3351,0.35534,0.41696,0.5187,0.66863,0.51308,0.47083,0.61272,0.59721,0.26339,0.65769,0.85035,0.664,0.57636,0.54284,0.51109,0.76602,0.35308,0.20716,0.047582,0.051719,0.24554,0.18568,0.37971,0.36638,-0.030321,-0.048442,0.15648,-0.0085117,-0.052812,-0.23792,0.16923,0.067153,-0.16278,-0.14651,0.065484,0.30075,0.049582,0.28807,0.40042,0.4767,0.13766,0.48437,0.39596,0.36355,0.44981,0.62972,0.62869,0.69118,0.26551,0.47204,0.25818,0.54952,0.31576,0.54384,0.5759,0.55247,0.48576,0.77114,0.40324,0.66841,0.37776,1,0.7159,0.72323,0.68273,0.12875,0.073509,0.52067,0.080762,0.15824,0.42059,0.50534,0.125,0.34614,0.406,0.45135,0.03935,0.010252,-0.017426,0.074037,0.20343,-0.16764,0.13993,-0.094606,0.21657,0.32449,0.049055
0.27396,0.403,0.37433,0.21625,0.50688,0.42734,0.50137,0.43559,0.39156,0.56634,0.43706,0.57051,0.352,0.29075,0.31926,0.46647,0.43324,0.49177,0.30914,0.51324,0.36938,0.31699,0.50112,0.67342,0.65609,0.64601,0.57814,0.53763,0.64506,0.34532,0.23627,0.093563,0.039115,0.33196,0.29327,0.46794,0.40197,-0.023188,0.07322,0.23955,0.011731,0.074489,-0.17133,0.19325,0.20803,-0.16801,-0.067847,0.10032,0.30687,0.080188,0.29473,0.3854,0.4779,0.31374,0.49355,0.36855,0.39978,0.4336,0.57725,0.54457,0.59068,0.28771,0.45408,0.26329,0.41432,0.2408,0.52567,0.40712,0.57692,0.53396,0.55396,0.57451,0.562,0.43224,0.7159,1,0.6098,0.62403,0.18856,0.13036,0.60718,0.28426,0.34621,0.59413,0.65145,0.34197,0.4256,0.61607,0.55215,0.095181,0.12287,0.13558,0.23063,0.41893,0.057036,0.21146,0.051855,0.34872,0.34913,0.1301
0.33956,0.47033,0.43483,0.044108,0.49689,0.49411,0.54752,0.4734,0.47096,0.61139,0.49546,0.58001,0.34294,0.38755,0.45324,0.49954,0.51212,0.5203,0.43023,0.63022,0.56563,0.24855,0.57114,0.68691,0.60725,0.47604,0.54376,0.49142,0.69574,0.30451,0.21524,0.12244,0.12667,0.29972,0.22721,0.43191,0.38517,0.079133,0.090546,0.22514,0.12255,0.036582,-0.13377,0.23054,0.17732,-0.0413,-0.028793,0.17695,0.37439,0.15885,0.33387,0.4525,0.48789,0.20002,0.53528,0.4713,0.42689,0.50472,0.62709,0.58227,0.56188,0.27532,0.42828,0.3622,0.53648,0.40344,0.5726,0.50455,0.49966,0.51596,0.72905,0.36577,0.59339,0.44234,0.72323,0.6098,1,0.58417,0.13567,0.18558,0.4989,0.18461,0.23294,0.40052,0.53112,0.19145,0.39843,0.44383,0.51524,0.15794,0.11494,0.099989,0.20839,0.27128,-0.052703,0.24115,0.053442,0.33152,0.43234,0.17671
0.21063,0.3762,0.33547,0.13605,0.42684,0.38981,0.44137,0.36812,0.34447,0.44884,0.43171,0.59958,0.30614,0.36337,0.42169,0.3552,0.45913,0.33525,0.40178,0.37262,0.51799,0.26627,0.55369,0.65077,0.52532,0.56652,0.48306,0.5377,0.57034,0.51874,0.14838,0.13321,0.0011108,0.13984,0.14367,0.25954,0.25884,0.048643,0.084416,0.29595,-0.062276,0.06562,-0.12873,0.12859,0.054982,-0.15427,-0.083632,-0.045576,0.20062,-0.0029611,0.21951,0.32398,0.36233,0.24007,0.44503,0.34299,0.32386,0.38538,0.46896,0.5266,0.58594,0.2258,0.43591,0.29317,0.48049,0.33927,0.37194,0.46604,0.35425,0.34146,0.59222,0.39167,0.56433,0.35911,0.68273,0.62403,0.58417,1,0.075352,0.13717,0.28271,0.0043809,0.049693,0.26361,0.42564,0.061755,0.28742,0.41268,0.29557,-0.06548,-0.04072,0.14853,0.23306,0.15395,-0.016127,0.085602,-0.10981,0.087625,0.24134,0.012383
0.1094,0.093972,0.10052,0.094521,0.17475,0.13507,0.12769,0.090092,0.10321,0.15637,0.12252,0.097835,0.080652,0.030015,0.086903,0.15164,0.090187,0.12707,0.060889,0.1387,0.047249,0.096203,0.067707,0.12799,0.16026,0.099069,0.080922,0.11126,0.13178,0.0038536,0.11383,0.104,0.15268,0.15076,0.11621,0.1493,0.1175,0.11732,0.13331,0.068217,0.18309,0.081009,0.094778,0.16546,0.18135,0.12957,0.11523,0.1407,0.14541,0.17379,0.10307,0.1079,0.14008,0.11392,0.1459,0.11079,0.089353,0.10016,0.15649,0.13671,0.10063,0.090265,0.083877,0.06626,0.077831,0.074232,0.20799,0.068725,0.17088,0.14974,0.097376,0.17704,0.086153,0.17159,0.12875,0.18856,0.13567,0.075352,1,0.1926,0.22287,0.22833,0.281,0.23761,0.17188,0.24056,0.12596,0.16171,0.18299,0.23724,0.24741,0.11231,0.12578,0.29104,0.17878,0.231,0.2494,0.21088,0.14629,0.19587
0.20433,0.29927,0.28991,0.17056,0.3014,0.32609,0.25725,0.25677,0.2968,0.25016,0.25024,0.17964,0.25061,0.22392,0.2737,0.25085,0.091843,0.14494,0.16105,0.10217,0.11948,0.13664,0.071803,0.099799,0.21432,0.063584,0.015718,0.15096,0.12799,0.13858,0.13246,0.38704,0.29646,0.1007,0.087019,0.054969,0.11797,0.53575,0.46559,0.37053,0.40855,0.22376,0.28969,0.29788,0.2111,0.37422,0.32027,0.18936,0.24843,0.39052,0.28941,0.29522,0.30388,0.2378,0.32925,0.31104,0.26348,0.28696,0.28394,0.28306,0.18531,0.24671,0.2171,0.3062,0.22842,0.29612,0.39061,0.19237,0.088657,0.1736,0.12976,0.2306,0.10463,0.49324,0.073509,0.13036,0.18558,0.13717,0.1926,1,0.027554,0.14971,0.12869,0.023384,0.068217,0.090951,0.080338,0.077095,0.1213,0.42153,0.3971,0.53143,0.50242,0.23415,0.41641,0.35836,0.41008,0.17091,0.23757,0.36938
0.23726,0.20798,0.20894,0.11601,0.35826,0.25531,0.32121,0.25925,0.22364,0.42713,0.24001,0.276,0.16043,0.094245,0.095778,0.40025,0.32785,0.53104,0.18726,0.69912,0.1974,0.2036,0.40045,0.52767,0.47908,0.36311,0.58201,0.32731,0.5773,-0.046137,0.19847,-0.077721,0.13574,0.50457,0.33567,0.58242,0.42324,-0.16092,-0.029145,-0.0027396,0.21903,-0.035654,-0.1864,0.19275,0.3393,-0.056611,-0.046149,0.36917,0.32565,0.19018,0.21317,0.23155,0.36373,0.17484,0.30798,0.20364,0.22962,0.24764,0.40288,0.2818,0.27275,0.14679,0.20028,0.084004,0.21626,0.030968,0.5167,0.24907,0.69148,0.56897,0.42611,0.45974,0.44863,0.29966,0.52067,0.60718,0.4989,0.28271,0.22287,0.027554,1,0.59212,0.6822,0.78734,0.77055,0.6392,0.47191,0.64211,0.72177,0.4371,0.35223,-0.094214,0.085989,0.52841,0.074195,0.31409,0.34216,0.6945,0.36754,0.26086
0.21403,0.14227,0.15104,0.096698,0.3036,0.2193,0.13699,0.10316,0.16361,0.26357,0.17019,0.10812,0.1882,0.055032,0.086751,0.17316,0.065767,0.28338,0.048844,0.37258,0.040937,0.15416,0.083483,0.070536,0.20967,0.14923,0.20857,0.14475,0.19633,-0.11816,0.20748,0.03824,0.25697,0.60669,0.41969,0.61297,0.34804,0.081379,0.22474,0.0084385,0.4839,0.035595,0.080163,0.21146,0.62883,0.26102,0.29961,0.5673,0.44793,0.55088,0.20169,0.16069,0.17401,0.14449,0.22006,0.1742,0.087077,0.14978,0.25896,0.17576,0.10905,0.2179,0.084827,0.096999,0.11186,0.070494,0.3413,0.062043,0.42839,0.36033,0.1135,0.27004,0.16743,0.19794,0.080762,0.28426,0.18461,0.0043809,0.22833,0.14971,0.59212,1,0.79584,0.63904,0.45297,0.80456,0.39838,0.42603,0.65716,0.58781,0.66089,0.048538,0.13454,0.54714,0.15784,0.3437,0.53428,0.73018,0.44266,0.56523
0.17054,0.1299,0.15349,0.089646,0.30301,0.21435,0.15427,0.10807,0.15424,0.27742,0.17225,0.10907,0.13311,0.042784,0.090023,0.18338,0.10048,0.26754,0.042626,0.41471,0.054346,0.13948,0.13453,0.17809,0.24102,0.1623,0.2974,0.1703,0.26138,-0.087087,0.17859,0.0090234,0.26049,0.49353,0.32783,0.51026,0.31558,0.050331,0.22264,0.011817,0.48402,0.083853,0.11153,0.20045,0.60612,0.28342,0.29507,0.51341,0.32769,0.44499,0.14854,0.16493,0.17815,0.12954,0.22901,0.17627,0.084467,0.13875,0.27263,0.18607,0.11942,0.15994,0.055177,0.086346,0.10056,0.070456,0.30451,0.066217,0.435,0.33522,0.15081,0.26986,0.2113,0.18009,0.15824,0.34621,0.23294,0.049693,0.281,0.12869,0.6822,0.79584,1,0.67775,0.56434,0.78943,0.36009,0.4838,0.60025,0.61908,0.57102,-0.0078751,0.13458,0.56968,0.25868,0.37391,0.60454,0.72572,0.33375,0.44003
0.25605,0.24626,0.23996,0.16569,0.41678,0.29221,0.33052,0.30082,0.24146,0.38729,0.22806,0.26835,0.21853,0.11799,0.1147,0.47907,0.31141,0.60126,0.18813,0.56171,0.15985,0.42113,0.3815,0.42123,0.4295,0.4531,0.44813,0.32014,0.46818,0.034115,0.27231,0.010622,0.14875,0.66297,0.59119,0.49771,0.34685,-0.18441,0.027044,0.054378,0.15664,-0.02428,-0.042589,0.056038,0.40611,-0.057716,0.046291,0.35139,0.29457,0.13882,0.23958,0.25005,0.4024,0.20548,0.32954,0.23274,0.26485,0.26265,0.37279,0.28509,0.26188,0.18905,0.22963,0.13147,0.22877,0.064101,0.47613,0.2556,0.74492,0.61659,0.34218,0.58307,0.45282,0.23193,0.42059,0.59413,0.40052,0.26361,0.23761,0.023384,0.78734,0.63904,0.67775,1,0.63256,0.7195,0.37246,0.56815,0.58589,0.23799,0.361,-0.081594,0.037733,0.53319,0.046332,0.16121,0.23579,0.59093,0.3357,0.15835
0.2086,0.23832,0.22061,0.20037,0.37565,0.26016,0.31915,0.26368,0.24357,0.37712,0.22156,0.29331,0.11757,0.11053,0.10392,0.30306,0.30148,0.42094,0.21169,0.62433,0.2672,0.16732,0.44914,0.54087,0.47621,0.46365,0.76079,0.44581,0.55095,0.15566,0.14772,-0.027274,0.014378,0.35341,0.25205,0.62597,0.44186,-0.11081,0.029249,0.089563,0.098735,0.062234,-0.23213,0.1945,0.35502,-0.10526,-0.027808,0.26273,0.30483,0.15465,0.18267,0.2284,0.29128,0.24302,0.33965,0.18949,0.23996,0.26557,0.37152,0.28156,0.29837,0.086697,0.19321,0.093564,0.23061,0.036154,0.42635,0.24221,0.50849,0.4649,0.43428,0.42833,0.47608,0.3569,0.50534,0.65145,0.53112,0.42564,0.17188,0.068217,0.77055,0.45297,0.56434,0.63256,1,0.4953,0.51433,0.69905,0.70272,0.30263,0.17603,0.052567,0.21174,0.43957,0.12399,0.29229,0.24914,0.61039,0.35699,0.25829
0.17312,0.12756,0.14546,0.1181,0.33188,0.21202,0.15491,0.11602,0.12748,0.22731,0.12981,0.095801,0.14868,0.046294,0.085321,0.22947,0.10105,0.33979,0.053438,0.38078,0.048105,0.30489,0.17074,0.17254,0.23376,0.25191,0.25265,0.18786,0.21552,-0.028123,0.18531,0.030731,0.24516,0.62743,0.506,0.47584,0.25911,-0.0038745,0.23526,0.09074,0.41919,0.094205,0.17855,0.058411,0.59057,0.22093,0.32455,0.5061,0.30342,0.3642,0.14921,0.13948,0.19839,0.14254,0.22211,0.1622,0.086252,0.11725,0.21925,0.15037,0.086308,0.16098,0.080877,0.077635,0.10787,0.059649,0.30925,0.079799,0.51099,0.38189,0.12804,0.42286,0.2492,0.18508,0.125,0.34197,0.19145,0.061755,0.24056,0.090951,0.6392,0.80456,0.78943,0.7195,0.4953,1,0.30386,0.46585,0.53508,0.47218,0.52053,0.0016578,0.15129,0.53427,0.26801,0.21465,0.49977,0.67156,0.30985,0.34997
0.18706,0.16959,0.16967,0.1391,0.24455,0.20115,0.23866,0.18216,0.19307,0.34035,0.20063,0.24,0.12745,0.11954,0.087219,0.20183,0.18465,0.25981,0.14047,0.40558,0.19113,0.019072,0.24055,0.30767,0.35117,0.26493,0.45245,0.29886,0.39313,0.058154,0.14639,-0.015695,0.023589,0.23356,0.1227,0.63714,0.49765,0.0031749,0.0051998,-0.018606,0.112,0.034105,-0.21998,0.25076,0.26531,-0.043478,-0.012684,0.19377,0.34039,0.2871,0.18641,0.17651,0.19811,0.18383,0.2445,0.14738,0.17343,0.21397,0.31394,0.24698,0.24903,0.1056,0.15196,0.066985,0.17089,0.024328,0.29921,0.15704,0.29282,0.2993,0.29162,0.22143,0.25744,0.23456,0.34614,0.4256,0.39843,0.28742,0.12596,0.080338,0.47191,0.39838,0.36009,0.37246,0.51433,0.30386,1,0.4928,0.63849,0.24639,0.17219,0.056111,0.10013,0.34809,0.039515,0.3034,0.18755,0.38213,0.37832,0.40905
0.17556,0.20727,0.18645,0.24762,0.37719,0.25443,0.28253,0.2342,0.20668,0.36198,0.23037,0.25988,0.13932,0.097319,0.13694,0.26445,0.20919,0.35381,0.12238,0.47777,0.20294,0.20128,0.33776,0.42643,0.45337,0.44994,0.6028,0.47083,0.46504,0.17569,0.1835,0.029621,0.070275,0.3466,0.26605,0.56083,0.42547,-0.051465,0.065184,0.1139,0.10245,0.15509,-0.12379,0.24994,0.33318,-0.028496,0.01091,0.21752,0.28155,0.17178,0.17016,0.18769,0.25707,0.28095,0.32069,0.16761,0.2039,0.22398,0.33839,0.27972,0.26198,0.10495,0.18853,0.1018,0.18529,0.059503,0.34865,0.17549,0.44664,0.39601,0.34439,0.41279,0.3702,0.28879,0.406,0.61607,0.44383,0.41268,0.16171,0.077095,0.64211,0.42603,0.4838,0.56815,0.69905,0.46585,0.4928,1,0.61085,0.22382,0.19345,0.058486,0.18531,0.49007,0.17126,0.31237,0.25409,0.46855,0.31685,0.24424
0.32581,0.29306,0.28128,0.11429,0.40026,0.33799,0.35727,0.29648,0.31816,0.48098,0.2959,0.29728,0.19324,0.14723,0.14934,0.36164,0.27927,0.46202,0.1989,0.6615,0.25384,0.10544,0.35132,0.41983,0.46853,0.33943,0.56626,0.36849,0.54621,-0.0093254,0.21403,0.0041138,0.12727,0.46085,0.28251,0.86361,0.58203,0.016408,0.063004,0.010575,0.29958,0.042922,-0.2328,0.34007,0.46488,0.031124,0.060077,0.40767,0.54318,0.46707,0.29336,0.30825,0.34431,0.21567,0.39221,0.28074,0.28095,0.33891,0.45429,0.33417,0.29703,0.17993,0.19303,0.13379,0.24959,0.07157,0.51104,0.23948,0.51369,0.51872,0.42637,0.32855,0.38166,0.35412,0.45135,0.55215,0.51524,0.29557,0.18299,0.1213,0.72177,0.65716,0.60025,0.58589,0.70272,0.53508,0.63849,0.61085,1,0.46832,0.33796,0.056539,0.12521,0.50718,0.052539,0.42197,0.33713,0.66627,0.59164,0.56892
0.19602,0.12992,0.169,0.055579,0.23628,0.22291,0.10679,0.06517,0.16837,0.23834,0.17774,0.055567,0.16189,0.05592,0.12495,0.13697,0.048727,0.10349,0.050729,0.32771,3.702e-05,-0.03133,-0.0027403,0.072185,0.16044,-0.10012,0.10743,0.06179,0.16879,-0.17859,0.1073,0.17199,0.40194,0.22982,0.06041,0.34653,0.2452,0.46222,0.43128,0.12151,0.75427,0.17596,0.26844,0.40579,0.50016,0.56478,0.4658,0.55676,0.38553,0.71208,0.1984,0.17771,0.1755,0.12088,0.21312,0.20003,0.082565,0.13546,0.25351,0.18385,0.081198,0.2195,0.036953,0.14205,0.082838,0.13191,0.40897,0.063109,0.1598,0.15621,0.074239,0.10178,0.032657,0.41201,0.03935,0.095181,0.15794,-0.06548,0.23724,0.42153,0.4371,0.58781,0.61908,0.23799,0.30263,0.47218,0.24639,0.22382,0.46832,1,0.67604,0.30389,0.39345,0.43827,0.50306,0.56783,0.81554,0.63499,0.35942,0.70244
0.21004,0.20357,0.21896,0.10982,0.29301,0.27748,0.17101,0.15841,0.23563,0.25221,0.21845,0.11935,0.26072,0.14014,0.19432,0.19351,0.041206,0.19519,0.075389,0.205,0.022454,0.10541,-0.0045117,-0.014691,0.16319,-0.0082724,-0.011248,0.073445,0.10747,-0.11169,0.20465,0.22927,0.43751,0.39045,0.25578,0.25197,0.20592,0.41086,0.3849,0.13312,0.60103,0.082025,0.27684,0.37249,0.46346,0.47248,0.36666,0.53732,0.38695,0.59168,0.25534,0.2248,0.24235,0.1785,0.26201,0.2599,0.1549,0.20979,0.27838,0.22861,0.14293,0.28844,0.14351,0.22548,0.15738,0.21194,0.40031,0.10067,0.26266,0.26408,0.063231,0.19127,0.082946,0.32726,0.010252,0.12287,0.11494,-0.04072,0.24741,0.3971,0.35223,0.66089,0.57102,0.361,0.17603,0.52053,0.17219,0.19345,0.33796,0.67604,1,0.25639,0.296,0.4717,0.28811,0.44554,0.62702,0.55848,0.33612,0.52749
0.14389,0.2707,0.24533,0.23577,0.24828,0.25652,0.19478,0.22662,0.27603,0.18287,0.19702,0.1397,0.2348,0.21419,0.25331,0.11296,-0.011792,0.0012982,0.081589,-0.046477,0.056422,0.10675,-0.016601,0.035718,0.16703,0.074097,0.00018494,0.12132,0.037049,0.22282,0.070676,0.34619,0.13824,-0.035654,0.025008,0.0093914,0.066564,0.51812,0.49875,0.46516,0.2661,0.24763,0.24041,0.20708,0.15373,0.22885,0.28392,0.067151,0.21301,0.2984,0.21522,0.24223,0.20638,0.25391,0.27408,0.26365,0.23583,0.26514,0.22791,0.21796,0.15632,0.22609,0.23716,0.30965,0.176,0.28217,0.29761,0.14927,-0.059966,0.075643,0.029994,0.27097,0.025894,0.54886,-0.017426,0.13558,0.099989,0.14853,0.11231,0.53143,-0.094214,0.048538,-0.0078751,-0.081594,0.052567,0.0016578,0.056111,0.058486,0.056539,0.30389,0.25639,1,0.66903,0.13905,0.48022,0.26943,0.28924,0.08083,0.20693,0.33455
0.12642,0.37304,0.36048,0.21793,0.36368,0.3582,0.31601,0.33921,0.38735,0.26043,0.25875,0.20386,0.29454,0.29094,0.34627,0.21641,0.051507,0.12729,0.14761,0.07456,0.12474,0.25352,0.074645,0.1878,0.24473,0.17725,0.13642,0.20992,0.10783,0.317,0.06413,0.36265,0.23343,0.11783,0.11038,0.052039,0.096599,0.52488,0.67964,0.69638,0.40415,0.33508,0.36799,0.21213,0.25658,0.30793,0.371,0.11124,0.17914,0.30309,0.19472,0.36122,0.34038,0.28632,0.37999,0.37173,0.34835,0.37921,0.32002,0.2959,0.24155,0.2676,0.33937,0.41675,0.27325,0.37772,0.37338,0.24896,0.089544,0.21079,0.12879,0.40326,0.12609,0.68458,0.074037,0.23063,0.20839,0.23306,0.12578,0.50242,0.085989,0.13454,0.13458,0.037733,0.21174,0.15129,0.10013,0.18531,0.12521,0.39345,0.296,0.66903,1,0.19923,0.61989,0.2606,0.39289,0.17448,0.19482,0.27206
0.23019,0.21825,0.21025,0.23509,0.35392,0.28115,0.23948,0.22536,0.22439,0.33123,0.20639,0.16109,0.17354,0.08964,0.12966,0.27743,0.11209,0.30163,0.080769,0.31824,0.059922,0.14369,0.11819,0.1898,0.32612,0.24041,0.27319,0.26834,0.29341,-0.023505,0.26379,0.12765,0.23934,0.36076,0.27672,0.43242,0.33658,0.16731,0.20592,0.085363,0.33552,0.21689,0.092744,0.37596,0.41134,0.24849,0.18383,0.35708,0.35205,0.37851,0.24153,0.22314,0.29089,0.27386,0.30722,0.22125,0.21185,0.21961,0.31385,0.2359,0.17609,0.17021,0.14858,0.13836,0.14492,0.091689,0.3904,0.13081,0.39408,0.36883,0.17002,0.34949,0.22063,0.30604,0.20343,0.41893,0.27128,0.15395,0.29104,0.23415,0.52841,0.54714,0.56968,0.53319,0.43957,0.53427,0.34809,0.49007,0.50718,0.43827,0.4717,0.13905,0.19923,1,0.32718,0.46476,0.49251,0.50785,0.34448,0.40656
-0.037201,0.017779,0.034505,0.27113,0.1434,0.054063,-0.016279,-0.015272,0.011049,-0.048243,-0.016397,-0.12381,0.0026215,-0.042954,0.055223,-0.017019,-0.15364,-0.10245,-0.085059,-0.058542,-0.12096,0.12904,-0.11289,-0.018941,0.017119,0.0019618,0.023914,0.088518,-0.10185,0.1245,0.019917,0.25769,0.23028,0.018978,0.045187,0.0043336,0.013016,0.45489,0.54667,0.39511,0.44639,0.47308,0.52992,0.18238,0.28275,0.46109,0.48621,0.10687,0.01165,0.32284,0.015584,0.0098076,0.037546,0.20748,0.074561,0.026767,0.00082715,-0.018641,-0.037435,-0.011397,-0.10243,0.030002,-0.04558,0.065205,-0.060842,0.06678,0.11188,-0.071721,-0.052873,-0.063762,-0.14862,0.29613,-0.10369,0.39443,-0.16764,0.057036,-0.052703,-0.016127,0.17878,0.41641,0.074195,0.15784,0.25868,0.046332,0.12399,0.26801,0.039515,0.17126,0.052539,0.50306,0.28811,0.48022,0.61989,0.32718,1,0.31982,0.6374,0.12916,-0.0025796,0.33758
0.20483,0.16582,0.17126,0.17,0.22107,0.21139,0.18426,0.15407,0.19197,0.29534,0.19558,0.13062,0.15574,0.088353,0.10732,0.12562,0.031412,0.078704,0.034737,0.23989,0.056771,-0.12568,0.017475,0.11283,0.24642,0.01307,0.1868,0.16603,0.2421,-0.084895,0.16851,0.1516,0.22052,0.030889,-0.07249,0.33878,0.2844,0.36907,0.21965,0.066521,0.39649,0.16094,0.017294,0.56173,0.27511,0.33221,0.1633,0.31393,0.37104,0.49197,0.22747,0.19288,0.20501,0.21578,0.22233,0.18036,0.16301,0.18487,0.26732,0.19973,0.14944,0.17356,0.12897,0.13698,0.10503,0.0956,0.36099,0.068651,0.10077,0.15681,0.13696,0.073835,0.090713,0.34115,0.13993,0.21146,0.24115,0.085602,0.231,0.35836,0.31409,0.3437,0.37391,0.16121,0.29229,0.21465,0.3034,0.31237,0.42197,0.56783,0.44554,0.26943,0.2606,0.46476,0.31982,1,0.54014,0.42883,0.35168,0.54865
0.1243,0.062454,0.10042,0.11328,0.18985,0.14355,0.034478,0.0058988,0.088596,0.14754,0.10615,-0.032497,0.13232,0.029526,0.083736,0.060058,-0.054173,0.0096904,-0.024976,0.16516,-0.075849,-0.013124,-0.080245,-0.037555,0.090758,-0.11223,0.04488,0.057234,0.040265,-0.11942,0.10095,0.19994,0.375,0.19183,0.068848,0.24139,0.1759,0.44653,0.44008,0.14371,0.68226,0.28073,0.38476,0.36528,0.47361,0.63836,0.50132,0.48127,0.26003,0.60915,0.12742,0.10435,0.099911,0.12972,0.13516,0.11803,0.017897,0.047122,0.14145,0.096962,-0.0066326,0.19211,-0.0050182,0.12328,0.015713,0.093077,0.24678,-0.0112,0.097168,0.074258,-0.051361,0.14215,-0.027323,0.31419,-0.094606,0.051855,0.053442,-0.10981,0.2494,0.41008,0.34216,0.53428,0.60454,0.23579,0.24914,0.49977,0.18755,0.25409,0.33713,0.81554,0.62702,0.28924,0.39289,0.49251,0.6374,0.54014,1,0.53733,0.22711,0.61147
0.28713,0.22999,0.24331,0.070614,0.33198,0.28856,0.25197,0.21545,0.25303,0.36542,0.24074,0.16539,0.20593,0.14151,0.14336,0.27532,0.15705,0.37827,0.12803,0.54988,0.10304,0.11877,0.22013,0.2332,0.31307,0.16495,0.38358,0.20239,0.36804,-0.13145,0.18301,0.024126,0.23769,0.48574,0.32191,0.5532,0.3569,0.083949,0.17215,0.024134,0.46202,-0.0063094,-0.034586,0.285,0.52896,0.21697,0.22214,0.61046,0.47458,0.473,0.27262,0.2534,0.28785,0.15099,0.29518,0.25622,0.19984,0.2412,0.36415,0.23713,0.1758,0.21918,0.15304,0.16836,0.18057,0.11262,0.47894,0.16107,0.45991,0.44168,0.25219,0.28184,0.30154,0.30923,0.21657,0.34872,0.33152,0.087625,0.21088,0.17091,0.6945,0.73018,0.72572,0.59093,0.61039,0.67156,0.38213,0.46855,0.66627,0.63499,0.55848,0.08083,0.17448,0.50785,0.12916,0.42883,0.53733,1,0.50596,0.49422
0.42488,0.48137,0.46817,0.009984,0.4329,0.51717,0.44433,0.4508,0.49828,0.4827,0.37714,0.32502,0.34715,0.30384,0.31799,0.39254,0.23573,0.41002,0.24412,0.4462,0.26594,0.13216,0.26395,0.2567,0.37587,0.22699,0.25898,0.26524,0.41591,0.029259,0.18961,0.13332,0.16525,0.35289,0.25696,0.52628,0.38687,0.19411,0.1727,0.12665,0.30292,0.00043942,-0.088689,0.30217,0.34969,0.10401,0.13029,0.3702,0.64266,0.43231,0.44943,0.48995,0.44302,0.18631,0.48758,0.51531,0.42627,0.49015,0.49945,0.41472,0.33735,0.32367,0.30971,0.32896,0.35945,0.29771,0.57538,0.32736,0.36964,0.47502,0.40089,0.25144,0.32407,0.42537,0.32449,0.34913,0.43234,0.24134,0.14629,0.23757,0.36754,0.44266,0.33375,0.3357,0.35699,0.30985,0.37832,0.31685,0.59164,0.35942,0.33612,0.20693,0.19482,0.34448,-0.0025796,0.35168,0.22711,0.50596,1,0.46224
0.20404,0.090338,0.1089,0.13121,0.18301,0.17024,0.081657,0.020897,0.13223,0.23525,0.17272,0.094863,0.13242,0.051119,0.10952,0.068813,0.037537,0.038852,0.046788,0.23782,0.072543,-0.10884,-0.0095081,0.035243,0.18468,-0.037831,0.10545,0.10746,0.153,-0.10499,0.12,0.17392,0.24207,0.1684,0.01426,0.52984,0.3495,0.41235,0.28604,0.040295,0.54118,0.15455,0.067837,0.42345,0.43315,0.39459,0.33424,0.43464,0.47315,0.74307,0.19687,0.11509,0.10058,0.16537,0.17831,0.12809,0.034728,0.10373,0.2128,0.16978,0.086856,0.1737,0.021881,0.087859,0.06711,0.077904,0.3139,0.041562,0.069226,0.096738,0.078886,0.066817,0.018685,0.33521,0.049055,0.1301,0.17671,0.012383,0.19587,0.36938,0.26086,0.56523,0.44003,0.15835,0.25829,0.34997,0.40905,0.24424,0.56892,0.70244,0.52749,0.33455,0.27206,0.40656,0.33758,0.54865,0.61147,0.49422,0.46224,1
