1,0.075808,0.36009,0.37365,0.16135,0.34114,0.095481,0.089964,0.38908,0.078654,0.2721,0.59196,0.23188,0.60333,0.35568,0.07421,-0.023149,0.3273,0.10946,0.16904,0.14552,0.20175,0.33141,0.27298,0.50405,0.56025,0.24432,0.20394,0.13417,0.45999,0.24986,0.1564,0.17539,0.062239,0.014593,0.14351,0.38084,0.35979,0.11453,0.40609,0.028402,0.39974,0.35404,0.34863,0.18371,0.37298,0.35108,0.35424,0.32924,0.26373,0.71051,0.073282,0.060391,0.35563,0.12698,0.33363,0.096758,0.03162,0.2678,0.12778,0.33645,0.28592,0.039489,0.44423,0.34359,0.017158,-0.034212,0.075226,0.17662,0.16445,0.13791,0.21755,0.21943,0.28969,0.43997,0.50164,0.23707,0.22475,0.075048,0.32447,0.084237,-0.0091566,-0.068801,0.015559,0.035998,0.078072,0.33242,0.36753,0.011037,0.17939,-0.02633,0.040051,0.40746,0.39978,0.18962,0.31999,0.34404,0.35922,0.34612,0.37992
0.075808,1,0.033939,0.26424,0.10201,0.30157,0.25964,0.078137,0.076309,0.18116,0.32337,0.19504,0.0026037,0.014823,0.36423,0.45725,0.2496,0.47733,0.0065137,-0.0084786,0.3809,0.49685,0.41519,0.30069,0.2418,0.31175,0.38575,0.46137,0.30743,0.31452,-0.10818,0.18413,0.11978,0.47961,0.2504,0.3613,0.22157,0.2596,0.23847,0.06512,0.28728,0.050979,0.20636,0.38895,0.21146,0.2901,0.26837,0.27372,0.23309,0.21295,0.10184,0.43146,0.21417,0.2635,0.10435,0.25285,0.28084,0.036398,0.092051,0.19143,0.23069,0.30732,0.001253,0.1912,0.36817,0.39197,0.20877,0.54643,-0.082065,0.025588,0.34897,0.49394,0.39829,0.31782,0.23259,0.33811,0.37284,0.45844,0.32236,0.4281,-0.019424,0.31789,0.21178,0.36872,0.28864,0.4105,0.19739,0.25799,0.26614,0.15746,0.18404,0.27883,0.19694,0.30372,0.14331,0.28928,0.23975,0.26782,0.20639,0.21742
0.36009,0.033939,1,0.20291,0.17924,0.3511,0.36023,0.15744,0.59049,0.16755,0.16223,0.56446,0.59654,0.53209,0.31507,0.13258,0.0064523,0.31382,0.24201,0.12954,0.16319,0.12227,0.18422,0.19686,0.20611,0.30874,0.21282,0.20588,0.44976,0.21117,0.6373,0.4051,0.7715,0.31206,0.3705,0.48525,0.17915,0.10594,0.65637,0.62176,0.12805,0.39211,0.1942,0.076394,0.21153,0.24342,0.26378,0.23564,0.1698,0.13911,0.26967,-0.020282,0.44747,0.20574,0.13979,0.27143,0.23389,0.096247,0.39324,0.13639,0.16892,0.24884,0.47441,0.26125,0.2753,0.084223,0.00021746,0.032015,0.2724,0.15686,0.15114,0.12483,0.048025,0.20346,0.15221,0.23743,0.15309,0.14529,0.27267,0.10314,0.46905,0.18573,0.33859,0.28588,0.2679,0.26972,0.15182,0.15089,0.40813,0.40288,0.11353,0.20337,0.19202,0.10608,0.15047,0.2061,0.268,0.21924,0.18734,0.21805
0.37365,0.26424,0.20291,1,0.18772,0.43783,0.44976,0.1716,0.3243,0.32201,0.45448,0.215,0.12232,0.10865,0.77282,0.33664,0.18174,0.45818,0.10313,0.090792,0.45659,0.4928,0.51664,0.5969,0.44759,0.66387,0.77642,0.53578,0.25345,0.27032,0.11798,0.18783,0.20094,0.30489,0.40885,0.40244,0.52826,0.5459,0.39066,0.38086,0.2524,0.099723,0.448,0.52719,0.30384,0.80591,0.85526,0.87257,0.51058,0.528,0.44091,0.2495,0.21009,0.89253,0.21223,0.45083,0.52929,0.1581,0.29421,0.38621,0.46951,0.22636,0.076167,0.19396,0.7677,0.30763,0.13462,0.46227,0.10029,0.18038,0.43205,0.51054,0.51278,0.63648,0.43308,0.71513,0.77744,0.61851,0.27806,0.40844,0.11771,0.18024,0.1497,0.25192,0.4645,0.46283,0.46408,0.67108,0.34223,0.40863,0.11423,0.21293,0.50408,0.66492,0.29847,0.7742,0.84712,0.86514,0.53092,0.62154
0.16135,0.10201,0.17924,0.18772,1,0.23539,0.16296,0.13052,0.21495,0.15641,0.15451,0.16192,0.16274,0.13402,0.21223,0.1209,0.068157,0.19371,0.070123,0.1108,0.16126,0.19931,0.19966,0.20231,0.16883,0.223,0.19637,0.17039,0.15474,0.12631,0.16179,0.16547,0.16439,0.14226,0.15233,0.16051,0.14576,0.15161,0.19579,0.19659,0.13976,0.13061,0.17109,0.15388,0.20207,0.20937,0.19657,0.1939,0.1779,0.14389,0.136,0.083758,0.12741,0.18069,0.13593,0.18186,0.15533,0.089728,0.16952,0.12501,0.16526,0.12375,0.12122,0.12014,0.20317,0.09813,0.038759,0.14736,0.10462,0.09932,0.15847,0.17482,0.17886,0.20249,0.14067,0.20487,0.18482,0.18162,0.11485,0.14417,0.11909,0.094996,0.099752,0.1169,0.14476,0.14965,0.12975,0.16592,0.15131,0.16321,0.064229,0.12201,0.17627,0.19266,0.14619,0.20046,0.17902,0.18156,0.17823,0.18752
0.34114,0.30157,0.3511,0.43783,0.23539,1,0.33593,0.15662,0.47423,0.25662,0.34719,0.41264,0.37336,0.32159,0.49006,0.36848,0.1246,0.64154,0.17941,0.13298,0.3867,0.4356,0.5144,0.39908,0.34037,0.47067,0.61651,0.59632,0.48705,0.2133,0.247,0.27003,0.29378,0.44157,0.26959,0.4766,0.31493,0.34442,0.52415,0.44732,0.28169,0.23407,0.32968,0.41773,0.45208,0.54939,0.45997,0.45678,0.30178,0.35984,0.30498,0.23966,0.29399,0.45618,0.20307,0.52072,0.306,0.10447,0.33591,0.25392,0.32308,0.29321,0.21475,0.28141,0.47165,0.26687,0.088802,0.50406,0.10979,0.17707,0.34804,0.41783,0.40476,0.4095,0.29607,0.46927,0.55038,0.5688,0.33519,0.29644,0.17284,0.18381,0.22282,0.29296,0.3006,0.42106,0.27988,0.40341,0.36146,0.37538,0.18821,0.21967,0.32012,0.42797,0.30815,0.50084,0.45245,0.45109,0.30821,0.44218
0.095481,0.25964,0.36023,0.44976,0.16296,0.33593,1,0.30587,0.46295,0.33114,0.32406,0.1192,0.21791,-0.012041,0.46974,0.46158,0.32794,0.40139,0.23083,0.10184,0.44731,0.41507,0.29418,0.41478,0.31054,0.44744,0.4338,0.34822,0.3784,0.090611,0.33813,0.4476,0.40788,0.35292,0.72562,0.63198,0.27169,0.28031,0.55382,0.50541,0.25047,0.11221,0.25699,0.25015,0.29013,0.43376,0.46779,0.45294,0.28982,0.2812,0.19026,0.22933,0.3555,0.44812,0.21666,0.35091,0.62422,0.28064,0.46477,0.30778,0.26715,0.22144,0.25177,0.10696,0.45359,0.43469,0.28143,0.37526,0.18805,0.1812,0.40262,0.42535,0.30178,0.43687,0.30913,0.44766,0.42603,0.37622,0.38781,0.25727,0.37926,0.45311,0.37566,0.37928,0.67085,0.59583,0.25856,0.36317,0.51609,0.56797,0.16965,0.37521,0.25712,0.31227,0.25026,0.44842,0.44693,0.44432,0.31253,0.3378
0.089964,0.078137,0.15744,0.1716,0.13052,0.15662,0.30587,1,0.37886,0.14271,0.11561,0.037105,0.20561,0.040094,0.16496,0.14657,0.28827,0.098104,0.17973,0.1535,0.16227,0.13104,0.077342,0.18394,0.22377,0.20057,0.084365,0.034922,0.16375,-0.011667,0.35727,0.3764,0.1204,0.014465,0.29088,0.19966,0.15739,0.14779,0.16325,0.34061,0.17259,0.16205,0.11573,0.058976,0.15626,0.15959,0.17097,0.15285,0.14543,0.12521,0.14427,0.040868,0.027765,0.17686,0.14971,0.17223,0.23687,0.31958,0.34537,0.12819,0.10794,0.037365,0.13717,0.052583,0.15465,0.098144,0.15182,0.040352,0.22138,0.19329,0.1321,0.1304,0.078855,0.18675,0.20499,0.18144,0.084317,0.073814,0.098541,0.057786,0.24339,0.20475,0.036893,-0.017075,0.23229,0.14251,0.13859,0.18332,0.10467,0.29949,0.050332,0.16577,0.11915,0.13854,0.1462,0.18075,0.17165,0.1584,0.13294,0.15349
0.38908,0.076309,0.59049,0.3243,0.21495,0.47423,0.46295,0.37886,1,0.19305,0.26522,0.36592,0.64529,0.41846,0.37929,0.24875,0.19515,0.44364,0.40211,0.28303,0.32802,0.25798,0.23868,0.32604,0.37424,0.45296,0.23432,0.17681,0.50112,0.13106,0.76299,0.61266,0.49458,0.17846,0.42129,0.53651,0.23786,0.1929,0.49133,0.86175,0.11191,0.405,0.29232,0.16521,0.23301,0.346,0.35631,0.33612,0.26866,0.20508,0.34666,0.041885,0.22364,0.34068,0.20163,0.36901,0.32306,0.31396,0.65589,0.17669,0.26479,0.16987,0.44888,0.19974,0.34403,0.17414,0.14359,0.155,0.37847,0.27151,0.29929,0.24299,0.15307,0.3404,0.27825,0.38814,0.19688,0.20825,0.35045,0.1603,0.55274,0.29474,0.30288,0.13316,0.35977,0.33781,0.23239,0.28919,0.27993,0.59266,0.073985,0.23353,0.29617,0.24008,0.19585,0.32432,0.35041,0.33872,0.31182,0.30763
0.078654,0.18116,0.16755,0.32201,0.15641,0.25662,0.33114,0.14271,0.19305,1,0.22791,0.094689,0.096293,-0.014468,0.31882,0.23396,0.15917,0.2616,0.073137,0.048173,0.29051,0.30309,0.28246,0.31027,0.24119,0.31543,0.35792,0.29869,0.20172,0.073365,0.11841,0.16088,0.18803,0.22572,0.36011,0.31069,0.18402,0.21154,0.32991,0.22071,0.20403,0.061513,0.1852,0.24401,0.34068,0.34889,0.36918,0.33064,0.22062,0.22508,0.13294,0.1309,0.21913,0.31588,0.15536,0.26648,0.339,0.15592,0.21079,0.26725,0.17465,0.14234,0.12472,0.071042,0.31542,0.23034,0.11405,0.28247,0.071019,0.09164,0.28051,0.28016,0.27377,0.30346,0.22887,0.33,0.36365,0.32357,0.23093,0.20168,0.16569,0.19718,0.16854,0.22188,0.35857,0.33355,0.17619,0.27758,0.30225,0.2948,0.11309,0.19122,0.20197,0.31083,0.23091,0.38069,0.3505,0.32541,0.21224,0.25488
0.2721,0.32337,0.16223,0.45448,0.15451,0.34719,0.32406,0.11561,0.26522,0.22791,1,0.20128,0.13305,0.11198,0.45664,0.40473,0.14001,0.56185,0.096493,0.079023,0.44409,0.51339,0.46369,0.52585,0.37362,0.5358,0.45049,0.52162,0.37212,0.40229,0.080456,0.1663,0.14524,0.29448,0.29635,0.42398,0.2771,0.33297,0.30561,0.30349,0.1959,0.091732,0.66368,0.49017,0.23707,0.41994,0.45244,0.44353,0.65052,0.46926,0.29049,0.29322,0.18409,0.46673,0.15956,0.32231,0.36084,0.10342,0.24431,0.25778,0.68463,0.25245,0.080615,0.17363,0.44618,0.31814,0.11082,0.52619,0.10955,0.10465,0.46431,0.52801,0.4563,0.52888,0.36346,0.55572,0.44962,0.59434,0.37015,0.49796,0.1004,0.18967,0.16644,0.24179,0.34117,0.45325,0.22778,0.36973,0.25149,0.30939,0.1143,0.17325,0.64976,0.48982,0.21491,0.40565,0.45632,0.44845,0.64296,0.50059
0.59196,0.19504,0.56446,0.215,0.16192,0.41264,0.1192,0.037105,0.36592,0.094689,0.20128,1,0.38471,0.76433,0.34197,0.15525,-0.025057,0.38972,0.096318,0.11589,0.13858,0.2751,0.3708,0.16327,0.35469,0.34385,0.25195,0.29253,0.31862,0.49974,0.28812,0.26849,0.43254,0.35956,0.069459,0.25183,0.29374,0.24113,0.30333,0.33011,0.15594,0.50953,0.21289,0.2552,0.23285,0.2758,0.24806,0.2377,0.16249,0.12879,0.4317,0.13743,0.22328,0.20928,0.091031,0.30264,0.076233,-0.067087,0.17096,0.098495,0.20446,0.40027,0.18338,0.50119,0.32419,0.07498,-0.019785,0.15862,0.10036,0.099463,0.14693,0.23545,0.18201,0.18336,0.24705,0.29218,0.20487,0.24363,0.15656,0.31165,0.082094,0.070784,0.076088,0.17918,0.041414,0.12669,0.22722,0.21458,0.14293,0.11771,0.091899,0.17618,0.23441,0.21093,0.16203,0.21689,0.24424,0.22057,0.18328,0.23163
0.23188,0.0026037,0.59654,0.12232,0.16274,0.37336,0.21791,0.20561,0.64529,0.096293,0.13305,0.38471,1,0.51606,0.17902,0.081846,0.02479,0.31194,0.30407,0.19729,0.14386,0.10237,0.14555,0.15687,0.094829,0.22024,0.12416,0.098799,0.44994,0.046634,0.68208,0.43612,0.54409,0.15259,0.13193,0.33708,0.10123,0.019425,0.48695,0.62232,0.11725,0.37646,0.15419,0.0047837,0.14675,0.17558,0.17917,0.1359,0.10603,0.060676,0.14138,-0.034044,0.27386,0.13697,0.13827,0.23809,0.069335,0.15814,0.38567,0.077131,0.14333,0.11492,0.57652,0.1362,0.15502,-0.0033111,0.007339,0.04659,0.22216,0.12878,0.1384,0.082545,0.029652,0.16611,0.045205,0.1608,0.079138,0.090435,0.19499,0.014514,0.46734,0.1105,0.2742,0.10408,0.066471,0.12227,0.085113,0.1098,0.25242,0.35315,0.13081,0.14428,0.1439,0.073227,0.095083,0.16144,0.19627,0.15095,0.16258,0.1521
0.60333,0.014823,0.53209,0.10865,0.13402,0.32159,-0.012041,0.040094,0.41846,-0.014468,0.11198,0.76433,0.51606,1,0.2011,-0.011777,-0.11175,0.23288,0.16363,0.17499,0.0036143,0.084895,0.17599,0.041463,0.2667,0.23159,0.071498,0.091631,0.23771,0.39599,0.41487,0.28069,0.36948,0.11687,-0.10633,0.10139,0.21925,0.14612,0.16988,0.37605,0.029521,0.60344,0.16846,0.089014,0.12155,0.152,0.13958,0.11724,0.1023,0.033247,0.41116,0.001022,0.068044,0.10055,0.060914,0.20613,-0.086091,-0.047948,0.17785,0.029656,0.156,0.27179,0.23812,0.46285,0.18722,-0.11243,-0.095642,-0.06124,0.18103,0.10617,0.01528,0.049308,0.0088007,0.056702,0.17138,0.16351,0.031317,0.058923,0.034375,0.14373,0.11839,-0.064465,-0.0083357,-0.025418,-0.13157,-0.073971,0.18263,0.13121,-0.029446,0.051197,0.012862,0.056129,0.19075,0.10033,0.079549,0.10223,0.14763,0.11156,0.14866,0.14854
0.35568,0.36423,0.31507,0.77282,0.21223,0.49006,0.46974,0.16496,0.37929,0.31882,0.45664,0.34197,0.17902,0.2011,1,0.42141,0.20891,0.55454,0.12917,0.096515,0.5158,0.55217,0.53344,0.54193,0.45962,0.62859,0.73752,0.58676,0.35422,0.36504,0.15498,0.26592,0.31032,0.41291,0.4436,0.5127,0.55569,0.5269,0.4741,0.41584,0.29095,0.17441,0.41518,0.52805,0.3308,0.7622,0.78934,0.80612,0.46782,0.43887,0.38678,0.33213,0.31669,0.76277,0.21719,0.47271,0.53513,0.14337,0.33194,0.36937,0.42122,0.35368,0.16681,0.29172,0.88949,0.38414,0.17858,0.53195,0.11284,0.18836,0.488,0.5752,0.51678,0.56487,0.42411,0.6473,0.72145,0.63186,0.38512,0.49092,0.1752,0.30111,0.25984,0.36762,0.49454,0.53996,0.50612,0.61734,0.41814,0.43355,0.17637,0.32366,0.44633,0.58542,0.30563,0.71509,0.75819,0.76396,0.47207,0.51674
0.07421,0.45725,0.13258,0.33664,0.1209,0.36848,0.46158,0.14657,0.24875,0.23396,0.40473,0.15525,0.081846,-0.011777,0.42141,1,0.30333,0.5489,0.093964,0.019218,0.4767,0.54626,0.3995,0.36784,0.29444,0.41621,0.44681,0.47717,0.39145,0.22757,0.05,0.30675,0.2492,0.52685,0.45715,0.5727,0.27676,0.30255,0.39368,0.26599,0.32882,0.070721,0.23054,0.39991,0.23755,0.3547,0.32764,0.34741,0.26855,0.2391,0.16066,0.41446,0.30677,0.34602,0.13643,0.34379,0.47921,0.13633,0.29313,0.23715,0.28966,0.35785,0.11403,0.22484,0.41223,0.56313,0.3002,0.58776,-0.0049863,0.097017,0.44357,0.55529,0.40333,0.39852,0.31469,0.43982,0.43897,0.48164,0.415,0.4162,0.16361,0.45883,0.38396,0.4656,0.50688,0.59431,0.2612,0.3291,0.41526,0.37474,0.22959,0.37044,0.24834,0.32743,0.20763,0.36038,0.31877,0.34132,0.26812,0.29537
-0.023149,0.2496,0.0064523,0.18174,0.068157,0.1246,0.32794,0.28827,0.19515,0.15917,0.14001,-0.025057,0.02479,-0.11175,0.20891,0.30333,1,0.21468,0.074743,0.046272,0.27416,0.29754,0.13965,0.17094,0.21038,0.224,0.17763,0.1461,0.17773,0.032359,0.092954,0.37084,0.12322,0.28481,0.36538,0.32392,0.19695,0.2121,0.16301,0.20135,0.2221,0.060031,0.043051,0.14456,0.10851,0.18405,0.15468,0.17749,0.095969,0.052322,0.096054,0.26329,0.12896,0.17748,0.10532,0.17321,0.32854,0.23928,0.26776,0.15452,0.090906,0.20359,0.059936,0.11775,0.21326,0.35702,0.35365,0.27561,0.040068,0.10769,0.24692,0.29799,0.17924,0.20102,0.21003,0.23756,0.20127,0.18425,0.25404,0.19308,0.15934,0.43378,0.22689,0.26285,0.38191,0.36557,0.19384,0.22499,0.22841,0.31415,0.14483,0.32192,0.059852,0.16543,0.11396,0.19808,0.1377,0.17106,0.096408,0.1073
0.3273,0.47733,0.31382,0.45818,0.19371,0.64154,0.40139,0.098104,0.44364,0.2616,0.56185,0.38972,0.31194,0.23288,0.55454,0.5489,0.21468,1,0.19446,0.062341,0.5609,0.69294,0.68507,0.57541,0.37666,0.61157,0.61588,0.74018,0.62983,0.40187,0.15735,0.2906,0.34233,0.62175,0.37538,0.66423,0.24306,0.29488,0.54118,0.4892,0.32493,0.15077,0.46976,0.62841,0.32892,0.49768,0.4888,0.48947,0.45355,0.43524,0.30013,0.42257,0.39804,0.47907,0.18058,0.46925,0.40529,0.079574,0.36215,0.25178,0.47891,0.4391,0.25262,0.30852,0.53647,0.4708,0.18488,0.80549,0.06215,0.12322,0.5344,0.6689,0.61006,0.56787,0.35416,0.59972,0.55733,0.69637,0.56407,0.55286,0.21156,0.37117,0.42525,0.50682,0.4404,0.62877,0.18411,0.35215,0.44521,0.44927,0.24442,0.32748,0.43362,0.49471,0.22845,0.47733,0.47441,0.47562,0.43028,0.46277
0.10946,0.0065137,0.24201,0.10313,0.070123,0.17941,0.23083,0.17973,0.40211,0.073137,0.096493,0.096318,0.30407,0.16363,0.12917,0.093964,0.074743,0.19446,1,0.11709,0.14361,0.074307,0.06969,0.12913,0.087729,0.14755,0.062551,0.049702,0.23925,0.011446,0.38107,0.30192,0.23527,0.028013,0.22073,0.27843,0.0061022,3.3315e-05,0.21073,0.42381,0.032221,0.19304,0.11081,0.031139,0.10166,0.12174,0.1318,0.10639,0.092591,0.068209,0.10214,-0.0097899,0.062765,0.11525,0.091294,0.11378,0.1534,0.15519,0.31567,0.045104,0.094932,0.063681,0.23786,0.064974,0.11046,0.08626,0.063276,0.068032,0.2382,0.12672,0.14281,0.10065,0.058533,0.14076,0.093908,0.12278,0.050176,0.074533,0.18294,0.04171,0.29767,0.14635,0.18257,0.040738,0.19745,0.16357,0.030321,0.077899,0.10908,0.2922,0.0081192,0.10084,0.10298,0.081035,0.053018,0.1209,0.13434,0.11426,0.12416,0.11603
0.16904,-0.0084786,0.12954,0.090792,0.1108,0.13298,0.10184,0.1535,0.28303,0.048173,0.079023,0.11589,0.19729,0.17499,0.096515,0.019218,0.046272,0.062341,0.11709,1,0.078449,0.069782,0.043992,0.094501,0.20316,0.1358,0.0059856,-0.0014412,0.11288,0.074771,0.26366,0.2008,0.062992,-0.056159,0.069856,0.076823,0.10637,0.079413,0.028541,0.2445,-0.021421,0.19826,0.11771,0.026747,0.13234,0.093078,0.10533,0.088323,0.11634,0.079318,0.16548,-0.00029721,-0.041053,0.092466,0.062083,0.11978,0.063661,0.13889,0.23295,0.070689,0.096151,0.021538,0.10075,0.087785,0.094002,-0.0059862,0.025984,-0.031959,0.17787,0.14361,0.073682,0.040388,0.032169,0.091376,0.15706,0.11716,0.0093603,0.028818,0.061148,0.058865,0.16533,0.054429,-0.0056311,-0.077384,0.058523,0.035626,0.11182,0.092349,-0.024403,0.1467,-0.018696,0.030365,0.10205,0.068986,0.083407,0.08699,0.0962,0.09607,0.11975,0.090339
0.14552,0.3809,0.16319,0.45659,0.16126,0.3867,0.44731,0.16227,0.32802,0.29051,0.44409,0.13858,0.14386,0.0036143,0.5158,0.4767,0.27416,0.5609,0.14361,0.078449,1,0.6309,0.52185,0.55127,0.45365,0.69121,0.49186,0.46434,0.35974,0.22374,0.11129,0.26896,0.2199,0.40022,0.41663,0.51365,0.32087,0.34784,0.38447,0.33049,0.2854,0.086208,0.38475,0.47068,0.27208,0.49479,0.46853,0.46157,0.43862,0.35017,0.19075,0.34806,0.2813,0.46961,0.17046,0.34555,0.46769,0.17666,0.31259,0.30759,0.39301,0.32772,0.16169,0.16058,0.51294,0.47528,0.25694,0.57995,0.057114,0.14246,0.67076,0.5986,0.52988,0.5622,0.38708,0.63393,0.49465,0.50095,0.38425,0.42345,0.18827,0.37287,0.32368,0.36642,0.47214,0.54368,0.31739,0.42439,0.37912,0.3855,0.20343,0.34138,0.37435,0.47396,0.23958,0.49477,0.45766,0.46734,0.40864,0.40453
0.20175,0.49685,0.12227,0.4928,0.19931,0.4356,0.41507,0.13104,0.25798,0.30309,0.51339,0.2751,0.10237,0.084895,0.55217,0.54626,0.29754,0.69294,0.074307,0.069782,0.6309,1,0.66904,0.61327,0.45626,0.60783,0.55624,0.58671,0.38179,0.38013,-0.012593,0.24174,0.22061,0.54701,0.38407,0.50666,0.34094,0.38091,0.3676,0.24188,0.38237,0.11155,0.40174,0.60313,0.31244,0.48703,0.49229,0.49387,0.45598,0.37597,0.25066,0.4579,0.31953,0.49058,0.18343,0.3853,0.44465,0.10882,0.26425,0.30748,0.43785,0.44282,0.12012,0.27285,0.55129,0.5084,0.25308,0.7251,-0.01248,0.11495,0.57414,0.72986,0.65658,0.61557,0.41219,0.61134,0.55225,0.61009,0.43339,0.56971,0.09956,0.40343,0.33881,0.46138,0.44988,0.56782,0.30004,0.42038,0.39103,0.32846,0.24271,0.37506,0.41853,0.53328,0.23689,0.48372,0.46407,0.48933,0.44139,0.43553
0.33141,0.41519,0.18422,0.51664,0.19966,0.5144,0.29418,0.077342,0.23868,0.28246,0.46369,0.3708,0.14555,0.17599,0.53344,0.3995,0.13965,0.68507,0.06969,0.043992,0.52185,0.66904,1,0.7606,0.39194,0.60032,0.5963,0.60968,0.37502,0.42941,0.0098394,0.10073,0.18118,0.45606,0.22634,0.3662,0.29839,0.33398,0.36663,0.23044,0.32779,0.088198,0.4638,0.69224,0.31816,0.52139,0.51482,0.52395,0.45592,0.4803,0.28252,0.33637,0.26663,0.51642,0.18041,0.39065,0.3216,0.026558,0.16804,0.28014,0.43052,0.34239,0.077576,0.20582,0.52384,0.33708,0.087939,0.65919,-0.011285,0.10033,0.46479,0.62964,0.79734,0.72788,0.33999,0.59917,0.57148,0.61126,0.32696,0.5453,0.016623,0.153,0.17169,0.32389,0.27061,0.39914,0.2678,0.41514,0.32222,0.21291,0.16792,0.19407,0.47839,0.64513,0.25217,0.50792,0.50154,0.52479,0.44617,0.5329
0.27298,0.30069,0.19686,0.5969,0.20231,0.39908,0.41478,0.18394,0.32604,0.31027,0.52585,0.16327,0.15687,0.041463,0.54193,0.36784,0.17094,0.57541,0.12913,0.094501,0.55127,0.61327,0.7606,1,0.41147,0.66057,0.53482,0.48986,0.32947,0.33169,0.15893,0.19088,0.19542,0.27735,0.36827,0.37982,0.30783,0.34084,0.35753,0.35368,0.26163,0.060335,0.5683,0.63924,0.27156,0.53813,0.58203,0.58643,0.60341,0.64963,0.31217,0.24568,0.21046,0.60266,0.21251,0.33692,0.43223,0.14912,0.28864,0.32304,0.5108,0.24038,0.11873,0.11004,0.51538,0.34351,0.11198,0.53301,0.10856,0.15003,0.4894,0.59028,0.75944,0.88128,0.38769,0.67099,0.53053,0.55071,0.29919,0.48869,0.1569,0.18752,0.17086,0.23981,0.39157,0.42298,0.27815,0.44841,0.3116,0.3371,0.11616,0.19207,0.56719,0.67106,0.26101,0.54234,0.57978,0.59121,0.56946,0.64755
0.50405,0.2418,0.20611,0.44759,0.16883,0.34037,0.31054,0.22377,0.37424,0.24119,0.37362,0.35469,0.094829,0.2667,0.45962,0.29444,0.21038,0.37666,0.087729,0.20316,0.45365,0.45626,0.39194,0.41147,1,0.64812,0.3765,0.31259,0.17284,0.31907,0.15997,0.25372,0.13823,0.21024,0.28242,0.31554,0.43225,0.44347,0.17858,0.34168,0.17932,0.28755,0.36032,0.40223,0.32396,0.47621,0.43954,0.42866,0.39963,0.35042,0.52541,0.22305,0.10646,0.44114,0.16862,0.39643,0.36052,0.19469,0.38444,0.29202,0.3702,0.34776,0.024102,0.37211,0.45744,0.26559,0.14512,0.31488,0.16681,0.2124,0.39645,0.42965,0.36241,0.42209,0.58418,0.62399,0.38243,0.37884,0.22208,0.39814,0.13792,0.23938,0.056844,0.15264,0.34061,0.34858,0.39021,0.44741,0.16597,0.35445,0.070079,0.21033,0.39242,0.46114,0.30907,0.46019,0.41346,0.43766,0.37332,0.40595
0.56025,0.31175,0.30874,0.66387,0.223,0.47067,0.44744,0.20057,0.45296,0.31543,0.5358,0.34385,0.22024,0.23159,0.62859,0.41621,0.224,0.61157,0.14755,0.1358,0.69121,0.60783,0.60032,0.66057,0.64812,1,0.60862,0.49815,0.33038,0.34854,0.20009,0.273,0.28462,0.36351,0.39005,0.51087,0.47792,0.49481,0.43454,0.49112,0.27216,0.20216,0.53087,0.56038,0.32833,0.66168,0.64066,0.64756,0.58297,0.49823,0.55673,0.29849,0.31613,0.661,0.22472,0.46948,0.47606,0.20464,0.41517,0.36,0.53778,0.40573,0.17821,0.33007,0.61346,0.40166,0.18114,0.52648,0.14967,0.19772,0.60274,0.61274,0.5797,0.68309,0.57766,0.85467,0.617,0.56981,0.355,0.49953,0.23757,0.31697,0.26506,0.34986,0.45274,0.52729,0.44846,0.59073,0.39742,0.47451,0.16402,0.30768,0.55835,0.64814,0.30533,0.64709,0.63658,0.6586,0.56803,0.60617
0.24432,0.38575,0.21282,0.77642,0.19637,0.61651,0.4338,0.084365,0.23432,0.35792,0.45049,0.25195,0.12416,0.071498,0.73752,0.44681,0.17763,0.61588,0.062551,0.0059856,0.49186,0.55624,0.5963,0.53482,0.3765,0.60862,1,0.786,0.38794,0.22261,-0.023878,0.13538,0.2622,0.55717,0.38395,0.53985,0.51078,0.54541,0.6057,0.29128,0.36022,0.030646,0.38016,0.56097,0.397,0.80965,0.75682,0.79169,0.4296,0.49866,0.3085,0.34775,0.40792,0.77,0.20901,0.56081,0.51072,0.06593,0.21918,0.38289,0.4171,0.33744,0.12072,0.23766,0.728,0.4195,0.14851,0.67572,-0.011505,0.098822,0.45208,0.57426,0.57102,0.55833,0.34348,0.65747,0.92218,0.79822,0.38919,0.40921,0.077967,0.24917,0.29148,0.46381,0.46942,0.60306,0.45059,0.649,0.55164,0.40443,0.22069,0.29571,0.40863,0.62466,0.33579,0.78104,0.74973,0.77528,0.42625,0.56004
0.20394,0.46137,0.20588,0.53578,0.17039,0.59632,0.34822,0.034922,0.17681,0.29869,0.52162,0.29253,0.098799,0.091631,0.58676,0.47717,0.1461,0.74018,0.049702,-0.0014412,0.46434,0.58671,0.60968,0.48986,0.31259,0.49815,0.786,1,0.51041,0.35829,-0.065235,0.10628,0.2444,0.60203,0.30829,0.53157,0.33468,0.39387,0.53654,0.20924,0.3515,0.029539,0.45361,0.62439,0.37813,0.59035,0.55302,0.56303,0.46355,0.52569,0.19406,0.39781,0.37692,0.54388,0.16739,0.46823,0.40568,-0.0016871,0.13785,0.29032,0.44964,0.33565,0.088555,0.21014,0.57481,0.41573,0.11189,0.74678,-0.050459,0.066047,0.44725,0.56603,0.53536,0.46889,0.26684,0.52015,0.71685,0.83467,0.43129,0.47348,-0.0018936,0.21487,0.27017,0.46006,0.37857,0.57889,0.26246,0.43368,0.46761,0.26916,0.22034,0.24833,0.40098,0.49986,0.27608,0.55551,0.53422,0.54053,0.37992,0.48269
0.13417,0.30743,0.44976,0.25345,0.15474,0.48705,0.3784,0.16375,0.50112,0.20172,0.37212,0.31862,0.44994,0.23771,0.35422,0.39145,0.17773,0.62983,0.23925,0.11288,0.35974,0.38179,0.37502,0.32947,0.17284,0.33038,0.38794,0.51041,1,0.25383,0.44155,0.45628,0.44476,0.52994,0.35678,0.57748,0.063467,0.075093,0.53687,0.52449,0.20449,0.18317,0.34815,0.34118,0.23531,0.28237,0.28733,0.29202,0.27523,0.28641,0.090879,0.22247,0.30563,0.27435,0.15701,0.28492,0.28772,0.12039,0.31842,0.16025,0.31235,0.18,0.28257,0.092611,0.31196,0.29565,0.13563,0.4555,0.10223,0.087597,0.34948,0.34641,0.27337,0.31582,0.12364,0.30589,0.30224,0.44764,0.5082,0.29014,0.32017,0.309,0.33897,0.33924,0.32686,0.44865,0.0222,0.15274,0.32165,0.37808,0.11845,0.19659,0.28834,0.24858,0.13835,0.2652,0.28992,0.28215,0.27005,0.30258
0.45999,0.31452,0.21117,0.27032,0.12631,0.2133,0.090611,-0.011667,0.13106,0.073365,0.40229,0.49974,0.046634,0.39599,0.36504,0.22757,0.032359,0.40187,0.011446,0.074771,0.22374,0.38013,0.42941,0.33169,0.31907,0.34854,0.22261,0.35829,0.25383,1,0.021742,0.13375,0.15039,0.25982,0.053596,0.15493,0.26516,0.26703,0.06222,0.1171,0.12234,0.26644,0.40481,0.47388,0.12919,0.24653,0.26947,0.27256,0.35317,0.30132,0.34002,0.26797,0.071191,0.26664,0.089249,0.17907,0.12697,-0.065508,0.032684,0.11328,0.38578,0.29362,-0.026962,0.30661,0.36482,0.17594,0.0091667,0.30202,0.01533,0.064693,0.23273,0.36972,0.36561,0.33249,0.28128,0.33733,0.20882,0.35894,0.19379,0.52616,-0.090478,0.067061,-0.0043141,0.13878,0.06797,0.15641,0.21078,0.23283,0.025207,-0.020082,0.040508,0.107,0.41243,0.34911,0.10332,0.20546,0.258,0.26001,0.33619,0.30879
0.24986,-0.10818,0.6373,0.11798,0.16179,0.247,0.33813,0.35727,0.76299,0.11841,0.080456,0.28812,0.68208,0.41487,0.15498,0.05,0.092954,0.15735,0.38107,0.26366,0.11129,-0.012593,0.0098394,0.15893,0.15997,0.20009,-0.023878,-0.065235,0.44155,0.021742,1,0.60835,0.51472,-0.0012242,0.31471,0.34943,0.049387,-0.015708,0.38518,0.75891,-0.0056693,0.41007,0.15727,-0.064811,0.12894,0.12414,0.1543,0.12308,0.12163,0.093175,0.21591,-0.13338,0.14404,0.12772,0.15283,0.17416,0.16538,0.28135,0.53254,0.079359,0.10828,0.0034359,0.45114,0.07417,0.11494,-0.024665,0.047622,-0.14443,0.40763,0.22291,0.11742,-0.022525,-0.066483,0.16799,0.12297,0.15494,-0.04659,-0.045342,0.20767,-0.052845,0.60225,0.17343,0.20883,-0.011036,0.20064,0.11571,0.062426,0.089815,0.15109,0.44704,-0.015723,0.12373,0.14031,0.037162,0.10117,0.12769,0.17582,0.13293,0.15617,0.1613
0.1564,0.18413,0.4051,0.18783,0.16547,0.27003,0.4476,0.3764,0.61266,0.16088,0.1663,0.26849,0.43612,0.28069,0.26592,0.30675,0.37084,0.2906,0.30192,0.2008,0.26896,0.24174,0.10073,0.19088,0.25372,0.273,0.13538,0.10628,0.45628,0.13375,0.60835,1,0.43997,0.29843,0.44727,0.46389,0.19877,0.17681,0.3558,0.59439,0.16368,0.40124,0.141,0.073026,0.16518,0.20641,0.20798,0.19117,0.13073,0.082271,0.22294,0.14773,0.20499,0.18907,0.17147,0.24688,0.31588,0.29794,0.50579,0.14445,0.14241,0.22346,0.33642,0.22822,0.24502,0.25406,0.29146,0.14298,0.25447,0.1933,0.23454,0.24405,0.080085,0.21319,0.21818,0.24146,0.12064,0.14242,0.35179,0.16548,0.45379,0.49697,0.31291,0.2344,0.39388,0.33296,0.1909,0.21896,0.25292,0.46732,0.11137,0.39092,0.14365,0.12054,0.11485,0.20487,0.19491,0.19444,0.15696,0.16539
0.17539,0.11978,0.7715,0.20094,0.16439,0.29378,0.40788,0.1204,0.49458,0.18803,0.14524,0.43254,0.54409,0.36948,0.31032,0.2492,0.12322,0.34233,0.23527,0.062992,0.2199,0.22061,0.18118,0.19542,0.13823,0.28462,0.2622,0.2444,0.44476,0.15039,0.51472,0.43997,1,0.52913,0.4335,0.57945,0.18955,0.1283,0.70812,0.5162,0.26353,0.2913,0.10764,0.083249,0.16991,0.22648,0.24293,0.23591,0.10449,0.088793,0.1473,0.099043,0.58213,0.20516,0.13327,0.26216,0.30378,0.077947,0.36186,0.14072,0.11828,0.31189,0.54681,0.23155,0.28006,0.2554,0.10926,0.16441,0.15805,0.094705,0.20834,0.22055,0.095001,0.20306,0.095816,0.222,0.21795,0.17505,0.37495,0.15252,0.49607,0.37689,0.58911,0.5249,0.37142,0.40901,0.13402,0.14011,0.58162,0.43578,0.24111,0.33552,0.10793,0.089554,0.11315,0.20522,0.24555,0.21773,0.12941,0.16385
0.062239,0.47961,0.31206,0.30489,0.14226,0.44157,0.35292,0.014465,0.17846,0.22572,0.29448,0.35956,0.15259,0.11687,0.41291,0.52685,0.28481,0.62175,0.028013,-0.056159,0.40022,0.54701,0.45606,0.27735,0.21024,0.36351,0.55717,0.60203,0.52994,0.25982,-0.0012242,0.29843,0.52913,1,0.3694,0.6178,0.25965,0.27728,0.57214,0.18396,0.42625,0.073602,0.14736,0.37654,0.25541,0.34842,0.29697,0.33008,0.15086,0.15157,0.10152,0.44816,0.53993,0.30253,0.1105,0.37244,0.36229,-0.030406,0.17732,0.17837,0.20548,0.46647,0.18232,0.30202,0.40395,0.5264,0.26228,0.63933,-0.13969,-6.1803e-05,0.37045,0.51667,0.38319,0.29106,0.17552,0.35444,0.49928,0.51217,0.51924,0.39643,0.14749,0.49586,0.5392,0.73146,0.41904,0.61018,0.18697,0.25413,0.56517,0.32866,0.31018,0.41345,0.14151,0.26452,0.14973,0.31681,0.27781,0.30953,0.15154,0.21455
0.014593,0.2504,0.3705,0.40885,0.15233,0.26959,0.72562,0.29088,0.42129,0.36011,0.29635,0.069459,0.13193,-0.10633,0.4436,0.45715,0.36538,0.37538,0.22073,0.069856,0.41663,0.38407,0.22634,0.36827,0.28242,0.39005,0.38395,0.30829,0.35678,0.053596,0.31471,0.44727,0.4335,0.3694,1,0.68195,0.20545,0.22671,0.5855,0.49796,0.25701,0.07189,0.20731,0.20593,0.26939,0.37532,0.42117,0.41737,0.25928,0.22526,0.15746,0.20942,0.38876,0.40816,0.19271,0.31004,0.67529,0.29364,0.48549,0.31308,0.21842,0.24867,0.23266,0.10359,0.41663,0.48154,0.31006,0.35307,0.21698,0.17873,0.38823,0.4068,0.2681,0.39797,0.30963,0.40421,0.38796,0.32503,0.43485,0.2458,0.4233,0.52528,0.4263,0.44126,0.81243,0.67561,0.21378,0.31952,0.57326,0.62557,0.18413,0.39772,0.20846,0.25893,0.22824,0.40982,0.40794,0.40147,0.26814,0.28617
0.14351,0.3613,0.48525,0.40244,0.16051,0.4766,0.63198,0.19966,0.53651,0.31069,0.42398,0.25183,0.33708,0.10139,0.5127,0.5727,0.32392,0.66423,0.27843,0.076823,0.51365,0.50666,0.3662,0.37982,0.31554,0.51087,0.53985,0.53157,0.57748,0.15493,0.34943,0.46389,0.57945,0.6178,0.68195,1,0.2512,0.26138,0.74013,0.62274,0.29955,0.13957,0.2694,0.32725,0.30745,0.43282,0.4246,0.4266,0.29645,0.24935,0.23505,0.33233,0.5503,0.41126,0.17754,0.44585,0.6016,0.2119,0.56611,0.26794,0.31664,0.42171,0.39161,0.25939,0.49073,0.56184,0.30654,0.58272,0.18715,0.14655,0.48611,0.53238,0.34425,0.40534,0.32813,0.49931,0.50514,0.50661,0.62827,0.36471,0.50014,0.58405,0.63889,0.63261,0.71749,0.81106,0.22332,0.33462,0.67722,0.71052,0.27161,0.43499,0.25449,0.2971,0.21911,0.44376,0.42597,0.42345,0.311,0.30552
0.38084,0.22157,0.17915,0.52826,0.14576,0.31493,0.27169,0.15739,0.23786,0.18402,0.2771,0.29374,0.10123,0.21925,0.55569,0.27676,0.19695,0.24306,0.0061022,0.10637,0.32087,0.34094,0.29839,0.30783,0.43225,0.47792,0.51078,0.33468,0.063467,0.26516,0.049387,0.19877,0.18955,0.25965,0.20545,0.2512,1,0.86229,0.2477,0.23519,0.24661,0.19439,0.25241,0.36233,0.25461,0.56901,0.46824,0.49968,0.30605,0.25651,0.42882,0.25801,0.23828,0.50534,0.20804,0.42048,0.33844,0.11477,0.27764,0.25899,0.29841,0.38964,0.111,0.40537,0.57662,0.27201,0.18581,0.28348,0.064958,0.15154,0.27714,0.41672,0.33206,0.35377,0.41363,0.47735,0.55755,0.43558,0.18509,0.36515,0.10296,0.25859,0.15357,0.28047,0.27907,0.3117,0.81425,0.74152,0.31168,0.29907,0.1809,0.30012,0.33082,0.45836,0.24519,0.5223,0.4407,0.50543,0.3327,0.37215
0.35979,0.2596,0.10594,0.5459,0.15161,0.34442,0.28031,0.14779,0.1929,0.21154,0.33297,0.24113,0.019425,0.14612,0.5269,0.30255,0.2121,0.29488,3.3315e-05,0.079413,0.34784,0.38091,0.33398,0.34084,0.44347,0.49481,0.54541,0.39387,0.075093,0.26703,-0.015708,0.17681,0.1283,0.27728,0.22671,0.26138,0.86229,1,0.2189,0.21538,0.24872,0.14326,0.28696,0.4283,0.26887,0.59937,0.49409,0.5079,0.33445,0.30977,0.41534,0.29007,0.21344,0.53542,0.19964,0.44762,0.37056,0.12052,0.25001,0.28861,0.34533,0.38385,0.036115,0.38116,0.55975,0.30214,0.18991,0.3668,0.045499,0.13241,0.30431,0.45053,0.39011,0.3822,0.42462,0.51309,0.60605,0.51759,0.22071,0.40173,0.061041,0.26061,0.13711,0.28764,0.3237,0.34928,0.76637,0.80584,0.2973,0.30117,0.16322,0.28861,0.36561,0.5123,0.25979,0.57161,0.46876,0.51611,0.35405,0.40725
0.11453,0.23847,0.65637,0.39066,0.19579,0.52415,0.55382,0.16325,0.49133,0.32991,0.30561,0.30333,0.48695,0.16988,0.4741,0.39368,0.16301,0.54118,0.21073,0.028541,0.38447,0.3676,0.36663,0.35753,0.17858,0.43454,0.6057,0.53654,0.53687,0.06222,0.38518,0.3558,0.70812,0.57214,0.5855,0.74013,0.2477,0.2189,1,0.5538,0.33497,0.10889,0.22768,0.22219,0.32919,0.46259,0.43494,0.43218,0.25659,0.22734,0.12022,0.18433,0.67271,0.39935,0.1972,0.43083,0.48545,0.14093,0.40453,0.27315,0.24425,0.30506,0.49369,0.13862,0.43604,0.36824,0.15273,0.42774,0.12591,0.099157,0.35953,0.38316,0.28603,0.36759,0.1559,0.39323,0.53302,0.45992,0.4522,0.19336,0.46128,0.3764,0.56637,0.58524,0.55251,0.64027,0.21528,0.31322,0.78728,0.55861,0.2957,0.3534,0.21349,0.25892,0.2387,0.45481,0.43599,0.41751,0.27152,0.31645
0.40609,0.06512,0.62176,0.38086,0.19659,0.44732,0.50541,0.34061,0.86175,0.22071,0.30349,0.33011,0.62232,0.37605,0.41584,0.26599,0.20135,0.4892,0.42381,0.2445,0.33049,0.24188,0.23044,0.35368,0.34168,0.49112,0.29128,0.20924,0.52449,0.1171,0.75891,0.59439,0.5162,0.18396,0.49796,0.62274,0.23519,0.21538,0.5538,1,0.089281,0.35814,0.31034,0.18093,0.23602,0.4017,0.41707,0.39287,0.29676,0.24281,0.38982,0.040875,0.27954,0.38954,0.20543,0.37601,0.39458,0.30962,0.67825,0.21292,0.29317,0.2027,0.46862,0.2112,0.37412,0.20576,0.14657,0.18853,0.39394,0.2528,0.31705,0.26727,0.16955,0.37649,0.30779,0.44852,0.26316,0.24926,0.41107,0.18125,0.60821,0.33099,0.36412,0.19877,0.45506,0.4274,0.22657,0.33139,0.34443,0.68781,0.081504,0.24279,0.31487,0.2726,0.19638,0.39473,0.41624,0.39731,0.34445,0.34191
0.028402,0.28728,0.12805,0.2524,0.13976,0.28169,0.25047,0.17259,0.11191,0.20403,0.1959,0.15594,0.11725,0.029521,0.29095,0.32882,0.2221,0.32493,0.032221,-0.021421,0.2854,0.38237,0.32779,0.26163,0.17932,0.27216,0.36022,0.3515,0.20449,0.12234,-0.0056693,0.16368,0.26353,0.42625,0.25701,0.29955,0.24661,0.24872,0.33497,0.089281,1,0.06155,0.13374,0.25155,0.2021,0.28161,0.23208,0.24984,0.15631,0.15484,0.046785,0.25556,0.2952,0.23839,0.095333,0.24381,0.25294,0.042328,0.085805,0.15432,0.14561,0.25877,0.13846,0.15355,0.29124,0.31075,0.1921,0.36988,-0.068265,0.024595,0.261,0.35193,0.29654,0.25739,0.15205,0.26269,0.34099,0.32586,0.19172,0.22587,0.050596,0.26034,0.26802,0.35482,0.25129,0.32772,0.2093,0.25102,0.35775,0.16198,0.21803,0.27558,0.11983,0.23079,0.14805,0.26567,0.22385,0.25168,0.15453,0.1875
0.39974,0.050979,0.39211,0.099723,0.13061,0.23407,0.11221,0.16205,0.405,0.061513,0.091732,0.50953,0.37646,0.60344,0.17441,0.070721,0.060031,0.15077,0.19304,0.19826,0.086208,0.11155,0.088198,0.060335,0.28755,0.20216,0.030646,0.029539,0.18317,0.26644,0.41007,0.40124,0.2913,0.073602,0.07189,0.13957,0.19439,0.14326,0.10889,0.35814,0.06155,1,0.12772,0.046516,0.15392,0.13571,0.12313,0.097586,0.098772,0.045899,0.3247,0.024596,0.018467,0.092918,0.081899,0.16099,0.063102,0.078512,0.25151,0.070549,0.12054,0.21389,0.20161,0.35474,0.16336,0.0028607,0.026455,-0.058191,0.23421,0.15109,0.090285,0.071827,-0.0092792,0.072529,0.22117,0.15703,0.017213,0.039871,0.07276,0.11281,0.17504,0.10111,0.017127,-0.024454,0.047969,0.017382,0.17228,0.14655,-0.015698,0.14405,0.005707,0.18762,0.15162,0.084475,0.11219,0.11039,0.12741,0.08892,0.11661,0.13015
0.35404,0.20636,0.1942,0.448,0.17109,0.32968,0.25699,0.11573,0.29232,0.1852,0.66368,0.21289,0.15419,0.16846,0.41518,0.23054,0.043051,0.46976,0.11081,0.11771,0.38475,0.40174,0.4638,0.5683,0.36032,0.53087,0.38016,0.45361,0.34815,0.40481,0.15727,0.141,0.10764,0.14736,0.20731,0.2694,0.25241,0.28696,0.22768,0.31034,0.13374,0.12772,1,0.53235,0.19626,0.39059,0.435,0.43233,0.71869,0.57359,0.32749,0.17096,0.11341,0.45728,0.16407,0.26176,0.26954,0.099671,0.20366,0.20492,0.637,0.16183,0.059443,0.11998,0.38826,0.174,-0.0062569,0.3672,0.132,0.11999,0.38677,0.40625,0.44229,0.55412,0.32068,0.53705,0.36551,0.50202,0.25853,0.43655,0.09734,0.060871,0.038688,0.095827,0.22037,0.28411,0.20798,0.33578,0.13322,0.21646,0.029185,0.061909,0.69663,0.51637,0.2018,0.37037,0.44142,0.43211,0.63939,0.5434
0.34863,0.38895,0.076394,0.52719,0.15388,0.41773,0.25015,0.058976,0.16521,0.24401,0.49017,0.2552,0.0047837,0.089014,0.52805,0.39991,0.14456,0.62841,0.031139,0.026747,0.47068,0.60313,0.69224,0.63924,0.40223,0.56038,0.56097,0.62439,0.34118,0.47388,-0.064811,0.073026,0.083249,0.37654,0.20593,0.32725,0.36233,0.4283,0.22219,0.18093,0.25155,0.046516,0.53235,1,0.26877,0.5123,0.51507,0.52046,0.51538,0.61836,0.33137,0.37112,0.1679,0.53674,0.16253,0.35978,0.34212,0.047788,0.1541,0.24239,0.44186,0.31607,-0.021784,0.21957,0.52341,0.34631,0.10393,0.62348,-0.007977,0.098704,0.42151,0.58775,0.67704,0.6175,0.37205,0.58775,0.54662,0.63028,0.3289,0.58189,-0.027484,0.16991,0.12013,0.28818,0.27741,0.39066,0.30829,0.45525,0.21673,0.19164,0.11801,0.16437,0.50314,0.64895,0.22866,0.4907,0.49655,0.51782,0.43828,0.53341
0.18371,0.21146,0.21153,0.30384,0.20207,0.45208,0.29013,0.15626,0.23301,0.34068,0.23707,0.23285,0.14675,0.12155,0.3308,0.23755,0.10851,0.32892,0.10166,0.13234,0.27208,0.31244,0.31816,0.27156,0.32396,0.32833,0.397,0.37813,0.23531,0.12919,0.12894,0.16518,0.16991,0.25541,0.26939,0.30745,0.25461,0.26887,0.32919,0.23602,0.2021,0.15392,0.19626,0.26877,1,0.39802,0.34144,0.32169,0.20588,0.22697,0.19694,0.15155,0.18508,0.30733,0.16829,0.3493,0.28027,0.11668,0.21665,0.24959,0.19579,0.19384,0.087466,0.1773,0.33296,0.17673,0.067947,0.29468,0.092683,0.12358,0.27047,0.28538,0.26945,0.27146,0.27586,0.33336,0.37552,0.36667,0.1816,0.19248,0.10605,0.13471,0.10486,0.18191,0.28358,0.29554,0.23013,0.29867,0.25674,0.26576,0.1314,0.17539,0.20663,0.30701,0.28939,0.39626,0.32217,0.31832,0.20824,0.27142
0.37298,0.2901,0.24342,0.80591,0.20937,0.54939,0.43376,0.15959,0.346,0.34889,0.41994,0.2758,0.17558,0.152,0.7622,0.3547,0.18405,0.49768,0.12174,0.093078,0.49479,0.48703,0.52139,0.53813,0.47621,0.66168,0.80965,0.59035,0.28237,0.24653,0.12414,0.20641,0.22648,0.34842,0.37532,0.43282,0.56901,0.59937,0.46259,0.4017,0.28161,0.13571,0.39059,0.5123,0.39802,1,0.80142,0.83958,0.43861,0.46139,0.41349,0.27192,0.2932,0.7987,0.22535,0.51607,0.50379,0.1357,0.29067,0.41522,0.40244,0.30773,0.13962,0.26145,0.75419,0.32766,0.13916,0.50919,0.094447,0.15892,0.44483,0.5142,0.51555,0.57435,0.41696,0.69367,0.81021,0.66376,0.3039,0.40055,0.14224,0.22839,0.19421,0.30979,0.45149,0.48593,0.51533,0.70583,0.41265,0.42933,0.15499,0.27687,0.42787,0.63516,0.35223,0.83585,0.79122,0.81502,0.44941,0.56125
0.35108,0.26837,0.26378,0.85526,0.19657,0.45997,0.46779,0.17097,0.35631,0.36918,0.45244,0.24806,0.17917,0.13958,0.78934,0.32764,0.15468,0.4888,0.1318,0.10533,0.46853,0.49229,0.51482,0.58203,0.43954,0.64066,0.75682,0.55302,0.28733,0.26947,0.1543,0.20798,0.24293,0.29697,0.42117,0.4246,0.46824,0.49409,0.43494,0.41707,0.23208,0.12313,0.435,0.51507,0.34144,0.80142,1,0.85309,0.4881,0.51499,0.41007,0.23045,0.25628,0.84407,0.21817,0.44414,0.53182,0.15415,0.30263,0.40076,0.44924,0.24127,0.13718,0.19697,0.78237,0.29722,0.10857,0.47884,0.11469,0.18084,0.43836,0.50807,0.51013,0.61075,0.39618,0.68413,0.75471,0.62892,0.30727,0.40914,0.16,0.18745,0.18167,0.26358,0.46822,0.46195,0.43049,0.63346,0.3654,0.42652,0.13114,0.22305,0.47587,0.63477,0.31674,0.78411,0.8514,0.8336,0.49882,0.59026
0.35424,0.27372,0.23564,0.87257,0.1939,0.45678,0.45294,0.15285,0.33612,0.33064,0.44353,0.2377,0.1359,0.11724,0.80612,0.34741,0.17749,0.48947,0.10639,0.088323,0.46157,0.49387,0.52395,0.58643,0.42866,0.64756,0.79169,0.56303,0.29202,0.27256,0.12308,0.19117,0.23591,0.33008,0.41737,0.4266,0.49968,0.5079,0.43218,0.39287,0.24984,0.097586,0.43233,0.52046,0.32169,0.83958,0.85309,1,0.47947,0.50866,0.41113,0.25434,0.25566,0.86727,0.21982,0.4514,0.51987,0.14603,0.28085,0.38868,0.43971,0.23752,0.10845,0.19414,0.79393,0.32022,0.12733,0.48884,0.099326,0.17101,0.42833,0.51228,0.51092,0.61507,0.39265,0.69311,0.78497,0.63491,0.31021,0.4131,0.13491,0.20551,0.18678,0.2859,0.46935,0.47493,0.44233,0.64509,0.37738,0.41592,0.11972,0.23092,0.47146,0.64618,0.3117,0.79708,0.84259,0.88693,0.49936,0.59679
0.32924,0.23309,0.1698,0.51058,0.1779,0.30178,0.28982,0.14543,0.26866,0.22062,0.65052,0.16249,0.10603,0.1023,0.46782,0.26855,0.095969,0.45355,0.092591,0.11634,0.43862,0.45598,0.45592,0.60341,0.39963,0.58297,0.4296,0.46355,0.27523,0.35317,0.12163,0.13073,0.10449,0.15086,0.25928,0.29645,0.30605,0.33445,0.25659,0.29676,0.15631,0.098772,0.71869,0.51538,0.20588,0.43861,0.4881,0.47947,1,0.57592,0.32744,0.19696,0.12422,0.50814,0.15858,0.27821,0.32889,0.12932,0.21313,0.2548,0.63932,0.18355,0.054563,0.10805,0.43024,0.23988,0.058645,0.40051,0.1162,0.1299,0.43586,0.46466,0.46359,0.59548,0.34784,0.59149,0.42845,0.52061,0.25695,0.4355,0.1076,0.10792,0.065467,0.11925,0.27885,0.34757,0.26683,0.40193,0.18893,0.2463,0.054189,0.10994,0.6749,0.5437,0.19632,0.42186,0.4954,0.48373,0.7055,0.55728
0.26373,0.21295,0.13911,0.528,0.14389,0.35984,0.2812,0.12521,0.20508,0.22508,0.46926,0.12879,0.060676,0.033247,0.43887,0.2391,0.052322,0.43524,0.068209,0.079318,0.35017,0.37597,0.4803,0.64963,0.35042,0.49823,0.49866,0.52569,0.28641,0.30132,0.093175,0.082271,0.088793,0.15157,0.22526,0.24935,0.25651,0.30977,0.22734,0.24281,0.15484,0.045899,0.57359,0.61836,0.22697,0.46139,0.51499,0.50866,0.57592,1,0.30344,0.16156,0.12293,0.5438,0.16781,0.28625,0.31733,0.092791,0.18166,0.2322,0.45425,0.12574,0.023893,0.073502,0.41237,0.19415,0.013,0.37811,0.090753,0.10952,0.31747,0.36766,0.44541,0.58208,0.30037,0.53546,0.45498,0.53943,0.21909,0.36135,0.071624,0.05938,0.03686,0.11755,0.25884,0.27564,0.20176,0.37331,0.17145,0.23353,0.031578,0.077283,0.50841,0.57039,0.2251,0.45339,0.50144,0.50606,0.43743,0.66177
0.71051,0.10184,0.26967,0.44091,0.136,0.30498,0.19026,0.14427,0.34666,0.13294,0.29049,0.4317,0.14138,0.41116,0.38678,0.16066,0.096054,0.30013,0.10214,0.16548,0.19075,0.25066,0.28252,0.31217,0.52541,0.55673,0.3085,0.19406,0.090879,0.34002,0.21591,0.22294,0.1473,0.10152,0.15746,0.23505,0.42882,0.41534,0.12022,0.38982,0.046785,0.3247,0.32749,0.33137,0.19694,0.41349,0.41007,0.41113,0.32744,0.30344,1,0.12657,0.12513,0.43281,0.15668,0.45319,0.23891,0.1433,0.48098,0.17622,0.33604,0.43146,0.07384,0.54919,0.36791,0.157,0.069741,0.16178,0.24919,0.22488,0.17763,0.29376,0.27523,0.35689,0.59666,0.62191,0.33456,0.26145,0.19794,0.35582,0.22266,0.17317,0.043241,0.14367,0.215,0.22367,0.37701,0.44145,0.12516,0.4239,0.028771,0.15936,0.38787,0.43101,0.211,0.41014,0.40564,0.42266,0.35094,0.40158
0.073282,0.43146,-0.020282,0.2495,0.083758,0.23966,0.22933,0.040868,0.041885,0.1309,0.29322,0.13743,-0.034044,0.001022,0.33213,0.41446,0.26329,0.42257,-0.0097899,-0.00029721,0.34806,0.4579,0.33637,0.24568,0.22305,0.29849,0.34775,0.39781,0.22247,0.26797,-0.13338,0.14773,0.099043,0.44816,0.20942,0.33233,0.25801,0.29007,0.18433,0.040875,0.25556,0.024596,0.17096,0.37112,0.15155,0.27192,0.23045,0.25434,0.19696,0.16156,0.12657,1,0.21632,0.24856,0.078893,0.26556,0.28216,0.021017,0.12626,0.15573,0.21443,0.36419,0.043738,0.24446,0.3413,0.42616,0.26803,0.51379,-0.082541,0.028595,0.32015,0.48743,0.35934,0.27098,0.23689,0.31638,0.35946,0.40575,0.32914,0.42162,0.01279,0.40284,0.27179,0.40829,0.28557,0.40024,0.22464,0.26603,0.26722,0.17983,0.18415,0.29881,0.18644,0.27277,0.12152,0.24939,0.20752,0.23999,0.19725,0.19027
0.060391,0.21417,0.44747,0.21009,0.12741,0.29399,0.3555,0.027765,0.22364,0.21913,0.18409,0.22328,0.27386,0.068044,0.31669,0.30677,0.12896,0.39804,0.062765,-0.041053,0.2813,0.31953,0.26663,0.21046,0.10646,0.31613,0.40792,0.37692,0.30563,0.071191,0.14404,0.20499,0.58213,0.53993,0.38876,0.5503,0.23828,0.21344,0.67271,0.27954,0.2952,0.018467,0.11341,0.1679,0.18508,0.2932,0.25628,0.25566,0.12422,0.12293,0.12513,0.21632,1,0.21577,0.14677,0.39867,0.36049,0.087577,0.35982,0.19186,0.12196,0.54013,0.59383,0.31336,0.30232,0.38788,0.18404,0.41409,0.041858,0.03932,0.25071,0.36818,0.25815,0.21682,0.14754,0.28945,0.4097,0.34356,0.51793,0.23509,0.52048,0.52556,0.72436,0.77353,0.45155,0.56274,0.17967,0.21672,0.82447,0.50997,0.41668,0.48511,0.090242,0.18451,0.15721,0.28424,0.25004,0.24317,0.12413,0.16481
0.35563,0.2635,0.20574,0.89253,0.18069,0.45618,0.44812,0.17686,0.34068,0.31588,0.46673,0.20928,0.13697,0.10055,0.76277,0.34602,0.17748,0.47907,0.11525,0.092466,0.46961,0.49058,0.51642,0.60266,0.44114,0.661,0.77,0.54388,0.27435,0.26664,0.12772,0.18907,0.20516,0.30253,0.40816,0.41126,0.50534,0.53542,0.39935,0.38954,0.23839,0.092918,0.45728,0.53674,0.30733,0.7987,0.84407,0.86727,0.50814,0.5438,0.43281,0.24856,0.21577,1,0.21915,0.45758,0.53664,0.15742,0.3066,0.36688,0.47208,0.2184,0.08402,0.18604,0.77837,0.32285,0.1352,0.47167,0.10755,0.18542,0.4344,0.51334,0.51089,0.63831,0.4342,0.72027,0.78849,0.62972,0.29257,0.40525,0.13074,0.18706,0.16047,0.25062,0.47629,0.47001,0.46558,0.67831,0.35152,0.42592,0.11364,0.20864,0.5026,0.66582,0.30795,0.78028,0.85088,0.86575,0.5353,0.63084
0.12698,0.10435,0.13979,0.21223,0.13593,0.20307,0.21666,0.14971,0.20163,0.15536,0.15956,0.091031,0.13827,0.060914,0.21719,0.13643,0.10532,0.18058,0.091294,0.062083,0.17046,0.18343,0.18041,0.21251,0.16862,0.22472,0.20901,0.16739,0.15701,0.089249,0.15283,0.17147,0.13327,0.1105,0.19271,0.17754,0.20804,0.19964,0.1972,0.20543,0.095333,0.081899,0.16407,0.16253,0.16829,0.22535,0.21817,0.21982,0.15858,0.16781,0.15668,0.078893,0.14677,0.21915,1,0.22305,0.18956,0.14233,0.22643,0.17217,0.17827,0.11676,0.12998,0.10215,0.20173,0.13396,0.090383,0.15355,0.10848,0.1566,0.15524,0.19908,0.18432,0.21918,0.21087,0.23038,0.21516,0.19594,0.14457,0.12784,0.1608,0.1423,0.11106,0.13233,0.19838,0.18428,0.17745,0.2191,0.18712,0.23078,0.098286,0.14384,0.18288,0.20924,0.23487,0.23254,0.21511,0.2266,0.17781,0.1977
0.33363,0.25285,0.27143,0.45083,0.18186,0.52072,0.35091,0.17223,0.36901,0.26648,0.32231,0.30264,0.23809,0.20613,0.47271,0.34379,0.17321,0.46925,0.11378,0.11978,0.34555,0.3853,0.39065,0.33692,0.39643,0.46948,0.56081,0.46823,0.28492,0.17907,0.17416,0.24688,0.26216,0.37244,0.31004,0.44585,0.42048,0.44762,0.43083,0.37601,0.24381,0.16099,0.26176,0.35978,0.3493,0.51607,0.44414,0.4514,0.27821,0.28625,0.45319,0.26556,0.39867,0.45758,0.22305,1,0.38971,0.17818,0.50185,0.28463,0.29614,0.44286,0.28666,0.41737,0.46906,0.31914,0.17308,0.46973,0.14397,0.20795,0.32214,0.43744,0.38193,0.36301,0.4266,0.53101,0.57296,0.51371,0.37605,0.31885,0.30651,0.32093,0.31678,0.40745,0.39163,0.46685,0.39301,0.50466,0.4838,0.5275,0.24745,0.31546,0.28495,0.41244,0.37415,0.54979,0.44653,0.45667,0.28301,0.35893
0.096758,0.28084,0.23389,0.52929,0.15533,0.306,0.62422,0.23687,0.32306,0.339,0.36084,0.076233,0.069335,-0.086091,0.53513,0.47921,0.32854,0.40529,0.1534,0.063661,0.46769,0.44465,0.3216,0.43223,0.36052,0.47606,0.51072,0.40568,0.28772,0.12697,0.16538,0.31588,0.30378,0.36229,0.67529,0.6016,0.33844,0.37056,0.48545,0.39458,0.25294,0.063102,0.26954,0.34212,0.28027,0.50379,0.53182,0.51987,0.32889,0.31733,0.23891,0.28216,0.36049,0.53664,0.18956,0.38971,1,0.26931,0.44049,0.35763,0.31587,0.30188,0.18631,0.1722,0.52438,0.5279,0.30874,0.4385,0.15618,0.16638,0.43152,0.49044,0.35838,0.45356,0.37922,0.50098,0.5252,0.45248,0.42241,0.33256,0.34462,0.47996,0.38427,0.4291,0.73333,0.67355,0.33057,0.45489,0.54563,0.57239,0.2078,0.38224,0.29088,0.38537,0.27306,0.53832,0.53944,0.51018,0.32936,0.3523
0.03162,0.036398,0.096247,0.1581,0.089728,0.10447,0.28064,0.31958,0.31396,0.15592,0.10342,-0.067087,0.15814,-0.047948,0.14337,0.13633,0.23928,0.079574,0.15519,0.13889,0.17666,0.10882,0.026558,0.14912,0.19469,0.20464,0.06593,-0.0016871,0.12039,-0.065508,0.28135,0.29794,0.077947,-0.030406,0.29364,0.2119,0.11477,0.12052,0.14093,0.30962,0.042328,0.078512,0.099671,0.047788,0.11668,0.1357,0.15415,0.14603,0.12932,0.092791,0.1433,0.021017,0.087577,0.15742,0.14233,0.17818,0.26931,1,0.41384,0.13439,0.10391,0.07169,0.20579,0.057796,0.12329,0.1262,0.24563,0.053524,0.27883,0.20869,0.15693,0.14619,0.071033,0.16857,0.21857,0.19409,0.084068,0.068012,0.17046,0.050613,0.35478,0.27474,0.15324,0.063068,0.29747,0.208,0.12515,0.16462,0.18138,0.38908,0.16147,0.19989,0.11081,0.13891,0.12415,0.17979,0.14563,0.14537,0.13293,0.12454
0.2678,0.092051,0.39324,0.29421,0.16952,0.33591,0.46477,0.34537,0.65589,0.21079,0.24431,0.17096,0.38567,0.17785,0.33194,0.29313,0.26776,0.36215,0.31567,0.23295,0.31259,0.26425,0.16804,0.28864,0.38444,0.41517,0.21918,0.13785,0.31842,0.032684,0.53254,0.50579,0.36186,0.17732,0.48549,0.56611,0.27764,0.25001,0.40453,0.67825,0.085805,0.25151,0.20366,0.1541,0.21665,0.29067,0.30263,0.28085,0.21313,0.18166,0.48098,0.12626,0.35982,0.3066,0.22643,0.50185,0.44049,0.41384,1,0.21168,0.22532,0.41608,0.50207,0.39024,0.30604,0.3023,0.25107,0.23419,0.44396,0.34338,0.28693,0.33949,0.20078,0.32899,0.50153,0.45117,0.2322,0.19938,0.49043,0.21398,0.71669,0.51847,0.46962,0.35052,0.5364,0.48586,0.25213,0.31179,0.44347,0.82816,0.17803,0.37759,0.23504,0.24427,0.22866,0.32643,0.2959,0.28205,0.24562,0.25532
0.12778,0.19143,0.13639,0.38621,0.12501,0.25392,0.30778,0.12819,0.17669,0.26725,0.25778,0.098495,0.077131,0.029656,0.36937,0.23715,0.15452,0.25178,0.045104,0.070689,0.30759,0.30748,0.28014,0.32304,0.29202,0.36,0.38289,0.29032,0.16025,0.11328,0.079359,0.14445,0.14072,0.17837,0.31308,0.26794,0.25899,0.28861,0.27315,0.21292,0.15432,0.070549,0.20492,0.24239,0.24959,0.41522,0.40076,0.38868,0.2548,0.2322,0.17622,0.15573,0.19186,0.36688,0.17217,0.28463,0.35763,0.13439,0.21168,1,0.24181,0.15937,0.096733,0.097405,0.36676,0.22349,0.12541,0.2777,0.061391,0.1141,0.28149,0.31137,0.28253,0.32708,0.26648,0.36288,0.39181,0.34311,0.21227,0.22031,0.13248,0.18189,0.13213,0.19219,0.34494,0.32688,0.23502,0.34199,0.27805,0.28322,0.11304,0.18582,0.23589,0.34163,0.3319,0.43808,0.4098,0.39064,0.25964,0.28078
0.33645,0.23069,0.16892,0.46951,0.16526,0.32308,0.26715,0.10794,0.26479,0.17465,0.68463,0.20446,0.14333,0.156,0.42122,0.28966,0.090906,0.47891,0.094932,0.096151,0.39301,0.43785,0.43052,0.5108,0.3702,0.53778,0.4171,0.44964,0.31235,0.38578,0.10828,0.14241,0.11828,0.20548,0.21842,0.31664,0.29841,0.34533,0.24425,0.29317,0.14561,0.12054,0.637,0.44186,0.19579,0.40244,0.44924,0.43971,0.63932,0.45425,0.33604,0.21443,0.12196,0.47208,0.17827,0.29614,0.31587,0.10391,0.22532,0.24181,1,0.17888,0.059619,0.139,0.40919,0.25976,0.0536,0.42687,0.10457,0.12584,0.40151,0.46564,0.41731,0.53122,0.35287,0.55537,0.41906,0.55889,0.29347,0.4564,0.084967,0.10107,0.085628,0.15712,0.25086,0.36495,0.26035,0.39744,0.18591,0.24402,0.081396,0.098725,0.68838,0.51746,0.2118,0.4022,0.47018,0.45616,0.68969,0.55582
0.28592,0.30732,0.24884,0.22636,0.12375,0.29321,0.22144,0.037365,0.16987,0.14234,0.25245,0.40027,0.11492,0.27179,0.35368,0.35785,0.20359,0.4391,0.063681,0.021538,0.32772,0.44282,0.34239,0.24038,0.34776,0.40573,0.33744,0.33565,0.18,0.29362,0.0034359,0.22346,0.31189,0.46647,0.24867,0.42171,0.38964,0.38385,0.30506,0.2027,0.25877,0.21389,0.16183,0.31607,0.19384,0.30773,0.24127,0.23752,0.18355,0.12574,0.43146,0.36419,0.54013,0.2184,0.11676,0.44286,0.30188,0.07169,0.41608,0.15937,0.17888,1,0.3737,0.69314,0.3479,0.4263,0.2368,0.47243,0.095385,0.10697,0.28908,0.52286,0.40047,0.27906,0.42276,0.42166,0.35759,0.34348,0.45658,0.4553,0.33567,0.53957,0.49823,0.62199,0.35957,0.46881,0.30785,0.31007,0.4823,0.44766,0.33408,0.52404,0.16457,0.27895,0.16626,0.28147,0.21669,0.22984,0.16466,0.17853
0.039489,0.001253,0.47441,0.076167,0.12122,0.21475,0.25177,0.13717,0.44888,0.12472,0.080615,0.18338,0.57652,0.23812,0.16681,0.11403,0.059936,0.25262,0.23786,0.10075,0.16169,0.12012,0.077576,0.11873,0.024102,0.17821,0.12072,0.088555,0.28257,-0.026962,0.45114,0.33642,0.54681,0.18232,0.23266,0.39161,0.111,0.036115,0.49369,0.46862,0.13846,0.20161,0.059443,-0.021784,0.087466,0.13962,0.13718,0.10845,0.054563,0.023893,0.07384,0.043738,0.59383,0.08402,0.12998,0.28666,0.18631,0.20579,0.50207,0.096733,0.059619,0.3737,1,0.2689,0.14596,0.14624,0.12318,0.1393,0.24676,0.13252,0.14216,0.17619,0.067953,0.11683,0.055608,0.12387,0.11688,0.092085,0.37751,0.075818,0.68796,0.40896,0.63712,0.43381,0.25562,0.28977,0.059073,0.068245,0.55863,0.51513,0.32369,0.43749,0.040887,0.025151,0.072494,0.14141,0.14465,0.10488,0.075975,0.066734
0.44423,0.1912,0.26125,0.19396,0.12014,0.28141,0.10696,0.052583,0.19974,0.071042,0.17363,0.50119,0.1362,0.46285,0.29172,0.22484,0.11775,0.30852,0.064974,0.087785,0.16058,0.27285,0.20582,0.11004,0.37211,0.33007,0.23766,0.21014,0.092611,0.30661,0.07417,0.22822,0.23155,0.30202,0.10359,0.25939,0.40537,0.38116,0.13862,0.2112,0.15355,0.35474,0.11998,0.21957,0.1773,0.26145,0.19697,0.19414,0.10805,0.073502,0.54919,0.24446,0.31336,0.18604,0.10215,0.41737,0.1722,0.057796,0.39024,0.097405,0.139,0.69314,0.2689,1,0.28121,0.24328,0.15982,0.24905,0.17555,0.14393,0.12623,0.35244,0.22137,0.1453,0.44379,0.35196,0.24592,0.22171,0.29086,0.35579,0.24624,0.36151,0.29091,0.37896,0.19888,0.2621,0.31905,0.29232,0.23994,0.33928,0.20786,0.4117,0.14904,0.21385,0.14757,0.22207,0.17363,0.17756,0.10845,0.15143
0.34359,0.36817,0.2753,0.7677,0.20317,0.47165,0.45359,0.15465,0.34403,0.31542,0.44618,0.32419,0.15502,0.18722,0.88949,0.41223,0.21326,0.53647,0.11046,0.094002,0.51294,0.55129,0.52384,0.51538,0.45744,0.61346,0.728,0.57481,0.31196,0.36482,0.11494,0.24502,0.28006,0.40395,0.41663,0.49073,0.57662,0.55975,0.43604,0.37412,0.29124,0.16336,0.38826,0.52341,0.33296,0.75419,0.78237,0.79393,0.43024,0.41237,0.36791,0.3413,0.30232,0.77837,0.20173,0.46906,0.52438,0.12329,0.30604,0.36676,0.40919,0.3479,0.14596,0.28121,1,0.37812,0.1736,0.53645,0.095987,0.17817,0.48866,0.57374,0.51376,0.54391,0.43007,0.63371,0.7397,0.63972,0.36104,0.48792,0.14008,0.29344,0.2457,0.36011,0.48854,0.52912,0.55113,0.65369,0.40852,0.40942,0.1843,0.32501,0.42733,0.5849,0.31858,0.72632,0.76395,0.774,0.4502,0.50814
0.017158,0.39197,0.084223,0.30763,0.09813,0.26687,0.43469,0.098144,0.17414,0.23034,0.31814,0.07498,-0.0033111,-0.11243,0.38414,0.56313,0.35702,0.4708,0.08626,-0.0059862,0.47528,0.5084,0.33708,0.34351,0.26559,0.40166,0.4195,0.41573,0.29565,0.17594,-0.024665,0.25406,0.2554,0.5264,0.48154,0.56184,0.27201,0.30214,0.36824,0.20576,0.31075,0.0028607,0.174,0.34631,0.17673,0.32766,0.29722,0.32022,0.23988,0.19415,0.157,0.42616,0.38788,0.32285,0.13396,0.31914,0.5279,0.1262,0.3023,0.22349,0.25976,0.4263,0.14624,0.24328,0.37812,1,0.34269,0.56845,-0.017719,0.083762,0.41645,0.53965,0.3972,0.36528,0.30525,0.42665,0.43606,0.42449,0.46322,0.42669,0.21719,0.54925,0.48401,0.56892,0.56433,0.64502,0.25495,0.31971,0.49918,0.41153,0.26613,0.43016,0.18007,0.30219,0.16258,0.33868,0.28321,0.31091,0.22232,0.22591
-0.034212,0.20877,0.00021746,0.13462,0.038759,0.088802,0.28143,0.15182,0.14359,0.11405,0.11082,-0.019785,0.007339,-0.095642,0.17858,0.3002,0.35365,0.18488,0.063276,0.025984,0.25694,0.25308,0.087939,0.11198,0.14512,0.18114,0.14851,0.11189,0.13563,0.0091667,0.047622,0.29146,0.10926,0.26228,0.31006,0.30654,0.18581,0.18991,0.15273,0.14657,0.1921,0.026455,-0.0062569,0.10393,0.067947,0.13916,0.10857,0.12733,0.058645,0.013,0.069741,0.26803,0.18404,0.1352,0.090383,0.17308,0.30874,0.24563,0.25107,0.12541,0.0536,0.2368,0.12318,0.15982,0.1736,0.34269,1,0.2477,0.035388,0.074472,0.21229,0.27572,0.13311,0.13724,0.17417,0.18696,0.17561,0.13981,0.2741,0.17949,0.18873,0.45771,0.30272,0.31766,0.35251,0.34078,0.17671,0.17974,0.24673,0.2936,0.18207,0.32787,0.016952,0.10799,0.086589,0.145,0.098591,0.12625,0.056518,0.056563
0.075226,0.54643,0.032015,0.46227,0.14736,0.50406,0.37526,0.040352,0.155,0.28247,0.52619,0.15862,0.04659,-0.06124,0.53195,0.58776,0.27561,0.80549,0.068032,-0.031959,0.57995,0.7251,0.65919,0.53301,0.31488,0.52648,0.67572,0.74678,0.4555,0.30202,-0.14443,0.14298,0.16441,0.63933,0.35307,0.58272,0.28348,0.3668,0.42774,0.18853,0.36988,-0.058191,0.3672,0.62348,0.29468,0.50919,0.47884,0.48884,0.40051,0.37811,0.16178,0.51379,0.41409,0.47167,0.15355,0.46973,0.4385,0.053524,0.23419,0.2777,0.42687,0.47243,0.1393,0.24905,0.53645,0.56845,0.2477,1,-0.093573,0.048797,0.56031,0.75052,0.69896,0.5606,0.31705,0.5832,0.68345,0.79418,0.55732,0.57882,0.076399,0.41871,0.43932,0.59746,0.46079,0.66759,0.24957,0.42905,0.50889,0.37938,0.29474,0.3723,0.3643,0.52434,0.22239,0.52458,0.45757,0.48555,0.38692,0.42533
0.17662,-0.082065,0.2724,0.10029,0.10462,0.10979,0.18805,0.22138,0.37847,0.071019,0.10955,0.10036,0.22216,0.18103,0.11284,-0.0049863,0.040068,0.06215,0.2382,0.17787,0.057114,-0.01248,-0.011285,0.10856,0.16681,0.14967,-0.011505,-0.050459,0.10223,0.01533,0.40763,0.25447,0.15805,-0.13969,0.21698,0.18715,0.064958,0.045499,0.12591,0.39394,-0.068265,0.23421,0.132,-0.007977,0.092683,0.094447,0.11469,0.099326,0.1162,0.090753,0.24919,-0.082541,0.041858,0.10755,0.10848,0.14397,0.15618,0.27883,0.44396,0.061391,0.10457,0.095385,0.24676,0.17555,0.095987,-0.017719,0.035388,-0.093573,1,0.2398,0.043862,0.0098049,-0.0081811,0.11435,0.23558,0.13544,-0.010373,-0.0050123,0.15359,0.011519,0.40148,0.13157,0.092269,-0.04963,0.19963,0.10515,0.056873,0.072978,0.058879,0.36886,0.017907,0.094549,0.13122,0.07288,0.10646,0.10989,0.13115,0.10279,0.1295,0.10131
0.16445,0.025588,0.15686,0.18038,0.09932,0.17707,0.1812,0.19329,0.27151,0.09164,0.10465,0.099463,0.12878,0.10617,0.18836,0.097017,0.10769,0.12322,0.12672,0.14361,0.14246,0.11495,0.10033,0.15003,0.2124,0.19772,0.098822,0.066047,0.087597,0.064693,0.22291,0.1933,0.094705,-6.1803e-05,0.17873,0.14655,0.15154,0.13241,0.099157,0.2528,0.024595,0.15109,0.11999,0.098704,0.12358,0.15892,0.18084,0.17101,0.1299,0.10952,0.22488,0.028595,0.03932,0.18542,0.1566,0.20795,0.16638,0.20869,0.34338,0.1141,0.12584,0.10697,0.13252,0.14393,0.17817,0.083762,0.074472,0.048797,0.2398,1,0.12062,0.14337,0.090301,0.16528,0.27854,0.20595,0.098275,0.09608,0.11104,0.1022,0.21906,0.12762,0.063317,0.015697,0.17457,0.13451,0.13307,0.15841,0.088732,0.26577,0.045491,0.13073,0.14665,0.1554,0.15345,0.18208,0.16951,0.16174,0.14174,0.16832
0.13791,0.34897,0.15114,0.43205,0.15847,0.34804,0.40262,0.1321,0.29929,0.28051,0.46431,0.14693,0.1384,0.01528,0.488,0.44357,0.24692,0.5344,0.14281,0.073682,0.67076,0.57414,0.46479,0.4894,0.39645,0.60274,0.45208,0.44725,0.34948,0.23273,0.11742,0.23454,0.20834,0.37045,0.38823,0.48611,0.27714,0.30431,0.35953,0.31705,0.261,0.090285,0.38677,0.42151,0.27047,0.44483,0.43836,0.42833,0.43586,0.31747,0.17763,0.32015,0.25071,0.4344,0.15524,0.32214,0.43152,0.15693,0.28693,0.28149,0.40151,0.28908,0.14216,0.12623,0.48866,0.41645,0.21229,0.56031,0.043862,0.12062,1,0.59102,0.49354,0.52933,0.39061,0.61072,0.46814,0.49555,0.3625,0.4123,0.16176,0.33372,0.30134,0.33909,0.44371,0.50915,0.28447,0.39936,0.35177,0.35957,0.16984,0.29125,0.38848,0.44334,0.21932,0.46449,0.44408,0.43755,0.43491,0.39853
0.21755,0.49394,0.12483,0.51054,0.17482,0.41783,0.42535,0.1304,0.24299,0.28016,0.52801,0.23545,0.082545,0.049308,0.5752,0.55529,0.29799,0.6689,0.10065,0.040388,0.5986,0.72986,0.62964,0.59028,0.42965,0.61274,0.57426,0.56603,0.34641,0.36972,-0.022525,0.24405,0.22055,0.51667,0.4068,0.53238,0.41672,0.45053,0.38316,0.26727,0.35193,0.071827,0.40625,0.58775,0.28538,0.5142,0.50807,0.51228,0.46466,0.36766,0.29376,0.48743,0.36818,0.51334,0.19908,0.43744,0.49044,0.14619,0.33949,0.31137,0.46564,0.52286,0.17619,0.35244,0.57374,0.53965,0.27572,0.75052,0.0098049,0.14337,0.59102,1,0.68359,0.64868,0.47959,0.64708,0.59677,0.64225,0.47247,0.60482,0.16422,0.4681,0.41241,0.52669,0.49394,0.61228,0.37395,0.49414,0.46688,0.40741,0.28291,0.44335,0.45603,0.5689,0.24458,0.52044,0.49385,0.50922,0.48326,0.46969
0.21943,0.39829,0.048025,0.51278,0.17886,0.40476,0.30178,0.078855,0.15307,0.27377,0.4563,0.18201,0.029652,0.0088007,0.51678,0.40333,0.17924,0.61006,0.058533,0.032169,0.52988,0.65658,0.79734,0.75944,0.36241,0.5797,0.57102,0.53536,0.27337,0.36561,-0.066483,0.080085,0.095001,0.38319,0.2681,0.34425,0.33206,0.39011,0.28603,0.16955,0.29654,-0.0092792,0.44229,0.67704,0.26945,0.51555,0.51013,0.51092,0.46359,0.44541,0.27523,0.35934,0.25815,0.51089,0.18432,0.38193,0.35838,0.071033,0.20078,0.28253,0.41731,0.40047,0.067953,0.22137,0.51376,0.3972,0.13311,0.69896,-0.0081811,0.090301,0.49354,0.68359,1,0.78055,0.37322,0.629,0.59733,0.61058,0.35365,0.57838,0.044642,0.23262,0.22035,0.36587,0.33384,0.4323,0.30229,0.46645,0.33813,0.25879,0.18005,0.24367,0.46265,0.67033,0.22775,0.52518,0.4918,0.51288,0.45289,0.50697
0.28969,0.31782,0.20346,0.63648,0.20249,0.4095,0.43687,0.18675,0.3404,0.30346,0.52888,0.18336,0.16611,0.056702,0.56487,0.39852,0.20102,0.56787,0.14076,0.091376,0.5622,0.61557,0.72788,0.88128,0.42209,0.68309,0.55833,0.46889,0.31582,0.33249,0.16799,0.21319,0.20306,0.29106,0.39797,0.40534,0.35377,0.3822,0.36759,0.37649,0.25739,0.072529,0.55412,0.6175,0.27146,0.57435,0.61075,0.61507,0.59548,0.58208,0.35689,0.27098,0.21682,0.63831,0.21918,0.36301,0.45356,0.16857,0.32899,0.32708,0.53122,0.27906,0.11683,0.1453,0.54391,0.36528,0.13724,0.5606,0.11435,0.16528,0.52933,0.64868,0.78055,1,0.43898,0.72256,0.57262,0.57143,0.31779,0.50997,0.18047,0.22247,0.19269,0.26728,0.42357,0.44553,0.32271,0.5097,0.33237,0.3772,0.12851,0.21532,0.59378,0.71837,0.26522,0.58332,0.61278,0.62403,0.60859,0.70995
0.43997,0.23259,0.15221,0.43308,0.14067,0.29607,0.30913,0.20499,0.27825,0.22887,0.36346,0.24705,0.045205,0.17138,0.42411,0.31469,0.21003,0.35416,0.093908,0.15706,0.38708,0.41219,0.33999,0.38769,0.58418,0.57766,0.34348,0.26684,0.12364,0.28128,0.12297,0.21818,0.095816,0.17552,0.30963,0.32813,0.41363,0.42462,0.1559,0.30779,0.15205,0.22117,0.32068,0.37205,0.27586,0.41696,0.39618,0.39265,0.34784,0.30037,0.59666,0.23689,0.14754,0.4342,0.21087,0.4266,0.37922,0.21857,0.50153,0.26648,0.35287,0.42276,0.055608,0.44379,0.43007,0.30525,0.17417,0.31705,0.23558,0.27854,0.39061,0.47959,0.37322,0.43898,1,0.62794,0.38602,0.35082,0.26545,0.39346,0.22022,0.30147,0.13216,0.22994,0.39468,0.37989,0.37128,0.43829,0.21421,0.45038,0.12461,0.26133,0.37527,0.45164,0.29632,0.43174,0.38866,0.40184,0.35983,0.38503
0.50164,0.33811,0.23743,0.71513,0.20487,0.46927,0.44766,0.18144,0.38814,0.33,0.55572,0.29218,0.1608,0.16351,0.6473,0.43982,0.23756,0.59972,0.12278,0.11716,0.63393,0.61134,0.59917,0.67099,0.62399,0.85467,0.65747,0.52015,0.30589,0.33733,0.15494,0.24146,0.222,0.35444,0.40421,0.49931,0.47735,0.51309,0.39323,0.44852,0.26269,0.15703,0.53705,0.58775,0.33336,0.69367,0.68413,0.69311,0.59149,0.53546,0.62191,0.31638,0.28945,0.72027,0.23038,0.53101,0.50098,0.19409,0.45117,0.36288,0.55537,0.42166,0.12387,0.35196,0.63371,0.42665,0.18696,0.5832,0.13544,0.20595,0.61072,0.64708,0.629,0.72256,0.62794,1,0.6906,0.62577,0.37598,0.52392,0.21787,0.30567,0.24804,0.35809,0.47893,0.54356,0.46088,0.64262,0.3923,0.52182,0.16769,0.28904,0.57255,0.70109,0.32718,0.70575,0.68919,0.7065,0.58842,0.64922
0.23707,0.37284,0.15309,0.77744,0.18482,0.55038,0.42603,0.084317,0.19688,0.36365,0.44962,0.20487,0.079138,0.031317,0.72145,0.43897,0.20127,0.55733,0.050176,0.0093603,0.49465,0.55225,0.57148,0.53053,0.38243,0.617,0.92218,0.71685,0.30224,0.20882,-0.04659,0.12064,0.21795,0.49928,0.38796,0.50514,0.55755,0.60605,0.53302,0.26316,0.34099,0.017213,0.36551,0.54662,0.37552,0.81021,0.75471,0.78497,0.42845,0.45498,0.33456,0.35946,0.4097,0.78849,0.21516,0.57296,0.5252,0.084068,0.2322,0.39181,0.41906,0.35759,0.11688,0.24592,0.7397,0.43606,0.17561,0.68345,-0.010373,0.098275,0.46814,0.59677,0.59733,0.57262,0.38602,0.6906,1,0.80827,0.39489,0.42744,0.088289,0.27942,0.30168,0.47636,0.49612,0.61138,0.53284,0.7316,0.57107,0.41887,0.24173,0.31505,0.41372,0.65671,0.33163,0.81694,0.76216,0.79124,0.44966,0.55296
0.22475,0.45844,0.14529,0.61851,0.18162,0.5688,0.37622,0.073814,0.20825,0.32357,0.59434,0.24363,0.090435,0.058923,0.63186,0.48164,0.18425,0.69637,0.074533,0.028818,0.50095,0.61009,0.61126,0.55071,0.37884,0.56981,0.79822,0.83467,0.44764,0.35894,-0.045342,0.14242,0.17505,0.51217,0.32503,0.50661,0.43558,0.51759,0.45992,0.24926,0.32586,0.039871,0.50202,0.63028,0.36667,0.66376,0.62892,0.63491,0.52061,0.53943,0.26145,0.40575,0.34356,0.62972,0.19594,0.51371,0.45248,0.068012,0.19938,0.34311,0.55889,0.34348,0.092085,0.22171,0.63972,0.42449,0.13981,0.79418,-0.0050123,0.09608,0.49555,0.64225,0.61058,0.57143,0.35082,0.62577,0.80827,1,0.46469,0.53357,0.033846,0.24395,0.25772,0.43317,0.41757,0.59472,0.40082,0.59482,0.45947,0.33673,0.20505,0.26557,0.52052,0.63539,0.30904,0.66931,0.62536,0.63462,0.51841,0.59917
0.075048,0.32236,0.27267,0.27806,0.11485,0.33519,0.38781,0.098541,0.35045,0.23093,0.37015,0.15656,0.19499,0.034375,0.38512,0.415,0.25404,0.56407,0.18294,0.061148,0.38425,0.43339,0.32696,0.29919,0.22208,0.355,0.38919,0.43129,0.5082,0.19379,0.20767,0.35179,0.37495,0.51924,0.43485,0.62827,0.18509,0.22071,0.4522,0.41107,0.19172,0.07276,0.25853,0.3289,0.1816,0.3039,0.30727,0.31021,0.25695,0.21909,0.19794,0.32914,0.51793,0.29257,0.14457,0.37605,0.42241,0.17046,0.49043,0.21227,0.29347,0.45658,0.37751,0.29086,0.36104,0.46322,0.2741,0.55732,0.15359,0.11104,0.3625,0.47247,0.35365,0.31779,0.26545,0.37598,0.39489,0.46469,1,0.40905,0.50023,0.57485,0.60476,0.62142,0.52512,0.62574,0.14903,0.25236,0.52569,0.58695,0.25327,0.40487,0.28015,0.29507,0.15187,0.32291,0.29538,0.29823,0.25014,0.24009
0.32447,0.4281,0.10314,0.40844,0.14417,0.29644,0.25727,0.057786,0.1603,0.20168,0.49796,0.31165,0.014514,0.14373,0.49092,0.4162,0.19308,0.55286,0.04171,0.058865,0.42345,0.56971,0.5453,0.48869,0.39814,0.49953,0.40921,0.47348,0.29014,0.52616,-0.052845,0.16548,0.15252,0.39643,0.2458,0.36471,0.36515,0.40173,0.19336,0.18125,0.22587,0.11281,0.43655,0.58189,0.19248,0.40055,0.40914,0.4131,0.4355,0.36135,0.35582,0.42162,0.23509,0.40525,0.12784,0.31885,0.33256,0.050613,0.21398,0.22031,0.4564,0.4553,0.075818,0.35579,0.48792,0.42669,0.17949,0.57882,0.011519,0.1022,0.4123,0.60482,0.57838,0.50997,0.39346,0.52392,0.42744,0.53357,0.40905,1,0.057846,0.3361,0.23645,0.38951,0.3187,0.4336,0.31513,0.39047,0.25003,0.24077,0.17147,0.29553,0.46266,0.50051,0.15164,0.37483,0.38372,0.40338,0.43488,0.39209
0.084237,-0.019424,0.46905,0.11771,0.11909,0.17284,0.37926,0.24339,0.55274,0.16569,0.1004,0.082094,0.46734,0.11839,0.1752,0.16361,0.15934,0.21156,0.29767,0.16533,0.18827,0.09956,0.016623,0.1569,0.13792,0.23757,0.077967,-0.0018936,0.32017,-0.090478,0.60225,0.45379,0.49607,0.14749,0.4233,0.50014,0.10296,0.061041,0.46128,0.60821,0.050596,0.17504,0.09734,-0.027484,0.10605,0.14224,0.16,0.13491,0.1076,0.071624,0.22266,0.01279,0.52048,0.13074,0.1608,0.30651,0.34462,0.35478,0.71669,0.13248,0.084967,0.33567,0.68796,0.24624,0.14008,0.21719,0.18873,0.076399,0.40148,0.21906,0.16176,0.16422,0.044642,0.18047,0.22022,0.21787,0.088289,0.033846,0.50023,0.057846,1,0.53778,0.62352,0.42758,0.45045,0.40068,0.074642,0.12009,0.52566,0.72034,0.2207,0.38806,0.08287,0.064067,0.11409,0.16677,0.16604,0.13609,0.11573,0.11819
-0.0091566,0.31789,0.18573,0.18024,0.094996,0.18381,0.45311,0.20475,0.29474,0.19718,0.18967,0.070784,0.1105,-0.064465,0.30111,0.45883,0.43378,0.37117,0.14635,0.054429,0.37287,0.40343,0.153,0.18752,0.23938,0.31697,0.24917,0.21487,0.309,0.067061,0.17343,0.49697,0.37689,0.49586,0.52528,0.58405,0.25859,0.26061,0.3764,0.33099,0.26034,0.10111,0.060871,0.16991,0.13471,0.22839,0.18745,0.20551,0.10792,0.05938,0.17317,0.40284,0.52556,0.18706,0.1423,0.32093,0.47996,0.27474,0.51847,0.18189,0.10107,0.53957,0.40896,0.36151,0.29344,0.54925,0.45771,0.41871,0.13157,0.12762,0.33372,0.4681,0.23262,0.22247,0.30147,0.30567,0.27942,0.24395,0.57485,0.3361,0.53778,1,0.66584,0.67791,0.60834,0.6163,0.22262,0.24345,0.56502,0.59898,0.32767,0.62381,0.053002,0.14808,0.13333,0.24074,0.16837,0.19201,0.10056,0.094367
-0.068801,0.21178,0.33859,0.1497,0.099752,0.22282,0.37566,0.036893,0.30288,0.16854,0.16644,0.076088,0.2742,-0.0083357,0.25984,0.38396,0.22689,0.42525,0.18257,-0.0056311,0.32368,0.33881,0.17169,0.17086,0.056844,0.26506,0.29148,0.27017,0.33897,-0.0043141,0.20883,0.31291,0.58911,0.5392,0.4263,0.63889,0.15357,0.13711,0.56637,0.36412,0.26802,0.017127,0.038688,0.12013,0.10486,0.19421,0.18167,0.18678,0.065467,0.03686,0.043241,0.27179,0.72436,0.16047,0.11106,0.31678,0.38427,0.15324,0.46962,0.13213,0.085628,0.49823,0.63712,0.29091,0.2457,0.48401,0.30272,0.43932,0.092269,0.063317,0.30134,0.41241,0.22035,0.19269,0.13216,0.24804,0.30168,0.25772,0.60476,0.23645,0.62352,0.66584,1,0.81078,0.51378,0.60894,0.11304,0.14763,0.74346,0.59933,0.42062,0.54214,0.029325,0.091242,0.057988,0.20648,0.18404,0.17997,0.073194,0.086758
0.015559,0.36872,0.28588,0.25192,0.1169,0.29296,0.37928,-0.017075,0.13316,0.22188,0.24179,0.17918,0.10408,-0.025418,0.36762,0.4656,0.26285,0.50682,0.040738,-0.077384,0.36642,0.46138,0.32389,0.23981,0.15264,0.34986,0.46381,0.46006,0.33924,0.13878,-0.011036,0.2344,0.5249,0.73146,0.44126,0.63261,0.28047,0.28764,0.58524,0.19877,0.35482,-0.024454,0.095827,0.28818,0.18191,0.30979,0.26358,0.2859,0.11925,0.11755,0.14367,0.40829,0.77353,0.25062,0.13233,0.40745,0.4291,0.063068,0.35052,0.19219,0.15712,0.62199,0.43381,0.37896,0.36011,0.56892,0.31766,0.59746,-0.04963,0.015697,0.33909,0.52669,0.36587,0.26728,0.22994,0.35809,0.47636,0.43317,0.62142,0.38951,0.42758,0.67791,0.81078,1,0.53998,0.68762,0.2213,0.266,0.78724,0.5181,0.43235,0.55444,0.092183,0.22995,0.12812,0.30571,0.24777,0.27253,0.11168,0.16301
0.035998,0.28864,0.2679,0.4645,0.14476,0.3006,0.67085,0.23229,0.35977,0.35857,0.34117,0.041414,0.066471,-0.13157,0.49454,0.50688,0.38191,0.4404,0.19745,0.058523,0.47214,0.44988,0.27061,0.39157,0.34061,0.45274,0.46942,0.37857,0.32686,0.06797,0.20064,0.39388,0.37142,0.41904,0.81243,0.71749,0.27907,0.3237,0.55251,0.45506,0.25129,0.047969,0.22037,0.27741,0.28358,0.45149,0.46822,0.46935,0.27885,0.25884,0.215,0.28557,0.45155,0.47629,0.19838,0.39163,0.73333,0.29747,0.5364,0.34494,0.25086,0.35957,0.25562,0.19888,0.48854,0.56433,0.35251,0.46079,0.19963,0.17457,0.44371,0.49394,0.33384,0.42357,0.39468,0.47893,0.49612,0.41757,0.52512,0.3187,0.45045,0.60834,0.51378,0.53998,1,0.78032,0.27244,0.40488,0.6331,0.70184,0.23908,0.46504,0.22136,0.3287,0.25453,0.49345,0.46574,0.45834,0.28649,0.30449
0.078072,0.4105,0.26972,0.46283,0.14965,0.42106,0.59583,0.14251,0.33781,0.33355,0.45325,0.12669,0.12227,-0.073971,0.53996,0.59431,0.36557,0.62877,0.16357,0.035626,0.54368,0.56782,0.39914,0.42298,0.34858,0.52729,0.60306,0.57889,0.44865,0.15641,0.11571,0.33296,0.40901,0.61018,0.67561,0.81106,0.3117,0.34928,0.64027,0.4274,0.32772,0.017382,0.28411,0.39066,0.29554,0.48593,0.46195,0.47493,0.34757,0.27564,0.22367,0.40024,0.56274,0.47001,0.18428,0.46685,0.67355,0.208,0.48586,0.32688,0.36495,0.46881,0.28977,0.2621,0.52912,0.64502,0.34078,0.66759,0.10515,0.13451,0.50915,0.61228,0.4323,0.44553,0.37989,0.54356,0.61138,0.59472,0.62574,0.4336,0.40068,0.6163,0.60894,0.68762,0.78032,1,0.28606,0.40912,0.71959,0.66691,0.29972,0.47087,0.28488,0.3708,0.24743,0.50436,0.46022,0.46762,0.34897,0.33132
0.33242,0.19739,0.15182,0.46408,0.12975,0.27988,0.25856,0.13859,0.23239,0.17619,0.22778,0.22722,0.085113,0.18263,0.50612,0.2612,0.19384,0.18411,0.030321,0.11182,0.31739,0.30004,0.2678,0.27815,0.39021,0.44846,0.45059,0.26246,0.0222,0.21078,0.062426,0.1909,0.13402,0.18697,0.21378,0.22332,0.81425,0.76637,0.21528,0.22657,0.2093,0.17228,0.20798,0.30829,0.23013,0.51533,0.43049,0.44233,0.26683,0.20176,0.37701,0.22464,0.17967,0.46558,0.17745,0.39301,0.33057,0.12515,0.25213,0.23502,0.26035,0.30785,0.059073,0.31905,0.55113,0.25495,0.17671,0.24957,0.056873,0.13307,0.28447,0.37395,0.30229,0.32271,0.37128,0.46088,0.53284,0.40082,0.14903,0.31513,0.074642,0.22262,0.11304,0.2213,0.27244,0.28606,1,0.82304,0.28301,0.28233,0.13647,0.25748,0.2994,0.43203,0.23318,0.5235,0.40982,0.46692,0.31521,0.33176
0.36753,0.25799,0.15089,0.67108,0.16592,0.40341,0.36317,0.18332,0.28919,0.27758,0.36973,0.21458,0.1098,0.13121,0.61734,0.3291,0.22499,0.35215,0.077899,0.092349,0.42439,0.42038,0.41514,0.44841,0.44741,0.59073,0.649,0.43368,0.15274,0.23283,0.089815,0.21896,0.14011,0.25413,0.31952,0.33462,0.74152,0.80584,0.31322,0.33139,0.25102,0.14655,0.33578,0.45525,0.29867,0.70583,0.63346,0.64509,0.40193,0.37331,0.44145,0.26603,0.21672,0.67831,0.2191,0.50466,0.45489,0.16462,0.31179,0.34199,0.39744,0.31007,0.068245,0.29232,0.65369,0.31971,0.17974,0.42905,0.072978,0.15841,0.39936,0.49414,0.46645,0.5097,0.43829,0.64262,0.7316,0.59482,0.25236,0.39047,0.12009,0.24345,0.14763,0.266,0.40488,0.40912,0.82304,1,0.35407,0.394,0.13955,0.27422,0.42304,0.60473,0.28853,0.73354,0.63364,0.67647,0.44976,0.51029
0.011037,0.26614,0.40813,0.34223,0.15131,0.36146,0.51609,0.10467,0.27993,0.30225,0.25149,0.14293,0.25242,-0.029446,0.41814,0.41526,0.22841,0.44521,0.10908,-0.024403,0.37912,0.39103,0.32222,0.3116,0.16597,0.39742,0.55164,0.46761,0.32165,0.025207,0.15109,0.25292,0.58162,0.56517,0.57326,0.67722,0.31168,0.2973,0.78728,0.34443,0.35775,-0.015698,0.13322,0.21673,0.25674,0.41265,0.3654,0.37738,0.18893,0.17145,0.12516,0.26722,0.82447,0.35152,0.18712,0.4838,0.54563,0.18138,0.44347,0.27805,0.18591,0.4823,0.55863,0.23994,0.40852,0.49918,0.24673,0.50889,0.058879,0.088732,0.35177,0.46688,0.33813,0.33237,0.21421,0.3923,0.57107,0.45947,0.52569,0.25003,0.52566,0.56502,0.74346,0.78724,0.6331,0.71959,0.28301,0.35407,1,0.62604,0.42281,0.51596,0.13967,0.25891,0.22299,0.44201,0.36253,0.37217,0.19784,0.23777
0.17939,0.15746,0.40288,0.40863,0.16321,0.37538,0.56797,0.29949,0.59266,0.2948,0.30939,0.11771,0.35315,0.051197,0.43355,0.37474,0.31415,0.44927,0.2922,0.1467,0.3855,0.32846,0.21291,0.3371,0.35445,0.47451,0.40443,0.26916,0.37808,-0.020082,0.44704,0.46732,0.43578,0.32866,0.62557,0.71052,0.29907,0.30117,0.55861,0.68781,0.16198,0.14405,0.21646,0.19164,0.26576,0.42933,0.42652,0.41592,0.2463,0.23353,0.4239,0.17983,0.50997,0.42592,0.23078,0.5275,0.57239,0.38908,0.82816,0.28322,0.24402,0.44766,0.51513,0.33928,0.40942,0.41153,0.2936,0.37938,0.36886,0.26577,0.35957,0.40741,0.25879,0.3772,0.45038,0.52182,0.41887,0.33673,0.58695,0.24077,0.72034,0.59898,0.59933,0.5181,0.70184,0.66691,0.28233,0.394,0.62604,1,0.24397,0.44187,0.23163,0.29557,0.26877,0.47704,0.42687,0.42085,0.27562,0.30029
-0.02633,0.18404,0.11353,0.11423,0.064229,0.18821,0.16965,0.050332,0.073985,0.11309,0.1143,0.091899,0.13081,0.012862,0.17637,0.22959,0.14483,0.24442,0.0081192,-0.018696,0.20343,0.24271,0.16792,0.11616,0.070079,0.16402,0.22069,0.22034,0.11845,0.040508,-0.015723,0.11137,0.24111,0.31018,0.18413,0.27161,0.1809,0.16322,0.2957,0.081504,0.21803,0.005707,0.029185,0.11801,0.1314,0.15499,0.13114,0.11972,0.054189,0.031578,0.028771,0.18415,0.41668,0.11364,0.098286,0.24745,0.2078,0.16147,0.17803,0.11304,0.081396,0.33408,0.32369,0.20786,0.1843,0.26613,0.18207,0.29474,0.017907,0.045491,0.16984,0.28291,0.18005,0.12851,0.12461,0.16769,0.24173,0.20505,0.25327,0.17147,0.2207,0.32767,0.42062,0.43235,0.23908,0.29972,0.13647,0.13955,0.42281,0.24397,1,0.35674,0.028154,0.10484,0.1115,0.15664,0.11423,0.1208,0.05948,0.060015
0.040051,0.27883,0.20337,0.21293,0.12201,0.21967,0.37521,0.16577,0.23353,0.19122,0.17325,0.17618,0.14428,0.056129,0.32366,0.37044,0.32192,0.32748,0.10084,0.030365,0.34138,0.37506,0.19407,0.19207,0.21033,0.30768,0.29571,0.24833,0.19659,0.107,0.12373,0.39092,0.33552,0.41345,0.39772,0.43499,0.30012,0.28861,0.3534,0.24279,0.27558,0.18762,0.061909,0.16437,0.17539,0.27687,0.22305,0.23092,0.10994,0.077283,0.15936,0.29881,0.48511,0.20864,0.14384,0.31546,0.38224,0.19989,0.37759,0.18582,0.098725,0.52404,0.43749,0.4117,0.32501,0.43016,0.32787,0.3723,0.094549,0.13073,0.29125,0.44335,0.24367,0.21532,0.26133,0.28904,0.31505,0.26557,0.40487,0.29553,0.38806,0.62381,0.54214,0.55444,0.46504,0.47087,0.25748,0.27422,0.51596,0.44187,0.35674,1,0.062153,0.17734,0.12728,0.26156,0.1975,0.21584,0.10439,0.11787
0.40746,0.19694,0.19202,0.50408,0.17627,0.32012,0.25712,0.11915,0.29617,0.20197,0.64976,0.23441,0.1439,0.19075,0.44633,0.24834,0.059852,0.43362,0.10298,0.10205,0.37435,0.41853,0.47839,0.56719,0.39242,0.55835,0.40863,0.40098,0.28834,0.41243,0.14031,0.14365,0.10793,0.14151,0.20846,0.25449,0.33082,0.36561,0.21349,0.31487,0.11983,0.15162,0.69663,0.50314,0.20663,0.42787,0.47587,0.47146,0.6749,0.50841,0.38787,0.18644,0.090242,0.5026,0.18288,0.28495,0.29088,0.11081,0.23504,0.23589,0.68838,0.16457,0.040887,0.14904,0.42733,0.18007,0.016952,0.3643,0.13122,0.14665,0.38848,0.45603,0.46265,0.59378,0.37527,0.57255,0.41372,0.52052,0.28015,0.46266,0.08287,0.053002,0.029325,0.092183,0.22136,0.28488,0.2994,0.42304,0.13967,0.23163,0.028154,0.062153,1,0.61403,0.22275,0.40631,0.48633,0.48105,0.73575,0.62674
0.39978,0.30372,0.10608,0.66492,0.19266,0.42797,0.31227,0.13854,0.24008,0.31083,0.48982,0.21093,0.073227,0.10033,0.58542,0.32743,0.16543,0.49471,0.081035,0.068986,0.47396,0.53328,0.64513,0.67106,0.46114,0.64814,0.62466,0.49986,0.24858,0.34911,0.037162,0.12054,0.089554,0.26452,0.25893,0.2971,0.45836,0.5123,0.25892,0.2726,0.23079,0.084475,0.51637,0.64895,0.30701,0.63516,0.63477,0.64618,0.5437,0.57039,0.43101,0.27277,0.18451,0.66582,0.20924,0.41244,0.38537,0.13891,0.24427,0.34163,0.51746,0.27895,0.025151,0.21385,0.5849,0.30219,0.10799,0.52434,0.07288,0.1554,0.44334,0.5689,0.67033,0.71837,0.45164,0.70109,0.65671,0.63539,0.29507,0.50051,0.064067,0.14808,0.091242,0.22995,0.3287,0.3708,0.43203,0.60473,0.25891,0.29557,0.10484,0.17734,0.61403,1,0.30011,0.64501,0.6252,0.65176,0.56675,0.75186
0.18962,0.14331,0.15047,0.29847,0.14619,0.30815,0.25026,0.1462,0.19585,0.23091,0.21491,0.16203,0.095083,0.079549,0.30563,0.20763,0.11396,0.22845,0.053018,0.083407,0.23958,0.23689,0.25217,0.26101,0.30907,0.30533,0.33579,0.27608,0.13835,0.10332,0.10117,0.11485,0.11315,0.14973,0.22824,0.21911,0.24519,0.25979,0.2387,0.19638,0.14805,0.11219,0.2018,0.22866,0.28939,0.35223,0.31674,0.3117,0.19632,0.2251,0.211,0.12152,0.15721,0.30795,0.23487,0.37415,0.27306,0.12415,0.22866,0.3319,0.2118,0.16626,0.072494,0.14757,0.31858,0.16258,0.086589,0.22239,0.10646,0.15345,0.21932,0.24458,0.22775,0.26522,0.29632,0.32718,0.33163,0.30904,0.15187,0.15164,0.11409,0.13333,0.057988,0.12812,0.25453,0.24743,0.23318,0.28853,0.22299,0.26877,0.1115,0.12728,0.22275,0.30011,1,0.3892,0.31673,0.31582,0.20149,0.26275
0.31999,0.28928,0.2061,0.7742,0.20046,0.50084,0.44842,0.18075,0.32432,0.38069,0.40565,0.21689,0.16144,0.10223,0.71509,0.36038,0.19808,0.47733,0.1209,0.08699,0.49477,0.48372,0.50792,0.54234,0.46019,0.64709,0.78104,0.55551,0.2652,0.20546,0.12769,0.20487,0.20522,0.31681,0.40982,0.44376,0.5223,0.57161,0.45481,0.39473,0.26567,0.11039,0.37037,0.4907,0.39626,0.83585,0.78411,0.79708,0.42186,0.45339,0.41014,0.24939,0.28424,0.78028,0.23254,0.54979,0.53832,0.17979,0.32643,0.43808,0.4022,0.28147,0.14141,0.22207,0.72632,0.33868,0.145,0.52458,0.10989,0.18208,0.46449,0.52044,0.52518,0.58332,0.43174,0.70575,0.81694,0.66931,0.32291,0.37483,0.16677,0.24074,0.20648,0.30571,0.49345,0.50436,0.5235,0.73354,0.44201,0.47704,0.15664,0.26156,0.40631,0.64501,0.3892,1,0.79537,0.81418,0.44362,0.55234
0.34404,0.23975,0.268,0.84712,0.17902,0.45245,0.44693,0.17165,0.35041,0.3505,0.45632,0.24424,0.19627,0.14763,0.75819,0.31877,0.1377,0.47441,0.13434,0.0962,0.45766,0.46407,0.50154,0.57978,0.41346,0.63658,0.74973,0.53422,0.28992,0.258,0.17582,0.19491,0.24555,0.27781,0.40794,0.42597,0.4407,0.46876,0.43599,0.41624,0.22385,0.12741,0.44142,0.49655,0.32217,0.79122,0.8514,0.84259,0.4954,0.50144,0.40564,0.20752,0.25004,0.85088,0.21511,0.44653,0.53944,0.14563,0.2959,0.4098,0.47018,0.21669,0.14465,0.17363,0.76395,0.28321,0.098591,0.45757,0.13115,0.16951,0.44408,0.49385,0.4918,0.61278,0.38866,0.68919,0.76216,0.62536,0.29538,0.38372,0.16604,0.16837,0.18404,0.24777,0.46574,0.46022,0.40982,0.63364,0.36253,0.42687,0.11423,0.1975,0.48633,0.6252,0.31673,0.79537,1,0.84704,0.51722,0.59417
0.35922,0.26782,0.21924,0.86514,0.18156,0.45109,0.44432,0.1584,0.33872,0.32541,0.44845,0.22057,0.15095,0.11156,0.76396,0.34132,0.17106,0.47562,0.11426,0.09607,0.46734,0.48933,0.52479,0.59121,0.43766,0.6586,0.77528,0.54053,0.28215,0.26001,0.13293,0.19444,0.21773,0.30953,0.40147,0.42345,0.50543,0.51611,0.41751,0.39731,0.25168,0.08892,0.43211,0.51782,0.31832,0.81502,0.8336,0.88693,0.48373,0.50606,0.42266,0.23999,0.24317,0.86575,0.2266,0.45667,0.51018,0.14537,0.28205,0.39064,0.45616,0.22984,0.10488,0.17756,0.774,0.31091,0.12625,0.48555,0.10279,0.16174,0.43755,0.50922,0.51288,0.62403,0.40184,0.7065,0.79124,0.63462,0.29823,0.40338,0.13609,0.19201,0.17997,0.27253,0.45834,0.46762,0.46692,0.67647,0.37217,0.42085,0.1208,0.21584,0.48105,0.65176,0.31582,0.81418,0.84704,1,0.51276,0.60255
0.34612,0.20639,0.18734,0.53092,0.17823,0.30821,0.31253,0.13294,0.31182,0.21224,0.64296,0.18328,0.16258,0.14866,0.47207,0.26812,0.096408,0.43028,0.12416,0.11975,0.40864,0.44139,0.44617,0.56946,0.37332,0.56803,0.42625,0.37992,0.27005,0.33619,0.15617,0.15696,0.12941,0.15154,0.26814,0.311,0.3327,0.35405,0.27152,0.34445,0.15453,0.11661,0.63939,0.43828,0.20824,0.44941,0.49882,0.49936,0.7055,0.43743,0.35094,0.19725,0.12413,0.5353,0.17781,0.28301,0.32936,0.13293,0.24562,0.25964,0.68969,0.16466,0.075975,0.10845,0.4502,0.22232,0.056518,0.38692,0.1295,0.14174,0.43491,0.48326,0.45289,0.60859,0.35983,0.58842,0.44966,0.51841,0.25014,0.43488,0.11573,0.10056,0.073194,0.11168,0.28649,0.34897,0.31521,0.44976,0.19784,0.27562,0.05948,0.10439,0.73575,0.56675,0.20149,0.44362,0.51722,0.51276,1,0.59211
0.37992,0.21742,0.21805,0.62154,0.18752,0.44218,0.3378,0.15349,0.30763,0.25488,0.50059,0.23163,0.1521,0.14854,0.51674,0.29537,0.1073,0.46277,0.11603,0.090339,0.40453,0.43553,0.5329,0.64755,0.40595,0.60617,0.56004,0.48269,0.30258,0.30879,0.1613,0.16539,0.16385,0.21455,0.28617,0.30552,0.37215,0.40725,0.31645,0.34191,0.1875,0.13015,0.5434,0.53341,0.27142,0.56125,0.59026,0.59679,0.55728,0.66177,0.40158,0.19027,0.16481,0.63084,0.1977,0.35893,0.3523,0.12454,0.25532,0.28078,0.55582,0.17853,0.066734,0.15143,0.50814,0.22591,0.056563,0.42533,0.10131,0.16832,0.39853,0.46969,0.50697,0.70995,0.38503,0.64922,0.55296,0.59917,0.24009,0.39209,0.11819,0.094367,0.086758,0.16301,0.30449,0.33132,0.33176,0.51029,0.23777,0.30029,0.060015,0.11787,0.62674,0.75186,0.26275,0.55234,0.59417,0.60255,0.59211,1
