1,0.052264,0.53138,0.16916,0.06283,0.28106,0.27566,0.1027,0.70291,0.12061,0.14047,0.51345,0.36,0.50165,0.21585,0.15946,-0.084828,0.44491,0.30542,0.16975,0.07982,0.10699,0.16995,0.13104,0.45113,0.34762,0.169,0.10492,0.24515,0.19566,0.29334,0.082288,0.2987,0.14891,0.30391,0.39694,0.19621,0.17399,0.34694,0.53504,0.033941,0.30215,0.088881,0.12464,0.31059,0.2041,0.25343,0.2005,0.1166,0.073718,0.45439,0.034893,0.33023,0.20905,0.036928,0.18323,0.1458,0.07693,0.56287,0.099727,0.13228,0.34184,0.38266,0.26898,0.21086,0.19815,-0.0060643,0.16834,-0.0007644,0.18193,0.083908,0.040158,0.017067,0.07189,0.39054,0.17231,0.1051,0.036445,0.2153,0.16882,0.2498,0.052257,0.19583,0.13548,0.27053,0.30554,0.21588,0.16103,0.19232,0.5564,-0.025116,0.24532,0.10726,0.16234,0.10496,0.12968,0.18672,0.21799,0.12096,0.04916
0.052264,1,-0.056971,0.32202,0.017167,0.030391,0.058885,0.0092402,-0.050936,0.02992,0.27704,0.13849,-0.13127,-0.036462,0.3591,0.32335,0.12091,0.33128,-0.033272,-0.074573,0.20493,0.38276,0.39471,0.36397,0.18661,0.29765,0.27897,0.26759,0.15889,0.33338,-0.055584,0.19521,0.15913,0.37122,0.055819,0.19651,0.13314,0.18187,0.0097544,-0.12552,0.10166,0.11846,0.21091,0.28673,-0.013304,0.19144,0.28521,0.24858,0.2219,0.22949,0.15685,0.26869,-0.041937,0.33308,0.045819,0.062412,0.068068,-0.034199,0.021165,0.0054167,0.26395,0.17031,-0.12781,0.065793,0.35501,0.25986,0.10935,0.34096,0.031983,0.046627,0.24222,0.33742,0.40432,0.37234,0.17617,0.31695,0.23906,0.2798,0.17102,0.34606,-0.098972,0.18036,0.12409,0.25421,0.088596,0.17232,0.17817,0.1763,0.04742,0.030485,0.1431,0.11655,0.15939,0.21919,0.043655,0.16422,0.28094,0.23019,0.18917,0.18645
0.53138,-0.056971,1,-0.028545,0.13342,0.39808,0.41873,0.19799,0.70537,0.27249,-0.05169,0.39022,0.56155,0.51742,0.029446,-0.0045724,-0.083157,0.14359,0.30379,0.20784,0.016292,-0.17046,-0.01598,-0.058572,0.2454,0.1339,0.11553,0.13719,0.49061,0.086025,0.46373,0.26052,0.3481,0.15456,0.46238,0.40756,0.21282,0.19754,0.62936,0.76005,-0.047913,0.23499,0.04588,0.10449,0.29637,0.18834,0.18213,0.11037,0.018272,0.038831,0.1003,-0.02464,0.59249,-0.010331,0.090027,0.20421,0.22943,0.12296,0.4272,0.18905,-0.020698,0.17744,0.47756,0.11727,0.017742,0.014871,-0.074889,-0.095691,0.035009,0.068248,0.0066726,-0.21571,-0.12824,-0.08419,0.10962,-0.014526,0.0014129,-0.0054937,0.31054,0.065886,0.43816,0.11631,0.14302,0.098008,0.32758,0.23407,0.11562,0.12126,0.357,0.48474,-0.04422,0.17788,0.077337,0.11201,0.092642,0.088912,0.064237,0.14019,0.066423,0.070534
0.16916,0.32202,-0.028545,1,-0.031241,-0.0011973,0.16307,-0.0044133,-0.035036,0.064334,0.32674,0.097401,-0.16266,-0.04951,0.78238,0.36573,0.049195,0.37822,-0.032824,-0.098968,0.25016,0.41399,0.44734,0.47921,0.2543,0.4347,0.64439,0.31105,0.087232,0.32342,-0.116,0.07572,0.24391,0.37325,0.2759,0.36766,0.46793,0.48479,0.13971,-0.091633,0.076521,0.096801,0.17494,0.35323,-0.010242,0.5199,0.6542,0.64434,0.26876,0.26266,0.23231,0.17039,0.057803,0.79647,0.019833,0.055732,0.16959,-0.027929,0.11264,0.092886,0.28623,0.20856,-0.15557,0.040653,0.75738,0.31126,0.074531,0.40611,0.066061,0.05106,0.29769,0.42824,0.48872,0.46664,0.27512,0.46392,0.60015,0.35973,0.18437,0.37928,-0.14173,0.19005,0.26062,0.34665,0.28378,0.35966,0.50751,0.444,0.20253,0.12825,0.11099,0.132,0.13162,0.33896,0.027172,0.44151,0.64089,0.62793,0.24184,0.19959
0.06283,0.017167,0.13342,-0.031241,1,0.13823,0.10068,0.093452,0.15472,0.14572,0.032506,0.052431,0.14607,0.068705,-0.0059233,0.019018,0.036685,0.0066434,0.031023,0.13264,0.025202,0.0028804,0.010464,0.021352,0.092957,0.037588,0.037555,0.048136,0.074894,0.024389,0.093388,0.0875,-0.017338,0.0096517,0.12183,0.06779,0.056992,0.022138,0.13359,0.15479,0.015098,0.092287,0.057022,0.034495,0.13181,0.076964,0.054135,0.029351,0.046056,0.018016,0.020814,0.031064,0.099452,-0.021617,0.049634,0.14066,0.09634,0.068224,0.076334,0.067239,0.052512,0.0039271,0.10253,0.043372,-0.0053342,0.022953,0.0094147,-0.020323,0.0069545,0.038564,0.009584,-0.019613,-0.011533,0.019748,0.044796,-0.0032423,0.023078,0.020718,0.044043,0.031136,0.1138,0.047513,-0.028056,-0.016116,0.10793,0.036274,0.0085027,0.00013683,0.092218,0.076593,0.028224,0.04519,0.082637,0.033727,0.08948,0.069313,0.011341,0.035156,0.053804,0.037396
0.28106,0.030391,0.39808,-0.0011973,0.13823,1,0.20896,0.023727,0.32296,0.17984,0.097056,0.31005,0.45705,0.3283,0.082939,0.14766,-0.12962,0.33195,0.044433,0.1011,0.074306,0.094984,0.23214,0.048953,0.11247,0.10836,0.36902,0.50459,0.2067,0.077367,0.068353,-0.016481,0.11636,0.26811,0.17668,0.12602,0.1942,0.19624,0.6061,0.27372,0.14902,0.11425,0.10841,0.17436,0.44609,0.35918,0.12188,0.23003,0.083718,0.0713,0.066556,0.051813,0.36816,0.065488,0.11494,0.56849,0.087954,-0.016694,0.1698,0.099665,0.082457,0.23558,0.29079,0.28412,0.078477,0.093146,-0.15824,0.22401,-0.025287,0.068042,0.074813,0.01335,0.14402,0.039024,0.076214,0.08768,0.33949,0.34227,0.12977,0.077912,0.0076394,-0.11342,0.074418,0.17328,0.11695,0.084359,0.12196,0.15445,0.48655,0.16168,0.16016,0.1335,0.087711,0.17054,0.346,0.33745,0.10178,0.20399,0.071538,0.13008
0.27566,0.058885,0.41873,0.16307,0.10068,0.20896,1,0.23573,0.41748,0.32622,0.05839,0.030745,0.15898,0.067268,0.20186,0.14542,0.11974,-0.014247,0.13121,0.10614,0.05566,-0.05895,0.014567,0.097185,0.23048,0.20076,0.15928,0.10161,0.28704,0.10093,0.2627,0.29584,0.16007,0.11962,0.66258,0.47988,0.26517,0.2265,0.41948,0.51835,-0.041434,0.063475,0.06372,0.12121,0.18932,0.24092,0.31536,0.18793,0.069811,0.10379,0.11053,0.022183,0.4035,0.20568,0.12891,0.205,0.5139,0.20553,0.36346,0.30687,0.072823,0.014958,0.16788,-0.058625,0.19766,0.19314,0.095146,-0.05702,0.15073,0.032984,0.078188,-0.045089,0.01705,0.092406,0.2095,0.15205,0.12315,0.049767,0.25582,0.082674,0.33896,0.32453,0.10233,0.14303,0.58683,0.41768,0.19383,0.19322,0.37072,0.38817,0.019114,0.068524,0.09327,0.12752,0.13176,0.16128,0.18436,0.19879,0.12409,0.11642
0.1027,0.0092402,0.19799,-0.0044133,0.093452,0.023727,0.23573,1,0.24708,0.18401,0.020578,0.029437,0.14614,0.10374,0.0042636,-0.041426,0.23555,-0.1415,0.15668,0.14359,0.042175,-0.057816,-0.073523,0.043044,0.22022,0.11405,-0.043961,-0.049048,0.18431,0.059743,0.28886,0.31141,-0.055234,-0.065483,0.28651,0.14727,0.099025,0.064151,0.080451,0.31804,0.033133,0.13928,0.073846,0.034402,0.085114,0.069275,0.081961,0.0070241,0.082673,0.096103,-0.03599,0.037903,0.090459,-0.025132,0.088949,-0.010491,0.19454,0.26719,0.06123,0.18752,0.06979,-0.11922,0.075165,-0.094848,0.0051883,-0.059927,0.14516,-0.19672,0.085822,0.043685,0.030218,-0.070699,-0.077509,0.040667,0.11856,0.019863,-0.070384,-0.056153,0.032889,0.0010727,0.26512,0.18257,-0.19849,-0.15691,0.23653,0.041359,0.056316,0.05448,-0.0060711,0.049662,-0.035011,0.0089247,0.11227,0.059825,0.066042,0.0037981,0.0053031,0.0035833,0.13457,0.10357
0.70291,-0.050936,0.70537,-0.035036,0.15472,0.32296,0.41748,0.24708,1,0.22947,-0.0010256,0.37966,0.51477,0.52062,0.0076752,0.011075,-0.0082827,0.1534,0.41862,0.3002,0.0056448,-0.13103,-0.077403,-0.017726,0.45095,0.18462,-0.028077,-0.038546,0.38484,0.077464,0.58098,0.2793,0.26603,-0.021525,0.45543,0.38869,0.1902,0.16203,0.38326,0.83249,-0.060434,0.33147,0.033556,0.026409,0.28425,0.14281,0.12184,0.079291,0.04384,0.039054,0.24189,-0.013861,0.43957,-0.0020824,0.10412,0.18997,0.26091,0.21088,0.6023,0.17141,0.041971,0.18245,0.53723,0.15365,0.019548,0.075463,0.02536,-0.090558,0.061073,0.1674,-0.023364,-0.16586,-0.17313,-0.053432,0.31491,-0.0051281,-0.061827,-0.086272,0.27149,0.029887,0.54948,0.14873,0.052607,-0.016043,0.35732,0.26236,0.15741,0.13915,0.20115,0.63694,-0.092345,0.18543,0.10962,0.093735,0.086137,0.071447,0.018759,0.10347,0.091069,0.056038
0.12061,0.02992,0.27249,0.064334,0.14572,0.17984,0.32622,0.18401,0.22947,1,-0.0048637,0.02951,0.16238,0.069197,0.089055,0.049445,0.079942,-0.010596,0.056424,0.10855,0.030476,-0.010334,0.015422,0.035016,0.099566,0.049538,0.14725,0.10241,0.22062,0.030836,0.132,0.15844,0.012846,0.11909,0.4131,0.30784,0.11604,0.11533,0.34321,0.30318,0.018966,0.054075,0.049783,0.064941,0.27521,0.17697,0.24753,0.12962,0.0060656,0.013095,0.050525,0.041343,0.28294,0.079508,0.094459,0.15698,0.32482,0.16163,0.19491,0.30365,0.03326,0.035963,0.12656,0.0357,0.073169,0.072775,0.058818,-0.033786,0.056286,0.02206,0.030382,-0.023656,0.02172,0.028146,0.087083,0.029376,0.11268,0.053331,0.15226,0.05063,0.20276,0.15579,-0.010239,0.035683,0.4004,0.2476,0.045607,0.051013,0.25629,0.18665,0.0094738,0.033138,0.066395,0.068883,0.1694,0.1341,0.14939,0.12407,0.058425,0.022488
0.14047,0.27704,-0.05169,0.32674,0.032506,0.097056,0.05839,0.020578,-0.0010256,-0.0048637,1,0.13445,-0.091846,-0.023967,0.37021,0.35906,0.086723,0.38067,-0.005644,-0.014795,0.44683,0.42759,0.38996,0.52013,0.3282,0.54191,0.33755,0.34457,0.19892,0.4319,-0.0036705,0.10057,0.083502,0.2401,0.025932,0.2286,0.21352,0.24801,-0.0065857,-0.10206,0.086491,0.070226,0.54501,0.44725,0.06426,0.26474,0.25914,0.31882,0.55063,0.47533,0.27286,0.20524,0.0045983,0.40608,0.025074,0.1725,0.079396,0.019678,0.11277,0.0048948,0.60474,0.18874,-0.08191,0.084258,0.42918,0.28953,0.091133,0.40986,0.039515,0.078223,0.46348,0.40459,0.40671,0.54456,0.34913,0.54984,0.34101,0.4301,0.22024,0.4036,-0.086722,0.13483,0.095312,0.20299,0.090417,0.20029,0.27668,0.27542,0.07176,0.091188,0.13847,0.077901,0.46222,0.45575,0.11858,0.28931,0.32925,0.32979,0.49156,0.45187
0.51345,0.13849,0.39022,0.097401,0.052431,0.31005,0.030745,0.029437,0.37966,0.02951,0.13445,1,0.41185,0.61784,0.16274,0.17179,-0.093242,0.48738,0.22255,0.11074,0.083219,0.28186,0.35022,0.13637,0.30619,0.22579,0.17118,0.21249,0.27011,0.31344,0.26257,0.15701,0.2988,0.33621,0.023191,0.12153,0.066578,0.079321,0.21709,0.22289,0.1782,0.38367,0.1418,0.16681,0.263,0.14274,0.15174,0.14052,0.095639,0.035697,0.17983,0.13005,0.10797,0.11031,0.028482,0.12474,-0.11848,-0.048745,0.14683,-0.069066,0.14978,0.38216,0.24558,0.31863,0.16547,0.091703,-0.07424,0.23798,-0.089765,0.097658,0.083849,0.13849,0.15536,0.09354,0.1503,0.07812,0.10195,0.13051,0.12657,0.25356,0.039903,-0.077491,0.087236,0.088609,-0.068561,-0.0078936,0.10952,0.081298,0.04627,0.18035,0.046351,0.2408,0.10685,0.14316,0.095673,0.12207,0.11904,0.14151,0.086754,0.033629
0.36,-0.13127,0.56155,-0.16266,0.14607,0.45705,0.15898,0.14614,0.51477,0.16238,-0.091846,0.41185,1,0.62668,-0.1308,-0.093142,-0.10064,0.071063,0.2762,0.2344,-0.052157,-0.13368,-0.065196,-0.16592,0.18573,-0.0074702,0.0081221,0.042218,0.18221,-0.046035,0.40364,0.11858,0.12784,-0.0011284,0.15111,-0.013379,0.13568,0.088653,0.39978,0.49806,0.084072,0.30047,-0.016694,-0.039626,0.31724,0.13509,-0.019664,0.031603,-0.035785,-0.11532,-0.018755,-0.034052,0.26863,-0.16657,0.088225,0.2202,-0.027303,0.085294,0.15449,0.061929,-0.056202,0.13878,0.5151,0.26513,-0.13261,-0.14006,-0.12533,-0.14141,-0.066073,0.079229,-0.056088,-0.21231,-0.16656,-0.18224,0.047094,-0.1177,-0.026153,-0.095453,-0.012803,-0.077526,0.25799,-0.15733,-0.11004,-0.15945,-0.0082818,-0.1563,0.087135,0.056764,0.14358,0.17353,-0.022572,0.14584,0.020417,0.016131,0.14324,0.10341,-0.094023,0.020922,-0.0064787,-0.066511
0.50165,-0.036462,0.51742,-0.04951,0.068705,0.3283,0.067268,0.10374,0.52062,0.069197,-0.023967,0.61784,0.62668,1,-0.022072,0.0074551,-0.11526,0.29387,0.32758,0.17782,-0.025396,0.036789,0.061802,-0.093341,0.25507,0.060872,0.034023,0.070584,0.16931,0.08843,0.38504,0.14667,0.2715,0.11948,0.068409,0.034703,0.081328,0.059712,0.28831,0.40817,0.12581,0.4431,0.014368,-0.01267,0.26422,0.091945,0.044537,0.057283,0.00010102,-0.07571,0.098485,0.0048264,0.18182,-0.067843,0.050847,0.105,-0.10967,0.0045669,0.18749,-0.043295,0.0020771,0.29993,0.4493,0.3867,-0.025421,-0.049825,-0.11626,0.02044,-0.10089,0.1022,-0.038994,-0.074073,-0.097012,-0.12559,0.07469,-0.085423,-0.017118,-0.053688,-0.0065191,0.040491,0.18679,-0.13901,0.018074,-0.055029,-0.056403,-0.10665,0.087495,0.034807,0.062232,0.20497,-0.025087,0.26247,0.0062317,0.015726,0.072689,0.059216,-0.026318,0.054786,0.0067453,-0.053319
0.21585,0.3591,0.029446,0.78238,-0.0059233,0.082939,0.20186,0.0042636,0.0076752,0.089055,0.37021,0.16274,-0.1308,-0.022072,1,0.40239,0.048589,0.44293,-0.030044,-0.09442,0.27108,0.45177,0.49998,0.50682,0.27928,0.46919,0.68054,0.4062,0.15076,0.38307,-0.099425,0.11089,0.25666,0.43723,0.29934,0.40534,0.47217,0.47647,0.21307,-0.070694,0.084027,0.099494,0.22955,0.41164,0.053129,0.54177,0.69411,0.69683,0.30112,0.30765,0.26251,0.18954,0.13666,0.80033,0.031713,0.12663,0.18654,-0.034011,0.14974,0.11188,0.32363,0.25094,-0.13286,0.094026,0.81608,0.3407,0.090751,0.46359,0.065859,0.049783,0.34871,0.45301,0.51983,0.4934,0.31127,0.5014,0.63427,0.43053,0.23033,0.42413,-0.13617,0.21913,0.27667,0.39038,0.30912,0.4039,0.50756,0.44407,0.27773,0.15863,0.13342,0.15969,0.15986,0.38952,0.084069,0.47931,0.67899,0.67688,0.27975,0.2474
0.15946,0.32335,-0.0045724,0.36573,0.019018,0.14766,0.14542,-0.041426,0.011075,0.049445,0.35906,0.17179,-0.093142,0.0074551,0.40239,1,0.048485,0.45744,-0.029347,-0.10352,0.20156,0.41705,0.39675,0.34791,0.14862,0.30202,0.39266,0.35385,0.11824,0.32297,-0.10857,0.11675,0.27898,0.43297,0.13226,0.31244,0.16347,0.20488,0.15944,-0.10703,0.20601,0.13775,0.20708,0.26752,0.090205,0.24386,0.32621,0.31551,0.2257,0.21565,0.27171,0.2166,0.078753,0.41195,0.0088283,0.22054,0.15385,-0.070922,0.15052,0.039526,0.29532,0.27572,-0.076573,0.20503,0.40673,0.44651,0.081191,0.4791,0.06673,0.050685,0.25671,0.38863,0.39482,0.34771,0.20693,0.35471,0.36216,0.36086,0.19701,0.37041,-0.13778,0.21235,0.28448,0.40046,0.17773,0.32016,0.20478,0.20102,0.22607,0.16141,0.18067,0.16048,0.14047,0.2255,0.12633,0.24417,0.35083,0.31395,0.17998,0.1687
-0.084828,0.12091,-0.083157,0.049195,0.036685,-0.12962,0.11974,0.23555,-0.0082827,0.079942,0.086723,-0.093242,-0.10064,-0.11526,0.048589,0.048485,1,-0.146,0.064443,0.033647,0.064365,0.04652,-0.058699,0.073053,0.14301,0.12035,-0.063369,-0.09683,0.06911,0.059843,0.16118,0.37406,0.02079,0.0061337,0.13076,0.093448,0.026368,0.044637,-0.13787,0.042802,0.0031267,0.10796,0.038255,0.0095585,-0.055993,0.020285,0.057519,0.016668,0.048028,0.068591,0.01828,0.094921,-0.07374,0.041629,0.063538,-0.051397,0.17534,0.18337,0.0089257,0.071796,0.10918,-0.10684,-0.091145,-0.10753,0.074249,0.077717,0.28938,-0.086063,0.10106,0.026237,0.069199,0.070972,-0.001602,0.080361,0.1233,0.10012,-0.050954,-0.033324,0.041351,0.027097,0.1637,0.3332,-0.091367,-0.045156,0.14678,0.068991,0.038173,0.053438,-0.10048,0.011329,0.037259,-0.020573,0.060782,0.016671,-0.024971,0.012632,0.017693,-0.011971,0.10908,0.072454
0.44491,0.33128,0.14359,0.37822,0.0066434,0.33195,-0.014247,-0.1415,0.1534,-0.010596,0.38067,0.48738,0.071063,0.29387,0.44293,0.45744,-0.146,1,0.0043772,-0.067152,0.22403,0.59235,0.68645,0.47609,0.19727,0.36529,0.50823,0.60543,0.1519,0.3897,-0.17257,-0.079068,0.36978,0.57613,-0.0362,0.2889,0.072007,0.15796,0.26691,-0.091236,0.28672,0.20884,0.26065,0.38182,0.20412,0.25243,0.3521,0.34896,0.25211,0.28651,0.37305,0.24275,0.11227,0.42901,-0.0077407,0.26666,-0.078459,-0.20155,0.20376,-0.072399,0.32875,0.51018,0.021886,0.436,0.42877,0.37603,-0.09426,0.76855,-0.085509,0.083656,0.26936,0.47914,0.55421,0.44119,0.22258,0.36155,0.43622,0.53335,0.23015,0.47165,-0.27743,-0.054095,0.38018,0.4847,-0.024925,0.26646,0.13945,0.1192,0.24234,0.21028,0.18947,0.27992,0.14823,0.27434,0.14403,0.2412,0.37987,0.35179,0.14401,0.17894
0.30542,-0.033272,0.30379,-0.032824,0.031023,0.044433,0.13121,0.15668,0.41862,0.056424,-0.005644,0.22255,0.2762,0.32758,-0.030044,-0.029347,0.064443,0.0043772,1,0.16932,-0.015295,-0.079697,-0.096093,-0.030591,0.27464,0.10667,-0.12162,-0.13977,0.14874,0.045883,0.42328,0.26145,0.15658,-0.086443,0.14221,0.089479,0.06233,0.052468,0.0088578,0.37958,-0.026006,0.26917,0.021863,-0.027738,0.073829,0.016364,-0.015752,-0.011507,0.021642,-0.0035257,0.097995,0.017103,0.091971,-0.051373,0.031906,-0.0061246,0.036427,0.13623,0.20814,0.011436,0.029459,0.052998,0.27457,0.069289,-0.01814,-0.012176,0.084436,-0.1285,-0.0055055,0.091583,-0.014445,-0.10568,-0.13028,-0.047153,0.15977,-0.034618,-0.11982,-0.13587,0.069744,-0.02007,0.34944,0.10559,-0.043467,-0.1177,0.05606,-0.009871,0.097965,0.083468,-0.076053,0.25418,-0.089629,0.11713,0.07182,0.0317,-0.033787,0.0045965,-0.0456,-0.0059795,0.077024,0.011034
0.16975,-0.074573,0.20784,-0.098968,0.13264,0.1011,0.10614,0.14359,0.3002,0.10855,-0.014795,0.11074,0.2344,0.17782,-0.09442,-0.10352,0.033647,-0.067152,0.16932,1,0.0059111,-0.072689,-0.061341,-0.011736,0.22047,0.037364,-0.099489,-0.083632,0.11343,-0.001979,0.2645,0.080678,-0.096051,-0.14456,0.12085,0.03259,0.01406,-0.027006,0.054387,0.30788,-0.055345,0.11028,0.01375,-0.026637,0.14695,0.01328,-0.038245,-0.047195,0.026553,-0.0067605,-0.019643,-0.0048598,0.054886,-0.10196,0.081275,0.03264,0.056486,0.14017,0.11054,0.09247,0.014043,-0.045955,0.18096,-0.012918,-0.092208,-0.09445,0.012146,-0.17545,-0.038486,0.088776,-0.024123,-0.093221,-0.097037,-0.022469,0.13461,-0.05116,-0.10236,-0.10489,0.0073894,-0.070631,0.23006,-0.050317,-0.21157,-0.20948,0.085195,-0.0542,-0.025247,-0.03861,-0.054736,0.1021,-0.092054,0.0035072,0.062538,0.02607,0.061483,-0.019771,-0.050561,-0.040305,0.056908,0.016251
0.07982,0.20493,0.016292,0.25016,0.025202,0.074306,0.05566,0.042175,0.0056448,0.030476,0.44683,0.083219,-0.052157,-0.025396,0.27108,0.20156,0.064365,0.22403,-0.015295,0.0059111,1,0.33903,0.27762,0.42477,0.30689,0.54734,0.22685,0.20625,0.16204,0.32,0.020177,0.098857,0.055401,0.14558,0.036727,0.14564,0.21252,0.24281,0.024377,-0.030189,0.0084135,0.065769,0.36227,0.37221,0.02312,0.23486,0.20117,0.25257,0.41296,0.37137,0.1758,0.12551,0.038101,0.2934,0.054202,0.079007,0.051751,0.061458,0.051593,0.003992,0.40984,0.085682,-0.063649,0.01154,0.32643,0.18022,0.067928,0.20959,0.046899,0.047623,0.4658,0.27087,0.28949,0.42138,0.25828,0.51235,0.22113,0.24723,0.17094,0.2935,-0.011126,0.13542,0.040826,0.1027,0.072829,0.11804,0.22516,0.21751,0.043293,0.042104,0.073137,0.033958,0.31954,0.36095,0.055187,0.22455,0.2097,0.25635,0.39584,0.34711
0.10699,0.38276,-0.17046,0.41399,0.0028804,0.094984,-0.05895,-0.057816,-0.13103,-0.010334,0.42759,0.28186,-0.13368,0.036789,0.45177,0.41705,0.04652,0.59235,-0.079697,-0.072689,0.33903,1,0.60528,0.53891,0.23638,0.38781,0.41034,0.38746,0.024587,0.38389,-0.20953,0.025956,0.16757,0.4591,-0.078861,0.14709,0.091981,0.17474,-0.024947,-0.30931,0.2664,0.17495,0.27205,0.3605,0.08846,0.25242,0.33981,0.34239,0.29071,0.26251,0.27292,0.27935,-0.12767,0.44057,0.010347,0.12435,-0.064432,-0.12081,-0.011799,-0.062832,0.38187,0.33013,-0.18131,0.26553,0.45956,0.33227,0.049781,0.60517,-0.02527,0.072066,0.35737,0.5824,0.57708,0.51195,0.25704,0.44216,0.37191,0.40966,0.11037,0.44965,-0.28592,0.055783,0.176,0.30756,-0.027636,0.14924,0.16638,0.16159,0.023709,-0.023705,0.17288,0.17561,0.17805,0.28299,0.10688,0.26274,0.37012,0.30225,0.22128,0.19037
0.16995,0.39471,-0.01598,0.44734,0.010464,0.23214,0.014567,-0.073523,-0.077403,0.015422,0.38996,0.35022,-0.065196,0.061802,0.49998,0.39675,-0.058699,0.68645,-0.096093,-0.061341,0.27762,0.60528,1,0.69666,0.19843,0.43483,0.50738,0.55914,0.158,0.53108,-0.22847,-0.032787,0.15234,0.52244,-0.0028464,0.18952,0.14576,0.2323,0.14764,-0.23345,0.19827,0.088655,0.35167,0.53429,0.11498,0.3139,0.38937,0.36913,0.31697,0.34761,0.20221,0.26684,-0.0013291,0.46777,-0.001232,0.16168,-0.030268,-0.12214,-0.014288,-0.0054881,0.35395,0.35849,-0.18258,0.18393,0.49132,0.28378,-0.04701,0.60898,-0.042675,0.044301,0.34509,0.54423,0.76639,0.6585,0.20607,0.44104,0.41048,0.5054,0.20179,0.56509,-0.32374,-0.022486,0.19356,0.35436,0.017439,0.17462,0.18555,0.19495,0.15183,-0.039868,0.15799,0.15382,0.20623,0.36009,0.1163,0.26472,0.412,0.34844,0.24555,0.25174
0.13104,0.36397,-0.058572,0.47921,0.021352,0.048953,0.097185,0.043044,-0.017726,0.035016,0.52013,0.13637,-0.16592,-0.093341,0.50682,0.34791,0.073053,0.47609,-0.030591,-0.011736,0.42477,0.53891,0.69666,1,0.34068,0.61543,0.39931,0.39284,0.1889,0.51301,-0.077494,0.10529,0.086453,0.302,0.090754,0.24448,0.252,0.32479,-0.0032475,-0.11037,0.067972,0.048847,0.45317,0.56952,-0.0013738,0.32077,0.3769,0.38701,0.48649,0.56034,0.23738,0.23314,-0.021886,0.51599,0.037137,0.052679,0.083454,0.012151,0.053111,0.023679,0.49889,0.16976,-0.18008,-0.017743,0.52751,0.27883,0.063343,0.45068,0.029548,0.06484,0.49052,0.51911,0.71168,0.83115,0.34876,0.60581,0.34435,0.44271,0.23797,0.52577,-0.14071,0.12933,0.10763,0.24517,0.12931,0.22374,0.29677,0.30466,0.037453,0.03407,0.090596,0.086127,0.36794,0.4662,0.038085,0.26366,0.41109,0.38289,0.44632,0.45529
0.45113,0.18661,0.2454,0.2543,0.092957,0.11247,0.23048,0.22022,0.45095,0.099566,0.3282,0.30619,0.18573,0.25507,0.27928,0.14862,0.14301,0.19727,0.27464,0.22047,0.30689,0.23638,0.19843,0.34068,1,0.54171,0.14951,0.067212,0.22597,0.31081,0.36557,0.26803,0.073075,0.038944,0.25551,0.23984,0.26961,0.27618,0.036356,0.35026,-0.014338,0.31198,0.25388,0.26535,0.16686,0.29649,0.26922,0.26305,0.28473,0.28779,0.31312,0.11033,0.097603,0.27622,0.078883,0.081463,0.15916,0.18351,0.30555,0.074349,0.32825,0.14056,0.17512,0.055717,0.30121,0.16229,0.1498,0.08513,0.051863,0.16883,0.29267,0.19436,0.16037,0.3215,0.50894,0.39701,0.14052,0.12216,0.16857,0.23082,0.28065,0.18917,-0.077471,-0.044465,0.23994,0.15925,0.29274,0.272,-0.0081077,0.28815,-0.0093535,0.13836,0.28595,0.33239,0.083558,0.23457,0.21132,0.25792,0.34021,0.29989
0.34762,0.29765,0.1339,0.4347,0.037588,0.10836,0.20076,0.11405,0.18462,0.049538,0.54191,0.22579,-0.0074702,0.060872,0.46919,0.30202,0.12035,0.36529,0.10667,0.037364,0.54734,0.38781,0.43483,0.61543,0.54171,1,0.32776,0.25855,0.27176,0.46003,0.13688,0.22757,0.18273,0.22746,0.18488,0.3187,0.37175,0.3869,0.068515,0.11268,0.011581,0.16234,0.46004,0.48081,0.056166,0.35293,0.35578,0.38077,0.51079,0.48419,0.32845,0.16919,0.13545,0.47529,0.063287,0.11564,0.14971,0.095355,0.21131,0.047414,0.51119,0.17692,-0.002133,-0.0066778,0.49825,0.28707,0.1316,0.30044,0.07974,0.089576,0.55542,0.35554,0.40207,0.58062,0.49393,0.71848,0.28633,0.3089,0.26606,0.40564,0.065709,0.23294,0.14491,0.20365,0.20004,0.25149,0.39585,0.38152,0.10143,0.20299,0.083962,0.12818,0.42845,0.47717,0.062038,0.29654,0.35316,0.39954,0.50257,0.46279
0.169,0.27897,0.11553,0.64439,0.037555,0.36902,0.15928,-0.043961,-0.028077,0.14725,0.33755,0.17118,0.0081221,0.034023,0.68054,0.39266,-0.063369,0.50823,-0.12162,-0.099489,0.22685,0.41034,0.50738,0.39931,0.14951,0.32776,1,0.69237,0.13105,0.30551,-0.23833,-0.088954,0.16926,0.47464,0.25635,0.40339,0.43479,0.48195,0.51882,-0.084858,0.14601,0.035934,0.20247,0.44851,0.2378,0.65756,0.65701,0.71478,0.24685,0.28849,0.23928,0.16409,0.24928,0.68947,0.043694,0.33296,0.16876,-0.084061,0.12198,0.16404,0.28095,0.29971,-0.085776,0.21936,0.66369,0.28993,-0.044233,0.52719,0.0030762,0.033996,0.28728,0.37363,0.51668,0.39281,0.18911,0.41973,0.83451,0.61789,0.19923,0.37794,-0.26486,0.028863,0.24539,0.39414,0.292,0.38992,0.40902,0.40386,0.50447,0.10596,0.17066,0.1358,0.10198,0.41988,0.26768,0.605,0.66592,0.69137,0.17653,0.21183
0.10492,0.26759,0.13719,0.31105,0.048136,0.50459,0.10161,-0.049048,-0.038546,0.10241,0.34457,0.21249,0.042218,0.070584,0.4062,0.35385,-0.09683,0.60543,-0.13977,-0.083632,0.20625,0.38746,0.55914,0.39284,0.067212,0.25855,0.69237,1,0.2208,0.33785,-0.24333,-0.088101,0.13091,0.48838,0.098398,0.27483,0.15304,0.21164,0.47107,-0.11178,0.1707,0.0093545,0.31107,0.50505,0.24737,0.38586,0.37569,0.39175,0.28102,0.48541,0.16012,0.18212,0.22509,0.36813,0.057252,0.39084,0.060467,-0.11222,0.038283,0.058161,0.29025,0.26779,-0.090424,0.23541,0.36743,0.24484,-0.090272,0.58968,-0.040352,-0.0071345,0.24095,0.31847,0.49051,0.409,0.088309,0.32843,0.5782,0.75182,0.21754,0.3629,-0.3048,-0.031684,0.21269,0.39922,0.10295,0.24624,0.11595,0.15875,0.4615,0.0046466,0.21747,0.11793,0.17975,0.35166,0.27129,0.35431,0.37529,0.37244,0.17849,0.38261
0.24515,0.15889,0.49061,0.087232,0.074894,0.2067,0.28704,0.18431,0.38484,0.22062,0.19892,0.27011,0.18221,0.16931,0.15076,0.11824,0.06911,0.1519,0.14874,0.11343,0.16204,0.024587,0.158,0.1889,0.22597,0.27176,0.13105,0.2208,1,0.31631,0.44008,0.42934,0.31939,0.34221,0.29657,0.45031,0.11896,0.14686,0.28367,0.42846,-0.03399,0.16804,0.27045,0.26413,0.11049,0.12305,0.204,0.11418,0.22555,0.27474,0.09406,0.11578,0.34595,0.11632,0.055103,0.14009,0.20678,0.1032,0.25551,0.13708,0.22843,0.11502,0.15404,-0.037124,0.16299,0.098988,0.073268,0.03768,0.10269,0.039109,0.15246,0.008759,0.076871,0.18615,0.16371,0.16398,0.046381,0.18352,0.49595,0.24183,0.34169,0.28233,0.091928,0.18903,0.25606,0.29088,0.098261,0.14188,0.16499,0.3464,-0.004714,0.067408,0.26933,0.2196,0.048572,0.089803,0.13925,0.15311,0.24927,0.28427
0.19566,0.33338,0.086025,0.32342,0.024389,0.077367,0.10093,0.059743,0.077464,0.030836,0.4319,0.31344,-0.046035,0.08843,0.38307,0.32297,0.059843,0.3897,0.045883,-0.001979,0.32,0.38389,0.53108,0.51301,0.31081,0.46003,0.30551,0.33785,0.31631,1,0.077603,0.19125,0.16384,0.3248,0.079678,0.22377,0.16538,0.22232,0.044893,-0.027533,0.060646,0.14879,0.40718,0.50448,0.031426,0.22539,0.28515,0.27578,0.38414,0.42673,0.18844,0.23892,0.018502,0.34957,0.0090767,0.045939,0.042492,0.020772,0.068957,0.0014284,0.41458,0.24277,-0.10192,0.038585,0.39079,0.23281,0.06292,0.33108,0.0011829,0.060529,0.3305,0.37271,0.48725,0.51771,0.25261,0.40586,0.22702,0.34174,0.26478,0.49629,-0.056648,0.13867,0.080346,0.20619,0.074321,0.16179,0.22083,0.22831,0.017674,0.05946,0.068303,0.10688,0.33284,0.40119,0.058404,0.19258,0.29305,0.27603,0.35593,0.35931
0.29334,-0.055584,0.46373,-0.116,0.093388,0.068353,0.2627,0.28886,0.58098,0.132,-0.0036705,0.26257,0.40364,0.38504,-0.099425,-0.10857,0.16118,-0.17257,0.42328,0.2645,0.020177,-0.20953,-0.22847,-0.077494,0.36557,0.13688,-0.23833,-0.24333,0.44008,0.077603,1,0.5421,0.17879,-0.08657,0.26838,0.15303,0.10422,0.07903,0.032814,0.63046,-0.094752,0.33525,0.054943,-0.048689,0.067103,0.017397,-0.035025,-0.053298,0.088725,0.023627,-0.048044,0.0020589,0.15955,-0.1198,0.095909,-0.017408,0.12278,0.23856,0.23099,0.066767,0.053643,-0.039349,0.36359,-0.061256,-0.07677,-0.064144,0.1422,-0.33916,0.076945,0.10297,-0.028144,-0.21304,-0.26276,-0.090691,0.18088,-0.068396,-0.22597,-0.20767,0.1947,-0.051217,0.63552,0.23163,-0.18076,-0.20445,0.14503,-0.016442,0.11708,0.11731,-0.10921,0.31113,-0.12805,0.04156,0.16228,0.045559,-0.057162,-0.01214,-0.12013,-0.032659,0.16096,0.10547
0.082288,0.19521,0.26052,0.07572,0.0875,-0.016481,0.29584,0.31141,0.2793,0.15844,0.10057,0.15701,0.11858,0.14667,0.11089,0.11675,0.37406,-0.079068,0.26145,0.080678,0.098857,0.025956,-0.032787,0.10529,0.26803,0.22757,-0.088954,-0.088101,0.42934,0.19125,0.5421,1,0.2812,0.18241,0.27954,0.27422,0.095039,0.099778,-0.010888,0.34853,-0.020442,0.34873,0.11802,0.060177,-0.025498,0.052188,0.11188,0.050661,0.13327,0.12572,-0.025147,0.15182,0.06298,0.040041,0.092167,-0.040983,0.20169,0.23023,0.078076,0.070922,0.13754,-0.054667,0.072592,-0.10196,0.10864,0.089373,0.287,-0.15001,0.13694,0.05191,0.10081,0.020604,-0.029644,0.0985,0.14853,0.094695,-0.1216,-0.058556,0.20491,0.10844,0.43616,0.48511,-0.056408,-0.0072448,0.18195,0.10021,0.10721,0.11853,-0.088885,0.15607,0.0079331,0.088864,0.16042,0.062853,-0.057261,0.014849,0.017582,0.030064,0.19028,0.15605
0.2987,0.15913,0.3481,0.24391,-0.017338,0.11636,0.16007,-0.055234,0.26603,0.012846,0.083502,0.2988,0.12784,0.2715,0.25666,0.27898,0.02079,0.36978,0.15658,-0.096051,0.055401,0.16757,0.15234,0.086453,0.073075,0.18273,0.16926,0.13091,0.31939,0.16384,0.17879,0.2812,1,0.51165,0.1386,0.39045,0.15219,0.20123,0.25684,0.18698,0.17224,0.24658,0.034179,0.077193,0.012285,0.10977,0.2052,0.17416,0.065438,0.047812,0.1889,0.10022,0.29695,0.24278,-0.005084,0.12,0.07224,-0.10216,0.28063,-0.031478,0.072417,0.30903,0.18319,0.17722,0.25198,0.28677,0.029804,0.27508,0.083841,0.020213,0.073868,0.12744,0.078853,0.049329,0.050248,0.13227,0.10862,0.086195,0.31656,0.20766,0.12211,0.30531,0.55016,0.49787,0.097809,0.34577,0.17556,0.17243,0.22612,0.40415,0.12449,0.25967,0.0030992,0.026172,-0.077146,0.061003,0.16748,0.21134,0.041627,0.0091511
0.14891,0.37122,0.15456,0.37325,0.0096517,0.26811,0.11962,-0.065483,-0.021525,0.11909,0.2401,0.33621,-0.0011284,0.11948,0.43723,0.43297,0.0061337,0.57613,-0.086443,-0.14456,0.14558,0.4591,0.52244,0.302,0.038944,0.22746,0.47464,0.48838,0.34221,0.3248,-0.08657,0.18241,0.51165,1,0.13045,0.4209,0.14491,0.21208,0.33857,-0.094613,0.2766,0.16379,0.16677,0.27392,0.13099,0.25264,0.38195,0.3156,0.1495,0.13846,0.20528,0.247,0.15658,0.38902,0.019081,0.2171,0.065691,-0.14038,0.058457,0.032941,0.20538,0.34868,-0.11933,0.21993,0.40504,0.33331,-0.00080537,0.51678,0.022952,0.0055289,0.18912,0.37469,0.43579,0.29137,0.059293,0.2503,0.37176,0.38915,0.29295,0.4083,-0.16684,0.20306,0.36923,0.55353,0.11835,0.3481,0.13695,0.1529,0.28303,0.13055,0.21801,0.18026,0.07303,0.16232,0.11444,0.22751,0.35164,0.30306,0.092122,0.078255
0.30391,0.055819,0.46238,0.2759,0.12183,0.17668,0.66258,0.28651,0.45543,0.4131,0.025932,0.023191,0.15111,0.068409,0.29934,0.13226,0.13076,-0.0362,0.14221,0.12085,0.036727,-0.078861,-0.0028464,0.090754,0.25551,0.18488,0.25635,0.098398,0.29657,0.079678,0.26838,0.27954,0.1386,0.13045,1,0.60658,0.32293,0.28169,0.51897,0.59797,-0.065033,0.079442,0.020227,0.098091,0.24749,0.32229,0.46453,0.27471,0.034881,0.063329,0.13999,0.011375,0.45948,0.30883,0.12386,0.18603,0.61302,0.23757,0.39593,0.4253,0.052881,0.0016346,0.16513,-0.085967,0.25835,0.18278,0.10966,-0.089498,0.14934,0.025954,0.051526,-0.055287,0.012923,0.082798,0.23575,0.13367,0.20518,0.04568,0.24819,0.094438,0.37231,0.34842,0.081424,0.12602,0.77642,0.52991,0.22149,0.21794,0.44346,0.42957,0.002743,0.070764,0.078885,0.13065,0.17489,0.22405,0.3035,0.27733,0.10862,0.075368
0.39694,0.19651,0.40756,0.36766,0.06779,0.12602,0.47988,0.14727,0.38869,0.30784,0.2286,0.12153,-0.013379,0.034703,0.40534,0.31244,0.093448,0.2889,0.089479,0.03259,0.14564,0.14709,0.18952,0.24448,0.23984,0.3187,0.40339,0.27483,0.45031,0.22377,0.15303,0.27422,0.39045,0.4209,0.60658,1,0.26301,0.27031,0.45776,0.43782,0.012029,0.11161,0.13817,0.22229,0.20058,0.29595,0.48698,0.32349,0.16586,0.19268,0.36282,0.11568,0.46761,0.42235,0.067797,0.1873,0.48042,0.097885,0.4985,0.3244,0.21248,0.20554,0.064033,0.034626,0.38987,0.34868,0.12831,0.23611,0.14289,0.041704,0.18834,0.14956,0.18111,0.23153,0.28425,0.29442,0.32122,0.24,0.44462,0.29253,0.26185,0.41046,0.33896,0.41508,0.63419,0.72838,0.19437,0.21222,0.43627,0.5642,0.063016,0.12971,0.13943,0.19925,0.14386,0.22926,0.40726,0.36294,0.16589,0.14721
0.19621,0.13314,0.21282,0.46793,0.056992,0.1942,0.26517,0.099025,0.1902,0.11604,0.21352,0.066578,0.13568,0.081328,0.47217,0.16347,0.026368,0.072007,0.06233,0.01406,0.21252,0.091981,0.14576,0.252,0.26961,0.37175,0.43479,0.15304,0.11896,0.16538,0.10422,0.095039,0.15219,0.14491,0.32293,0.26301,1,0.81565,0.29927,0.2036,-0.041292,0.086652,0.15545,0.26365,0.058756,0.5736,0.38825,0.50519,0.22802,0.20958,0.13546,0.034686,0.2835,0.48182,0.047059,0.19154,0.22032,0.089975,0.22752,0.14709,0.19554,0.12285,0.15461,0.033877,0.51253,0.18303,0.038094,0.10282,0.118,0.047003,0.25892,0.10349,0.21189,0.23792,0.24481,0.35841,0.42917,0.18383,0.16699,0.17784,0.12507,0.19226,0.18533,0.21981,0.30159,0.25844,0.80445,0.73869,0.32051,0.23187,0.071238,0.12646,0.16441,0.32528,0.07662,0.45923,0.36694,0.54758,0.26916,0.20629
0.17399,0.18187,0.19754,0.48479,0.022138,0.19624,0.2265,0.064151,0.16203,0.11533,0.24801,0.079321,0.088653,0.059712,0.47647,0.20488,0.044637,0.15796,0.052468,-0.027006,0.24281,0.17474,0.2323,0.32479,0.27618,0.3869,0.48195,0.21164,0.14686,0.22232,0.07903,0.099778,0.20123,0.21208,0.28169,0.27031,0.81565,1,0.29383,0.15305,-0.0061189,0.090783,0.15954,0.34238,0.027122,0.66019,0.40426,0.51824,0.225,0.24478,0.137,0.075695,0.27759,0.51685,0.035531,0.19655,0.20358,0.076197,0.21721,0.12458,0.22206,0.17676,0.12243,0.057475,0.53422,0.22043,0.057279,0.18655,0.12747,0.039484,0.27662,0.17168,0.30019,0.29104,0.24615,0.38278,0.49044,0.26075,0.23153,0.24293,0.09582,0.20909,0.20413,0.28149,0.28894,0.28822,0.75536,0.83879,0.3127,0.24341,0.075667,0.11478,0.14584,0.3751,0.080958,0.5593,0.40412,0.55328,0.24799,0.22101
0.34694,0.0097544,0.62936,0.13971,0.13359,0.6061,0.41948,0.080451,0.38326,0.34321,-0.0065857,0.21709,0.39978,0.28831,0.21307,0.15944,-0.13787,0.26691,0.0088578,0.054387,0.024377,-0.024947,0.14764,-0.0032475,0.036356,0.068515,0.51882,0.47107,0.28367,0.044893,0.032814,-0.010888,0.25684,0.33857,0.51897,0.45776,0.29927,0.29383,1,0.4557,0.088345,0.032905,0.024809,0.1657,0.40383,0.40957,0.35718,0.33843,0.0028934,0.010066,0.11385,-0.003965,0.66088,0.20689,0.10378,0.46681,0.34618,0.0055444,0.34303,0.30345,-0.0056409,0.23064,0.31842,0.2102,0.18295,0.13902,-0.14334,0.14518,0.025667,0.002698,0.041458,-0.076219,0.090419,-0.022395,0.0313,0.080915,0.41612,0.25966,0.25227,0.11301,0.096465,0.063941,0.27812,0.33341,0.45549,0.4079,0.15925,0.18132,0.73551,0.34913,0.11884,0.14524,0.0075684,0.13947,0.30062,0.33057,0.28095,0.34108,-0.0097991,0.014376
0.53504,-0.12552,0.76005,-0.091633,0.15479,0.27372,0.51835,0.31804,0.83249,0.30318,-0.10206,0.22289,0.49806,0.40817,-0.070694,-0.10703,0.042802,-0.091236,0.37958,0.30788,-0.030189,-0.30931,-0.23345,-0.11037,0.35026,0.11268,-0.084858,-0.11178,0.42846,-0.027533,0.63046,0.34853,0.18698,-0.094613,0.59797,0.43782,0.2036,0.15305,0.4557,1,-0.15142,0.23106,-0.013278,-0.04534,0.24949,0.12414,0.10544,0.024558,-0.0037288,-0.0078867,0.098517,-0.079702,0.51231,-0.06861,0.1244,0.1459,0.37074,0.28235,0.5208,0.25305,-0.040253,0.01252,0.51023,-0.019748,-0.068395,-0.021572,0.043192,-0.30227,0.099774,0.10076,-0.052632,-0.31586,-0.28339,-0.13991,0.22359,-0.063368,-0.12818,-0.17722,0.27319,-0.075501,0.65965,0.21379,-0.02532,-0.083734,0.4777,0.27914,0.11614,0.12074,0.24561,0.60052,-0.12645,0.089463,0.09277,0.049241,0.073074,0.040017,-0.033799,0.053922,0.072688,0.047543
0.033941,0.10166,-0.047913,0.076521,0.015098,0.14902,-0.041434,0.033133,-0.060434,0.018966,0.086491,0.1782,0.084072,0.12581,0.084027,0.20601,0.0031267,0.28672,-0.026006,-0.055345,0.0084135,0.2664,0.19827,0.067972,-0.014338,0.011581,0.14601,0.1707,-0.03399,0.060646,-0.094752,-0.020442,0.17224,0.2766,-0.065033,0.012029,-0.041292,-0.0061189,0.088345,-0.15142,1,0.1436,0.033039,0.040434,0.092671,0.040362,0.069645,0.078013,0.027115,-0.031949,0.090239,0.13859,-0.0035474,0.089346,0.011998,0.15496,-0.070944,-0.097176,-0.012502,-0.053021,0.085194,0.21254,0.035396,0.24823,0.08154,0.14597,-0.026395,0.27868,-0.013437,0.016327,0.030442,0.18339,0.16081,0.060508,0.0032331,0.042715,0.14831,0.13558,0.019073,0.12372,-0.14948,-0.012553,0.14425,0.19696,-0.050627,0.024251,-0.0081475,-0.0095088,0.10171,-0.0036553,0.14207,0.11365,-0.0017922,-0.0080808,0.10282,0.062736,0.077292,0.056056,-0.018644,-0.059699
0.30215,0.11846,0.23499,0.096801,0.092287,0.11425,0.063475,0.13928,0.33147,0.054075,0.070226,0.38367,0.30047,0.4431,0.099494,0.13775,0.10796,0.20884,0.26917,0.11028,0.065769,0.17495,0.088655,0.048847,0.31198,0.16234,0.035934,0.0093545,0.16804,0.14879,0.33525,0.34873,0.24658,0.16379,0.079442,0.11161,0.086652,0.090783,0.032905,0.23106,0.1436,1,0.049588,0.024092,0.097447,0.10314,0.11743,0.11044,0.069264,0.016911,0.13624,0.12075,0.013452,0.066435,0.044973,-0.00074,-0.014647,0.061756,0.12542,-0.023884,0.10106,0.16951,0.19406,0.22043,0.1003,0.066958,0.092061,0.048041,-0.021552,0.12045,0.038312,0.077793,0.014968,0.014524,0.14979,0.036195,0.014239,-0.029181,0.029139,0.14128,0.20556,0.15033,-0.0031903,-0.010737,0.018654,-0.0081002,0.11152,0.07412,-0.074259,0.15884,0.0020527,0.23971,0.06544,0.037405,0.00070436,0.086544,0.048907,0.082156,0.064055,-0.00020593
0.088881,0.21091,0.04588,0.17494,0.057022,0.10841,0.06372,0.073846,0.033556,0.049783,0.54501,0.1418,-0.016694,0.014368,0.22955,0.20708,0.038255,0.26065,0.021863,0.01375,0.36227,0.27205,0.35167,0.45317,0.25388,0.46004,0.20247,0.31107,0.27045,0.40718,0.054943,0.11802,0.034179,0.16677,0.020227,0.13817,0.15545,0.15954,0.024809,-0.013278,0.033039,0.049588,1,0.47413,0.041405,0.1565,0.1413,0.18046,0.52482,0.4565,0.14921,0.12833,0.021354,0.225,0.031891,0.11402,0.0326,0.042462,0.044666,0.0051553,0.4993,0.094185,-0.049391,-0.0010395,0.26494,0.15885,0.032294,0.24434,0.022416,0.040859,0.37675,0.24947,0.32181,0.4723,0.23538,0.41566,0.16012,0.32808,0.20518,0.36304,-0.019687,0.077939,0.014645,0.088336,0.024745,0.070016,0.17859,0.17974,0.024045,0.012903,0.052135,0.049447,0.51278,0.38451,0.081774,0.15078,0.17142,0.19679,0.46615,0.43092
0.12464,0.28673,0.10449,0.35323,0.034495,0.17436,0.12121,0.034402,0.026409,0.064941,0.44725,0.16681,-0.039626,-0.01267,0.41164,0.26752,0.0095585,0.38182,-0.027738,-0.026637,0.37221,0.3605,0.53429,0.56952,0.26535,0.48081,0.44851,0.50505,0.26413,0.50448,-0.048689,0.060177,0.077193,0.27392,0.098091,0.22229,0.26365,0.34238,0.1657,-0.04534,0.040434,0.024092,0.47413,1,0.08339,0.36338,0.32125,0.35835,0.41459,0.63515,0.17285,0.1846,0.11554,0.39999,0.032918,0.11273,0.075253,0.0029086,0.068926,0.026993,0.40945,0.17858,-0.10815,0.02603,0.43201,0.22836,0.0046437,0.37276,0.048329,0.025078,0.40299,0.34006,0.51901,0.57148,0.24629,0.47181,0.34806,0.49119,0.26877,0.46215,-0.11924,0.081274,0.10098,0.23254,0.11332,0.1842,0.26663,0.29943,0.15326,0.036454,0.072956,0.084816,0.3409,0.52977,0.1011,0.31247,0.35113,0.37203,0.35407,0.49537
0.31059,-0.013304,0.29637,-0.010242,0.13181,0.44609,0.18932,0.085114,0.28425,0.27521,0.06426,0.263,0.31724,0.26422,0.053129,0.090205,-0.055993,0.20412,0.073829,0.14695,0.02312,0.08846,0.11498,-0.0013738,0.16686,0.056166,0.2378,0.24737,0.11049,0.031426,0.067103,-0.025498,0.012285,0.13099,0.24749,0.20058,0.058756,0.027122,0.40383,0.24949,0.092671,0.097447,0.041405,0.08339,1,0.22559,0.1705,0.14856,0.024051,-0.013462,0.16118,0.048828,0.2567,0.043773,0.090078,0.30972,0.16874,0.069922,0.22282,0.20039,0.063998,0.18553,0.21765,0.24895,0.050259,0.069631,-0.053476,0.11388,-0.041522,0.070527,0.032534,0.0252,0.045479,-0.0057552,0.14912,0.033803,0.2023,0.15029,0.063228,0.054483,0.050914,-0.066731,-0.017653,0.014752,0.23112,0.14455,0.012956,-0.002556,0.29493,0.17463,0.05087,0.097597,0.05051,0.11229,0.30336,0.20853,0.13363,0.12974,0.016486,0.014239
0.2041,0.19144,0.18834,0.5199,0.076964,0.35918,0.24092,0.069275,0.14281,0.17697,0.26474,0.14274,0.13509,0.091945,0.54177,0.24386,0.020285,0.25243,0.016364,0.01328,0.23486,0.25242,0.3139,0.32077,0.29649,0.35293,0.65756,0.38586,0.12305,0.22539,0.017397,0.052188,0.10977,0.25264,0.32229,0.29595,0.5736,0.66019,0.40957,0.12414,0.040362,0.10314,0.1565,0.36338,0.22559,1,0.51918,0.66926,0.21847,0.20119,0.17517,0.11239,0.26582,0.56346,0.08496,0.30546,0.22066,0.072008,0.17291,0.16855,0.22566,0.21236,0.081828,0.14393,0.56538,0.2157,0.022751,0.25189,0.077816,0.07211,0.2549,0.21845,0.35171,0.29392,0.26751,0.37032,0.63937,0.3796,0.17158,0.25714,0.009645,0.10755,0.10584,0.2324,0.3228,0.27995,0.54227,0.58414,0.40011,0.17246,0.10509,0.11714,0.12333,0.41174,0.24702,0.69384,0.52847,0.64622,0.21286,0.19704
0.25343,0.28521,0.18213,0.6542,0.054135,0.12188,0.31536,0.081961,0.12184,0.24753,0.25914,0.15174,-0.019664,0.044537,0.69411,0.32621,0.057519,0.3521,-0.015752,-0.038245,0.20117,0.33981,0.38937,0.3769,0.26922,0.35578,0.65701,0.37569,0.204,0.28515,-0.035025,0.11188,0.2052,0.38195,0.46453,0.48698,0.38825,0.40426,0.35718,0.10544,0.069645,0.11743,0.1413,0.32125,0.1705,0.51918,1,0.63323,0.18769,0.20791,0.25738,0.15508,0.24881,0.66717,0.05172,0.14926,0.30208,0.034833,0.22477,0.25444,0.24066,0.23285,-0.046371,0.11335,0.64649,0.27673,0.076177,0.34426,0.04599,0.064321,0.23167,0.33148,0.39918,0.36645,0.27087,0.37496,0.56708,0.3559,0.23296,0.36256,-0.02958,0.2112,0.1998,0.30913,0.45819,0.45197,0.38823,0.33912,0.34386,0.23894,0.082092,0.15981,0.092268,0.32065,0.13584,0.4468,0.64865,0.59653,0.18334,0.14903
0.2005,0.24858,0.11037,0.64434,0.029351,0.23003,0.18793,0.0070241,0.079291,0.12962,0.31882,0.14052,0.031603,0.057283,0.69683,0.31551,0.016668,0.34896,-0.011507,-0.047195,0.25257,0.34239,0.36913,0.38701,0.26305,0.38077,0.71478,0.39175,0.11418,0.27578,-0.053298,0.050661,0.17416,0.3156,0.27471,0.32349,0.50519,0.51824,0.33843,0.024558,0.078013,0.11044,0.18046,0.35835,0.14856,0.66926,0.63323,1,0.24659,0.21299,0.23809,0.14522,0.22489,0.70105,0.07554,0.2393,0.18415,0.0046638,0.17853,0.1556,0.28416,0.26676,0.021051,0.17171,0.71433,0.26791,0.046716,0.37999,0.03961,0.067294,0.30207,0.33883,0.42396,0.37889,0.29899,0.44032,0.69554,0.41249,0.20233,0.32277,-0.070723,0.1199,0.19308,0.30239,0.30278,0.3262,0.51704,0.46855,0.36921,0.18599,0.13255,0.13577,0.12661,0.41156,0.17763,0.62442,0.65486,0.76964,0.23374,0.19409
0.1166,0.2219,0.018272,0.26876,0.046056,0.083718,0.069811,0.082673,0.04384,0.0060656,0.55063,0.095639,-0.035785,0.00010102,0.30112,0.2257,0.048028,0.25211,0.021642,0.026553,0.41296,0.29071,0.31697,0.48649,0.28473,0.51079,0.24685,0.28102,0.22555,0.38414,0.088725,0.13327,0.065438,0.1495,0.034881,0.16586,0.22802,0.225,0.0028934,-0.0037288,0.027115,0.069264,0.52482,0.41459,0.024051,0.21847,0.18769,0.24659,1,0.48015,0.16145,0.15019,0.018266,0.32167,0.039266,0.098269,0.044817,0.054265,0.062266,-0.0076975,0.50199,0.094298,-0.058971,-0.017445,0.33234,0.18804,0.064956,0.24132,0.032281,0.051875,0.41884,0.28013,0.31985,0.49084,0.26753,0.47606,0.22372,0.32352,0.19502,0.33153,-0.0012584,0.10267,0.029826,0.11015,0.055928,0.11781,0.2618,0.24726,0.03172,0.043891,0.075103,0.03876,0.45398,0.39176,0.063004,0.19545,0.20854,0.25448,0.52645,0.44935
0.073718,0.22949,0.038831,0.26266,0.018016,0.0713,0.10379,0.096103,0.039054,0.013095,0.47533,0.035697,-0.11532,-0.07571,0.30765,0.21565,0.068591,0.28651,-0.0035257,-0.0067605,0.37137,0.26251,0.34761,0.56034,0.28779,0.48419,0.28849,0.48541,0.27474,0.42673,0.023627,0.12572,0.047812,0.13846,0.063329,0.19268,0.20958,0.24478,0.010066,-0.0078867,-0.031949,0.016911,0.4565,0.63515,-0.013462,0.20119,0.20791,0.21299,0.48015,1,0.1612,0.13354,0.049612,0.30828,0.011147,0.040349,0.070089,0.052722,0.086712,-0.0091424,0.4331,0.04717,-0.11225,-0.078213,0.31763,0.17955,0.07016,0.3143,0.069318,0.030333,0.39199,0.24793,0.34859,0.58388,0.26099,0.4656,0.19917,0.5123,0.25446,0.32908,-0.037223,0.1388,0.05655,0.16569,0.067657,0.14986,0.22147,0.23111,0.041528,0.040433,0.037478,0.03385,0.37731,0.46505,0.024059,0.14804,0.21736,0.23612,0.42209,0.70288
0.45439,0.15685,0.1003,0.23231,0.020814,0.066556,0.11053,-0.03599,0.24189,0.050525,0.27286,0.17983,-0.018755,0.098485,0.26251,0.27171,0.01828,0.37305,0.097995,-0.019643,0.1758,0.27292,0.20221,0.23738,0.31312,0.32845,0.23928,0.16012,0.09406,0.18844,-0.048044,-0.025147,0.1889,0.20528,0.13999,0.36282,0.13546,0.137,0.11385,0.098517,0.090239,0.13624,0.14921,0.17285,0.16118,0.17517,0.25738,0.23809,0.16145,0.1612,1,0.15354,0.22718,0.30828,0.023737,0.23513,0.16382,0.036864,0.55057,0.093021,0.23963,0.37503,0.13318,0.29743,0.28398,0.32053,0.098853,0.41341,0.065576,0.14304,0.23241,0.28682,0.21589,0.24049,0.44827,0.38881,0.25091,0.20253,0.25295,0.26249,0.081866,0.16698,0.28258,0.3137,0.25961,0.43583,0.18921,0.18464,0.19611,0.49909,0.06547,0.20779,0.13921,0.18941,0.12951,0.18349,0.27536,0.23859,0.14272,0.1093
0.034893,0.26869,-0.02464,0.17039,0.031064,0.051813,0.022183,0.037903,-0.013861,0.041343,0.20524,0.13005,-0.034052,0.0048264,0.18954,0.2166,0.094921,0.24275,0.017103,-0.0048598,0.12551,0.27935,0.26684,0.23314,0.11033,0.16919,0.16409,0.18212,0.11578,0.23892,0.0020589,0.15182,0.10022,0.247,0.011375,0.11568,0.034686,0.075695,-0.003965,-0.079702,0.13859,0.12075,0.12833,0.1846,0.048828,0.11239,0.15508,0.14522,0.15019,0.13354,0.15354,1,-0.038186,0.17623,0.031732,0.087654,0.023381,-0.014915,0.025142,-0.0036788,0.18739,0.18174,-0.0611,0.11527,0.19914,0.20484,0.10525,0.26855,0.0015358,0.043666,0.14832,0.29731,0.28475,0.24301,0.12639,0.19262,0.14892,0.20222,0.1327,0.27968,-0.027959,0.1645,0.053911,0.16384,0.012802,0.10338,0.061787,0.077409,0.011883,0.028641,0.084107,0.09723,0.11445,0.14378,0.064484,0.12299,0.15867,0.12638,0.11568,0.10741
0.33023,-0.041937,0.59249,0.057803,0.099452,0.36816,0.4035,0.090459,0.43957,0.28294,0.0045983,0.10797,0.26863,0.18182,0.13666,0.078753,-0.07374,0.11227,0.091971,0.054886,0.038101,-0.12767,-0.0013291,-0.021886,0.097603,0.13545,0.24928,0.22509,0.34595,0.018502,0.15955,0.06298,0.29695,0.15658,0.45948,0.46761,0.2835,0.27759,0.66088,0.51231,-0.0035474,0.013452,0.021354,0.11554,0.2567,0.26582,0.24881,0.22489,0.018266,0.049612,0.22718,-0.038186,1,0.15072,0.12558,0.45266,0.39272,0.073784,0.58089,0.3116,0.027111,0.2998,0.48889,0.20284,0.1547,0.17626,-0.045853,0.12001,0.14727,0.028812,0.069535,-0.11677,-0.010586,-0.021115,0.149,0.13581,0.24792,0.16587,0.47164,0.094583,0.36359,0.27469,0.46478,0.44044,0.5029,0.55407,0.16066,0.21899,0.72687,0.62305,0.097191,0.20224,0.066515,0.17967,0.1907,0.22601,0.19888,0.27371,0.05492,0.087622
0.20905,0.33308,-0.010331,0.79647,-0.021617,0.065488,0.20568,-0.025132,-0.0020824,0.079508,0.40608,0.11031,-0.16657,-0.067843,0.80033,0.41195,0.041629,0.42901,-0.051373,-0.10196,0.2934,0.44057,0.46777,0.51599,0.27622,0.47529,0.68947,0.36813,0.11632,0.34957,-0.1198,0.040041,0.24278,0.38902,0.30883,0.42235,0.48182,0.51685,0.20689,-0.06861,0.089346,0.066435,0.225,0.39999,0.043773,0.56346,0.66717,0.70105,0.32167,0.30828,0.30828,0.17623,0.15072,1,0.047112,0.17271,0.24224,-0.03319,0.21736,0.12655,0.35766,0.28331,-0.10613,0.091412,0.82788,0.37239,0.090341,0.48261,0.091875,0.045006,0.35847,0.46541,0.52698,0.51165,0.35985,0.54655,0.70345,0.44727,0.2743,0.40747,-0.12703,0.21015,0.31537,0.4128,0.38232,0.46929,0.54114,0.49667,0.31868,0.23641,0.12947,0.14219,0.16839,0.41539,0.097353,0.52024,0.70673,0.70811,0.2997,0.25632
0.036928,0.045819,0.090027,0.019833,0.049634,0.11494,0.12891,0.088949,0.10412,0.094459,0.025074,0.028482,0.088225,0.050847,0.031713,0.0088283,0.063538,-0.0077407,0.031906,0.081275,0.054202,0.010347,-0.001232,0.037137,0.078883,0.063287,0.043694,0.057252,0.055103,0.0090767,0.095909,0.092167,-0.005084,0.019081,0.12386,0.067797,0.047059,0.035531,0.10378,0.1244,0.011998,0.044973,0.031891,0.032918,0.090078,0.08496,0.05172,0.07554,0.039266,0.011147,0.023737,0.031732,0.12558,0.047112,1,0.1382,0.090284,0.078984,0.091238,0.11153,0.03673,0.054919,0.11093,0.054508,0.037046,0.031784,0.043068,0.014073,0.02336,0.0685,0.01409,0.0091079,0.046144,0.042241,0.083156,0.056249,0.065139,0.062809,0.083711,0.033072,0.122,0.068862,0.0051554,0.035223,0.12496,0.068693,0.027632,0.035166,0.12858,0.083263,0.060362,0.053085,0.04162,0.058795,0.13107,0.10113,0.055198,0.05539,0.056921,0.040563
0.18323,0.062412,0.20421,0.055732,0.14066,0.56849,0.205,-0.010491,0.18997,0.15698,0.1725,0.12474,0.2202,0.105,0.12663,0.22054,-0.051397,0.26666,-0.0061246,0.03264,0.079007,0.12435,0.16168,0.052679,0.081463,0.11564,0.33296,0.39084,0.14009,0.045939,-0.017408,-0.040983,0.12,0.2171,0.18603,0.1873,0.19154,0.19655,0.46681,0.1459,0.15496,-0.00074,0.11402,0.11273,0.30972,0.30546,0.14926,0.2393,0.098269,0.040349,0.23513,0.087654,0.45266,0.17271,0.1382,1,0.20432,-0.024173,0.36832,0.1748,0.16325,0.3162,0.31834,0.3458,0.16052,0.24762,-0.065058,0.36651,0.062377,0.084143,0.12081,0.117,0.18959,0.096928,0.17672,0.20589,0.42398,0.384,0.27023,0.12485,0.063603,0.075414,0.29118,0.37636,0.24799,0.31821,0.15179,0.22649,0.61896,0.33538,0.23496,0.17961,0.13216,0.18446,0.41991,0.38345,0.17652,0.26212,0.08878,0.12824
0.1458,0.068068,0.22943,0.16959,0.09634,0.087954,0.5139,0.19454,0.26091,0.32482,0.079396,-0.11848,-0.027303,-0.10967,0.18654,0.15385,0.17534,-0.078459,0.036427,0.056486,0.051751,-0.064432,-0.030268,0.083454,0.15916,0.14971,0.16876,0.060467,0.20678,0.042492,0.12278,0.20169,0.07224,0.065691,0.61302,0.48042,0.22032,0.20358,0.34618,0.37074,-0.070944,-0.014647,0.0326,0.075253,0.16874,0.22066,0.30208,0.18415,0.044817,0.070089,0.16382,0.023381,0.39272,0.24224,0.090284,0.20432,1,0.2181,0.37429,0.39369,0.097576,0.0048256,0.097573,-0.078363,0.19388,0.24902,0.15578,-0.03899,0.1703,0.032482,0.084665,-0.013514,0.017586,0.088847,0.2089,0.1598,0.17874,0.065253,0.25102,0.058074,0.27292,0.38407,0.12344,0.17523,0.69213,0.53791,0.14286,0.16901,0.41585,0.37988,0.030539,0.026579,0.088561,0.12278,0.14461,0.17814,0.28162,0.20277,0.10535,0.077861
0.07693,-0.034199,0.12296,-0.027929,0.068224,-0.016694,0.20553,0.26719,0.21088,0.16163,0.019678,-0.048745,0.085294,0.0045669,-0.034011,-0.070922,0.18337,-0.20155,0.13623,0.14017,0.061458,-0.12081,-0.12214,0.012151,0.18351,0.095355,-0.084061,-0.11222,0.1032,0.020772,0.23856,0.23023,-0.10216,-0.14038,0.23757,0.097885,0.089975,0.076197,0.0055444,0.28235,-0.097176,0.061756,0.042462,0.0029086,0.069922,0.072008,0.034833,0.0046638,0.054265,0.052722,0.036864,-0.014915,0.073784,-0.03319,0.078984,-0.024173,0.2181,1,0.14382,0.16928,0.048087,-0.099202,0.096891,-0.085768,-0.016353,-0.048224,0.20443,-0.22143,0.079983,0.038999,0.039363,-0.096068,-0.087899,0.02471,0.1659,0.036754,-0.085991,-0.087458,0.042618,-0.024712,0.2888,0.17234,-0.17734,-0.17445,0.22792,0.05991,0.060738,0.080945,-0.035299,0.10852,0.049951,-0.032444,0.099877,0.0753,0.055022,0.047344,-0.0028266,-0.0060119,0.12448,0.08323
0.56287,0.021165,0.4272,0.11264,0.076334,0.1698,0.36346,0.06123,0.6023,0.19491,0.11277,0.14683,0.15449,0.18749,0.14974,0.15052,0.0089257,0.20376,0.20814,0.11054,0.051593,-0.011799,-0.014288,0.053111,0.30555,0.21131,0.12198,0.038283,0.25551,0.068957,0.23099,0.078076,0.28063,0.058457,0.39593,0.4985,0.22752,0.21721,0.34303,0.5208,-0.012502,0.12542,0.044666,0.068926,0.22282,0.17291,0.22477,0.17853,0.062266,0.086712,0.55057,0.025142,0.58089,0.21736,0.091238,0.36832,0.37429,0.14382,1,0.25492,0.13319,0.32558,0.47232,0.25151,0.19349,0.30016,0.083282,0.21009,0.17006,0.15894,0.089699,0.026799,-0.020901,0.062128,0.43756,0.21023,0.15628,0.086013,0.4471,0.11616,0.45016,0.30956,0.39466,0.33362,0.48584,0.59775,0.21381,0.23795,0.42776,0.82694,0.031686,0.22254,0.1119,0.14915,0.13517,0.16895,0.19262,0.23292,0.088058,0.080546
0.099727,0.0054167,0.18905,0.092886,0.067239,0.099665,0.30687,0.18752,0.17141,0.30365,0.0048948,-0.069066,0.061929,-0.043295,0.11188,0.039526,0.071796,-0.072399,0.011436,0.09247,0.003992,-0.062832,-0.0054881,0.023679,0.074349,0.047414,0.16404,0.058161,0.13708,0.0014284,0.066767,0.070922,-0.031478,0.032941,0.4253,0.3244,0.14709,0.12458,0.30345,0.25305,-0.053021,-0.023884,0.0051553,0.026993,0.20039,0.16855,0.25444,0.1556,-0.0076975,-0.0091424,0.093021,-0.0036788,0.3116,0.12655,0.11153,0.1748,0.39369,0.16928,0.25492,1,0.02379,0.013286,0.10617,-0.0017364,0.1088,0.080591,0.075252,-0.044356,0.081302,0.023893,0.018709,-0.029881,0.022398,0.031632,0.10355,0.061729,0.17027,0.052272,0.16271,0.053204,0.16785,0.18154,0.025532,0.079437,0.45972,0.34169,0.078111,0.094687,0.31329,0.21995,0.017986,0.042009,0.035514,0.0845,0.19905,0.16066,0.24012,0.1524,0.050388,0.011127
0.13228,0.26395,-0.020698,0.28623,0.052512,0.082457,0.072823,0.06979,0.041971,0.03326,0.60474,0.14978,-0.056202,0.0020771,0.32363,0.29532,0.10918,0.32875,0.029459,0.014043,0.40984,0.38187,0.35395,0.49889,0.32825,0.51119,0.28095,0.29025,0.22843,0.41458,0.053643,0.13754,0.072417,0.20538,0.052881,0.21248,0.19554,0.22206,-0.0056409,-0.040253,0.085194,0.10106,0.4993,0.40945,0.063998,0.22566,0.24066,0.28416,0.50199,0.4331,0.23963,0.18739,0.027111,0.35766,0.03673,0.16325,0.097576,0.048087,0.13319,0.02379,1,0.18072,-0.042689,0.076989,0.38761,0.28437,0.094357,0.34936,0.027373,0.071322,0.45391,0.37225,0.36616,0.52488,0.34129,0.51097,0.28995,0.38869,0.2439,0.4089,-0.012003,0.13396,0.055388,0.14851,0.098089,0.19213,0.25295,0.26583,0.051566,0.10982,0.10577,0.087439,0.47905,0.44154,0.10452,0.26208,0.28191,0.29575,0.49566,0.45138
0.34184,0.17031,0.17744,0.20856,0.0039271,0.23558,0.014958,-0.11922,0.18245,0.035963,0.18874,0.38216,0.13878,0.29993,0.25094,0.27572,-0.10684,0.51018,0.052998,-0.045955,0.085682,0.33013,0.35849,0.16976,0.14056,0.17692,0.29971,0.26779,0.11502,0.24277,-0.039349,-0.054667,0.30903,0.34868,0.0016346,0.20554,0.12285,0.17676,0.23064,0.01252,0.21254,0.16951,0.094185,0.17858,0.18553,0.21236,0.23285,0.26676,0.094298,0.04717,0.37503,0.18174,0.2998,0.28331,0.054919,0.3162,0.0048256,-0.099202,0.32558,0.013286,0.18072,1,0.24563,0.52029,0.28119,0.2662,-0.054838,0.52082,-0.027722,0.09315,0.14659,0.32841,0.3433,0.18451,0.21656,0.22373,0.32076,0.2826,0.29428,0.34521,-0.026872,0.019039,0.38439,0.45311,0.056134,0.26517,0.16136,0.18139,0.31018,0.34839,0.15499,0.3146,0.067493,0.20289,0.14464,0.22811,0.26562,0.27716,0.055806,0.038363
0.38266,-0.12781,0.47756,-0.15557,0.10253,0.29079,0.16788,0.075165,0.53723,0.12656,-0.08191,0.24558,0.5151,0.4493,-0.13286,-0.076573,-0.091145,0.021886,0.27457,0.18096,-0.063649,-0.18131,-0.18258,-0.18008,0.17512,-0.002133,-0.085776,-0.090424,0.15404,-0.10192,0.36359,0.072592,0.18319,-0.11933,0.16513,0.064033,0.15461,0.12243,0.31842,0.51023,0.035396,0.19406,-0.049391,-0.10815,0.21765,0.081828,-0.046371,0.021051,-0.058971,-0.11225,0.13318,-0.0611,0.48889,-0.10613,0.11093,0.31834,0.097573,0.096891,0.47232,0.10617,-0.042689,0.24563,1,0.34219,-0.089954,0.0067497,-0.06616,-0.059433,0.038699,0.11134,-0.059308,-0.20332,-0.21645,-0.17876,0.14932,-0.065607,-0.043263,-0.12345,0.18745,-0.072454,0.4403,0.047255,0.21248,0.078461,0.13573,0.085206,0.12648,0.12692,0.30594,0.51408,0.018906,0.24481,0.037981,0.0021493,0.11612,0.080436,-0.066967,0.061247,0.0043855,-0.047035
0.26898,0.065793,0.11727,0.040653,0.043372,0.28412,-0.058625,-0.094848,0.15365,0.0357,0.084258,0.31863,0.26513,0.3867,0.094026,0.20503,-0.10753,0.436,0.069289,-0.012918,0.01154,0.26553,0.18393,-0.017743,0.055717,-0.0066778,0.21936,0.23541,-0.037124,0.038585,-0.061256,-0.10196,0.17722,0.21993,-0.085967,0.034626,0.033877,0.057475,0.2102,-0.019748,0.24823,0.22043,-0.0010395,0.02603,0.24895,0.14393,0.11335,0.17171,-0.017445,-0.078213,0.29743,0.11527,0.20284,0.091412,0.054508,0.3458,-0.078363,-0.085768,0.25151,-0.0017364,0.076989,0.52029,0.34219,1,0.10942,0.16971,-0.070477,0.44559,-0.075977,0.10655,0.04744,0.21597,0.1679,0.006209,0.14422,0.066775,0.26244,0.20501,0.077245,0.16583,-0.050402,-0.08808,0.26358,0.28281,-0.040012,0.09555,0.06942,0.062926,0.25524,0.22929,0.17979,0.34212,-0.01204,0.067153,0.22354,0.2009,0.1441,0.14888,-0.063758,-0.079658
0.21086,0.35501,0.017742,0.75738,-0.0053342,0.078477,0.19766,0.0051883,0.019548,0.073169,0.42918,0.16547,-0.13261,-0.025421,0.81608,0.40673,0.074249,0.42877,-0.01814,-0.092208,0.32643,0.45956,0.49132,0.52751,0.30121,0.49825,0.66369,0.36743,0.16299,0.39079,-0.07677,0.10864,0.25198,0.40504,0.25835,0.38987,0.51253,0.53422,0.18295,-0.068395,0.08154,0.1003,0.26494,0.43201,0.050259,0.56538,0.64649,0.71433,0.33234,0.31763,0.28398,0.19914,0.1547,0.82788,0.037046,0.16052,0.19388,-0.016353,0.19349,0.1088,0.38761,0.28119,-0.089954,0.10942,1,0.36221,0.098164,0.47897,0.089703,0.056262,0.38653,0.46126,0.53335,0.52589,0.36089,0.55576,0.66212,0.43802,0.27575,0.43643,-0.10252,0.24106,0.28702,0.39247,0.32082,0.41872,0.57583,0.52397,0.28405,0.21139,0.14207,0.16489,0.20693,0.45516,0.090609,0.5382,0.69758,0.73836,0.32705,0.27696
0.19815,0.25986,0.014871,0.31126,0.022953,0.093146,0.19314,-0.059927,0.075463,0.072775,0.28953,0.091703,-0.14006,-0.049825,0.3407,0.44651,0.077717,0.37603,-0.012176,-0.09445,0.18022,0.33227,0.28378,0.27883,0.16229,0.28707,0.28993,0.24484,0.098988,0.23281,-0.064144,0.089373,0.28677,0.33331,0.18278,0.34868,0.18303,0.22043,0.13902,-0.021572,0.14597,0.066958,0.15885,0.22836,0.069631,0.2157,0.27673,0.26791,0.18804,0.17955,0.32053,0.20484,0.17626,0.37239,0.031784,0.24762,0.24902,-0.048224,0.30016,0.080591,0.28437,0.2662,0.0067497,0.16971,0.36221,1,0.089548,0.43666,0.10397,0.075121,0.23889,0.32257,0.30084,0.29319,0.24465,0.34687,0.2974,0.28602,0.26404,0.321,-0.011423,0.29245,0.3774,0.4382,0.2454,0.41654,0.21744,0.2279,0.27181,0.31736,0.15249,0.18515,0.11813,0.20732,0.098641,0.21887,0.30111,0.28793,0.13951,0.14147
-0.0060643,0.10935,-0.074889,0.074531,0.0094147,-0.15824,0.095146,0.14516,0.02536,0.058818,0.091133,-0.07424,-0.12533,-0.11626,0.090751,0.081191,0.28938,-0.09426,0.084436,0.012146,0.067928,0.049781,-0.04701,0.063343,0.1498,0.1316,-0.044233,-0.090272,0.073268,0.06292,0.1422,0.287,0.029804,-0.00080537,0.10966,0.12831,0.038094,0.057279,-0.14334,0.043192,-0.026395,0.092061,0.032294,0.0046437,-0.053476,0.022751,0.076177,0.046716,0.064956,0.07016,0.098853,0.10525,-0.045853,0.090341,0.043068,-0.065058,0.15578,0.20443,0.083282,0.075252,0.094357,-0.054838,-0.06616,-0.070477,0.098164,0.089548,1,-0.027219,0.088028,0.029131,0.069318,0.076338,-0.0038234,0.079252,0.16633,0.10646,-0.015856,-0.0036486,0.098341,0.02867,0.18474,0.34251,-0.021665,0.007974,0.15391,0.12652,0.078674,0.098473,-0.079524,0.079558,0.007252,0.021725,0.071755,0.03219,-0.037139,0.031638,0.067194,0.012777,0.10292,0.089163
0.16834,0.34096,-0.095691,0.40611,-0.020323,0.22401,-0.05702,-0.19672,-0.090558,-0.033786,0.40986,0.23798,-0.14141,0.02044,0.46359,0.4791,-0.086063,0.76855,-0.1285,-0.17545,0.20959,0.60517,0.60898,0.45068,0.08513,0.30044,0.52719,0.58968,0.03768,0.33108,-0.33916,-0.15001,0.27508,0.51678,-0.089498,0.23611,0.10282,0.18655,0.14518,-0.30227,0.27868,0.048041,0.24434,0.37276,0.11388,0.25189,0.34426,0.37999,0.24132,0.3143,0.41341,0.26855,0.12001,0.48261,0.014073,0.36651,-0.03899,-0.22143,0.21009,-0.044356,0.34936,0.52082,-0.059433,0.44559,0.47897,0.43666,-0.027219,1,-0.010139,0.053525,0.32465,0.57608,0.63957,0.51794,0.22859,0.47047,0.54056,0.67147,0.30566,0.47061,-0.32663,0.026998,0.4789,0.62305,-0.00272,0.34491,0.18365,0.20768,0.3248,0.20208,0.26971,0.26126,0.12754,0.31273,0.17672,0.30086,0.42422,0.37819,0.13574,0.26275
-0.0007644,0.031983,0.035009,0.066061,0.0069545,-0.025287,0.15073,0.085822,0.061073,0.056286,0.039515,-0.089765,-0.066073,-0.10089,0.065859,0.06673,0.10106,-0.085509,-0.0055055,-0.038486,0.046899,-0.02527,-0.042675,0.029548,0.051863,0.07974,0.0030762,-0.040352,0.10269,0.0011829,0.076945,0.13694,0.083841,0.022952,0.14934,0.14289,0.118,0.12747,0.025667,0.099774,-0.013437,-0.021552,0.022416,0.048329,-0.041522,0.077816,0.04599,0.03961,0.032281,0.069318,0.065576,0.0015358,0.14727,0.091875,0.02336,0.062377,0.1703,0.079983,0.17006,0.081302,0.027373,-0.027722,0.038699,-0.075977,0.089703,0.10397,0.088028,-0.010139,1,-0.016133,0.039521,0.0023091,0.0086364,0.053751,0.10641,0.10832,0.043944,0.027624,0.16355,0.012862,0.17834,0.27865,0.14778,0.12463,0.18243,0.2066,0.10416,0.14785,0.10874,0.17759,0.077706,-0.010303,0.040647,0.05337,0.0054403,0.059238,0.029117,0.059369,0.037872,0.081072
0.18193,0.046627,0.068248,0.05106,0.038564,0.068042,0.032984,0.043685,0.1674,0.02206,0.078223,0.097658,0.079229,0.1022,0.049783,0.050685,0.026237,0.083656,0.091583,0.088776,0.047623,0.072066,0.044301,0.06484,0.16883,0.089576,0.033996,-0.0071345,0.039109,0.060529,0.10297,0.05191,0.020213,0.0055289,0.025954,0.041704,0.047003,0.039484,0.002698,0.10076,0.016327,0.12045,0.040859,0.025078,0.070527,0.07211,0.064321,0.067294,0.051875,0.030333,0.14304,0.043666,0.028812,0.045006,0.0685,0.084143,0.032482,0.038999,0.15894,0.023893,0.071322,0.09315,0.11134,0.10655,0.056262,0.075121,0.029131,0.053525,-0.016133,1,0.05359,0.090571,0.051557,0.069283,0.19767,0.06612,0.029859,0.01237,0.056517,0.064648,0.10702,0.019411,-0.0024151,-0.00040997,0.034321,0.045718,0.071229,0.060133,-0.0020881,0.14054,-0.022206,0.083361,0.066724,0.080537,0.057059,0.057225,0.029789,0.059498,0.071601,0.027933
0.083908,0.24222,0.0066726,0.29769,0.009584,0.074813,0.078188,0.030218,-0.023364,0.030382,0.46348,0.083849,-0.056088,-0.038994,0.34871,0.25671,0.069199,0.26936,-0.014445,-0.024123,0.4658,0.35737,0.34509,0.49052,0.29267,0.55542,0.28728,0.24095,0.15246,0.3305,-0.028144,0.10081,0.073868,0.18912,0.051526,0.18834,0.25892,0.27662,0.041458,-0.052632,0.030442,0.038312,0.37675,0.40299,0.032534,0.2549,0.23167,0.30207,0.41884,0.39199,0.23241,0.14832,0.069535,0.35847,0.01409,0.12081,0.084665,0.039363,0.089699,0.018709,0.45391,0.14659,-0.059308,0.04744,0.38653,0.23889,0.069318,0.32465,0.039521,0.05359,1,0.38456,0.39976,0.51829,0.36849,0.66572,0.29701,0.31997,0.17999,0.34327,-0.06386,0.11064,0.10579,0.18744,0.096328,0.16534,0.29176,0.28945,0.084591,0.065503,0.10067,0.062088,0.34309,0.41004,0.070268,0.27,0.29387,0.31695,0.39722,0.37696
0.040158,0.33742,-0.21571,0.42824,-0.019613,0.01335,-0.045089,-0.070699,-0.16586,-0.023656,0.40459,0.13849,-0.21231,-0.074073,0.45301,0.38863,0.070972,0.47914,-0.10568,-0.093221,0.27087,0.5824,0.54423,0.51911,0.19436,0.35554,0.37363,0.31847,0.008759,0.37271,-0.21304,0.020604,0.12744,0.37469,-0.055287,0.14956,0.10349,0.17168,-0.076219,-0.31586,0.18339,0.077793,0.24947,0.34006,0.0252,0.21845,0.33148,0.33883,0.28013,0.24793,0.28682,0.29731,-0.11677,0.46541,0.0091079,0.117,-0.013514,-0.096068,0.026799,-0.029881,0.37225,0.32841,-0.20332,0.21597,0.46126,0.32257,0.076338,0.57608,0.0023091,0.090571,0.38456,1,0.61865,0.55344,0.32048,0.47394,0.37691,0.40582,0.14192,0.44909,-0.24251,0.095116,0.18435,0.32098,0.0058921,0.18249,0.19033,0.19093,0.029346,-0.0027591,0.16658,0.18395,0.18898,0.28068,0.086632,0.25851,0.37954,0.31127,0.23445,0.19598
0.017067,0.40432,-0.12824,0.48872,-0.011533,0.14402,0.01705,-0.077509,-0.17313,0.02172,0.40671,0.15536,-0.16656,-0.097012,0.51983,0.39482,-0.001602,0.55421,-0.13028,-0.097037,0.28949,0.57708,0.76639,0.71168,0.16037,0.40207,0.51668,0.49051,0.076871,0.48725,-0.26276,-0.029644,0.078853,0.43579,0.012923,0.18111,0.21189,0.30019,0.090419,-0.28339,0.16081,0.014968,0.32181,0.51901,0.045479,0.35171,0.39918,0.42396,0.31985,0.34859,0.21589,0.28475,-0.010586,0.52698,0.046144,0.18959,0.017586,-0.087899,-0.020901,0.022398,0.36616,0.3433,-0.21645,0.1679,0.53335,0.30084,-0.0038234,0.63957,0.0086364,0.051557,0.39976,0.61865,1,0.75596,0.24896,0.53177,0.49237,0.54152,0.21058,0.58873,-0.3011,0.035485,0.18212,0.38854,0.060454,0.2134,0.25496,0.29207,0.16647,-0.040592,0.17853,0.1363,0.20215,0.42459,0.13401,0.34771,0.45323,0.40591,0.25282,0.27868
0.07189,0.37234,-0.08419,0.46664,0.019748,0.039024,0.092406,0.040667,-0.053432,0.028146,0.54456,0.09354,-0.18224,-0.12559,0.4934,0.34771,0.080361,0.44119,-0.047153,-0.022469,0.42138,0.51195,0.6585,0.83115,0.3215,0.58062,0.39281,0.409,0.18615,0.51771,-0.090691,0.0985,0.049329,0.29137,0.082798,0.23153,0.23792,0.29104,-0.022395,-0.13991,0.060508,0.014524,0.4723,0.57148,-0.0057552,0.29392,0.36645,0.37889,0.49084,0.58388,0.24049,0.24301,-0.021115,0.51165,0.042241,0.096928,0.088847,0.02471,0.062128,0.031632,0.52488,0.18451,-0.17876,0.006209,0.52589,0.29319,0.079252,0.51794,0.053751,0.069283,0.51829,0.55344,0.75596,1,0.37762,0.64425,0.36061,0.51351,0.25511,0.53204,-0.12581,0.12272,0.095457,0.26093,0.11862,0.21621,0.29906,0.31244,0.046843,0.03463,0.10764,0.080979,0.39844,0.51195,0.07748,0.27522,0.40566,0.37386,0.47368,0.54102
0.39054,0.17617,0.10962,0.27512,0.044796,0.076214,0.2095,0.11856,0.31491,0.087083,0.34913,0.1503,0.047094,0.07469,0.31127,0.20693,0.1233,0.22258,0.15977,0.13461,0.25828,0.25704,0.20607,0.34876,0.50894,0.49393,0.18911,0.088309,0.16371,0.25261,0.18088,0.14853,0.050248,0.059293,0.23575,0.28425,0.24481,0.24615,0.0313,0.22359,0.0032331,0.14979,0.23538,0.24629,0.14912,0.26751,0.27087,0.29899,0.26753,0.26099,0.44827,0.12639,0.149,0.35985,0.083156,0.17672,0.2089,0.1659,0.43756,0.10355,0.34129,0.21656,0.14932,0.14422,0.36089,0.24465,0.16633,0.22859,0.10641,0.19767,0.36849,0.32048,0.24896,0.37762,1,0.51461,0.23797,0.18444,0.23615,0.24592,0.22461,0.18042,0.041184,0.096936,0.30024,0.28603,0.29998,0.29891,0.081873,0.3788,0.041008,0.13593,0.25892,0.31804,0.14115,0.28177,0.29968,0.30267,0.30664,0.27463
0.17231,0.31695,-0.014526,0.46392,-0.0032423,0.08768,0.15205,0.019863,-0.0051281,0.029376,0.54984,0.07812,-0.1177,-0.085423,0.5014,0.35471,0.10012,0.36155,-0.034618,-0.05116,0.51235,0.44216,0.44104,0.60581,0.39701,0.71848,0.41973,0.32843,0.16398,0.40586,-0.068396,0.094695,0.13227,0.2503,0.13367,0.29442,0.35841,0.38278,0.080915,-0.063368,0.042715,0.036195,0.41566,0.47181,0.033803,0.37032,0.37496,0.44032,0.47606,0.4656,0.38881,0.19262,0.13581,0.54655,0.056249,0.20589,0.1598,0.036754,0.21023,0.061729,0.51097,0.22373,-0.065607,0.066775,0.55576,0.34687,0.10646,0.47047,0.10832,0.06612,0.66572,0.47394,0.53177,0.64425,0.51461,1,0.43875,0.43122,0.28188,0.41441,-0.070045,0.20555,0.22164,0.31968,0.20069,0.32045,0.41946,0.416,0.18716,0.17552,0.1617,0.11058,0.3624,0.49517,0.097677,0.36964,0.42685,0.44917,0.45794,0.44897
0.1051,0.23906,0.0014129,0.60015,0.023078,0.33949,0.12315,-0.070384,-0.061827,0.11268,0.34101,0.10195,-0.026153,-0.017118,0.63427,0.36216,-0.050954,0.43622,-0.11982,-0.10236,0.22113,0.37191,0.41048,0.34435,0.14052,0.28633,0.83451,0.5782,0.046381,0.22702,-0.22597,-0.1216,0.10862,0.37176,0.20518,0.32122,0.42917,0.49044,0.41612,-0.12818,0.14831,0.014239,0.16012,0.34806,0.2023,0.63937,0.56708,0.69554,0.22372,0.19917,0.25091,0.14892,0.24792,0.70345,0.065139,0.42398,0.17874,-0.085991,0.15628,0.17027,0.28995,0.32076,-0.043263,0.26244,0.66212,0.2974,-0.015856,0.54056,0.043944,0.029859,0.29701,0.37691,0.49237,0.36061,0.23797,0.43875,1,0.64139,0.20703,0.30609,-0.23338,0.028285,0.26373,0.40597,0.30252,0.42134,0.46526,0.47778,0.57566,0.13731,0.20797,0.12122,0.10696,0.40986,0.29773,0.67072,0.64894,0.69364,0.17747,0.18171
0.036445,0.2798,-0.0054937,0.35973,0.020718,0.34227,0.049767,-0.056153,-0.086272,0.053331,0.4301,0.13051,-0.095453,-0.053688,0.43053,0.36086,-0.033324,0.53335,-0.13587,-0.10489,0.24723,0.40966,0.5054,0.44271,0.12216,0.3089,0.61789,0.75182,0.18352,0.34174,-0.20767,-0.058556,0.086195,0.38915,0.04568,0.24,0.18383,0.26075,0.25966,-0.17722,0.13558,-0.029181,0.32808,0.49119,0.15029,0.3796,0.3559,0.41249,0.32352,0.5123,0.20253,0.20222,0.16587,0.44727,0.062809,0.384,0.065253,-0.087458,0.086013,0.052272,0.38869,0.2826,-0.12345,0.20501,0.43802,0.28602,-0.0036486,0.67147,0.027624,0.01237,0.31997,0.40582,0.54152,0.51351,0.18444,0.43122,0.64139,1,0.30965,0.38752,-0.25705,0.025041,0.22333,0.41706,0.09747,0.28518,0.22168,0.28799,0.40904,0.054788,0.22522,0.10489,0.25684,0.446,0.23934,0.41051,0.4191,0.41282,0.28499,0.48985
0.2153,0.17102,0.31054,0.18437,0.044043,0.12977,0.25582,0.032889,0.27149,0.15226,0.22024,0.12657,-0.012803,-0.0065191,0.23033,0.19701,0.041351,0.23015,0.069744,0.0073894,0.17094,0.11037,0.20179,0.23797,0.16857,0.26606,0.19923,0.21754,0.49595,0.26478,0.1947,0.20491,0.31656,0.29295,0.24819,0.44462,0.16699,0.23153,0.25227,0.27319,0.019073,0.029139,0.20518,0.26877,0.063228,0.17158,0.23296,0.20233,0.19502,0.25446,0.25295,0.1327,0.47164,0.2743,0.083711,0.27023,0.25102,0.042618,0.4471,0.16271,0.2439,0.29428,0.18745,0.077245,0.27575,0.26404,0.098341,0.30566,0.16355,0.056517,0.17999,0.14192,0.21058,0.25511,0.23615,0.28188,0.20703,0.30965,1,0.31677,0.31576,0.35849,0.37904,0.46625,0.31061,0.49424,0.16213,0.24046,0.34507,0.52861,0.087399,0.12412,0.2401,0.28048,0.05947,0.1563,0.23226,0.25212,0.19856,0.26338
0.16882,0.34606,0.065886,0.37928,0.031136,0.077912,0.082674,0.0010727,0.029887,0.05063,0.4036,0.25356,-0.077526,0.040491,0.42413,0.37041,0.027097,0.47165,-0.02007,-0.070631,0.2935,0.44965,0.56509,0.52577,0.23082,0.40564,0.37794,0.3629,0.24183,0.49629,-0.051217,0.10844,0.20766,0.4083,0.094438,0.29253,0.17784,0.24293,0.11301,-0.075501,0.12372,0.14128,0.36304,0.46215,0.054483,0.25714,0.36256,0.32277,0.33153,0.32908,0.26249,0.27968,0.094583,0.40747,0.033072,0.12485,0.058074,-0.024712,0.11616,0.053204,0.4089,0.34521,-0.072454,0.16583,0.43643,0.321,0.02867,0.47061,0.012862,0.064648,0.34327,0.44909,0.58873,0.53204,0.24592,0.41441,0.30609,0.38752,0.31677,1,-0.0899,0.17256,0.21033,0.35214,0.12234,0.25708,0.20618,0.22311,0.11905,0.1246,0.11549,0.17829,0.27307,0.3824,0.060663,0.23312,0.36302,0.32451,0.28357,0.26627
0.2498,-0.098972,0.43816,-0.14173,0.1138,0.0076394,0.33896,0.26512,0.54948,0.20276,-0.086722,0.039903,0.25799,0.18679,-0.13617,-0.13778,0.1637,-0.27743,0.34944,0.23006,-0.011126,-0.28592,-0.32374,-0.14071,0.28065,0.065709,-0.26486,-0.3048,0.34169,-0.056648,0.63552,0.43616,0.12211,-0.16684,0.37231,0.26185,0.12507,0.09582,0.096465,0.65965,-0.14948,0.20556,-0.019687,-0.11924,0.050914,0.009645,-0.02958,-0.070723,-0.0012584,-0.037223,0.081866,-0.027959,0.36359,-0.12703,0.122,0.063603,0.27292,0.2888,0.45016,0.16785,-0.012003,-0.026872,0.4403,-0.050402,-0.10252,-0.011423,0.18474,-0.32663,0.17834,0.10702,-0.06386,-0.24251,-0.3011,-0.12581,0.22461,-0.070045,-0.23338,-0.25705,0.31576,-0.0899,1,0.38967,-0.011748,-0.067002,0.33178,0.19795,0.09091,0.11513,0.049942,0.53347,-0.10416,0.07861,0.10967,0.0027814,-0.017099,-0.020787,-0.12368,-0.03973,0.10007,0.043113
0.052257,0.18036,0.11631,0.19005,0.047513,-0.11342,0.32453,0.18257,0.14873,0.15579,0.13483,-0.077491,-0.15733,-0.13901,0.21913,0.21235,0.3332,-0.054095,0.10559,-0.050317,0.13542,0.055783,-0.022486,0.12933,0.18917,0.23294,0.028863,-0.031684,0.28233,0.13867,0.23163,0.48511,0.30531,0.20306,0.34842,0.41046,0.19226,0.20909,0.063941,0.21379,-0.012553,0.15033,0.077939,0.081274,-0.066731,0.10755,0.2112,0.1199,0.10267,0.1388,0.16698,0.1645,0.27469,0.21015,0.068862,0.075414,0.38407,0.17234,0.30956,0.18154,0.13396,0.019039,0.047255,-0.08808,0.24106,0.29245,0.34251,0.026998,0.27865,0.019411,0.11064,0.095116,0.035485,0.12272,0.18042,0.20555,0.028285,0.025041,0.35849,0.17256,0.38967,1,0.31925,0.32488,0.40101,0.45428,0.17216,0.20252,0.18576,0.37056,0.10261,0.13707,0.13539,0.087046,-0.033685,0.066821,0.14344,0.13397,0.14389,0.13182
0.19583,0.12409,0.14302,0.26062,-0.028056,0.074418,0.10233,-0.19849,0.052607,-0.010239,0.095312,0.087236,-0.11004,0.018074,0.27667,0.28448,-0.091367,0.38018,-0.043467,-0.21157,0.040826,0.176,0.19356,0.10763,-0.077471,0.14491,0.24539,0.21269,0.091928,0.080346,-0.18076,-0.056408,0.55016,0.36923,0.081424,0.33896,0.18533,0.20413,0.27812,-0.02532,0.14425,-0.0031903,0.014645,0.10098,-0.017653,0.10584,0.1998,0.19308,0.029826,0.05655,0.28258,0.053911,0.46478,0.31537,0.0051554,0.29118,0.12344,-0.17734,0.39466,0.025532,0.055388,0.38439,0.21248,0.26358,0.28702,0.3774,-0.021665,0.4789,0.14778,-0.0024151,0.10579,0.18435,0.18212,0.095457,0.041184,0.22164,0.26373,0.22333,0.37904,0.21033,-0.011748,0.31925,1,0.75512,0.16414,0.52835,0.16853,0.19088,0.49364,0.46382,0.24141,0.30092,-0.024136,0.067167,-0.0043666,0.08797,0.23078,0.2481,-0.028245,0.015773
0.13548,0.25421,0.098008,0.34665,-0.016116,0.17328,0.14303,-0.15691,-0.016043,0.035683,0.20299,0.088609,-0.15945,-0.055029,0.39038,0.40046,-0.045156,0.4847,-0.1177,-0.20948,0.1027,0.30756,0.35436,0.24517,-0.044465,0.20365,0.39414,0.39922,0.18903,0.20619,-0.20445,-0.0072448,0.49787,0.55353,0.12602,0.41508,0.21981,0.28149,0.33341,-0.083734,0.19696,-0.010737,0.088336,0.23254,0.014752,0.2324,0.30913,0.30239,0.11015,0.16569,0.3137,0.16384,0.44044,0.4128,0.035223,0.37636,0.17523,-0.17445,0.33362,0.079437,0.14851,0.45311,0.078461,0.28281,0.39247,0.4382,0.007974,0.62305,0.12463,-0.00040997,0.18744,0.32098,0.38854,0.26093,0.096936,0.31968,0.40597,0.41706,0.46625,0.35214,-0.067002,0.32488,0.75512,1,0.213,0.56495,0.20769,0.25346,0.54373,0.39821,0.28141,0.25608,0.044449,0.1698,0.070741,0.21582,0.34324,0.34342,0.039064,0.11136
0.27053,0.088596,0.32758,0.28378,0.10793,0.11695,0.58683,0.23653,0.35732,0.4004,0.090417,-0.068561,-0.0082818,-0.056403,0.30912,0.17773,0.14678,-0.024925,0.05606,0.085195,0.072829,-0.027636,0.017439,0.12931,0.23994,0.20004,0.292,0.10295,0.25606,0.074321,0.14503,0.18195,0.097809,0.11835,0.77642,0.63419,0.30159,0.28894,0.45549,0.4777,-0.050627,0.018654,0.024745,0.11332,0.23112,0.3228,0.45819,0.30278,0.055928,0.067657,0.25961,0.012802,0.5029,0.38232,0.12496,0.24799,0.69213,0.22792,0.48584,0.45972,0.098089,0.056134,0.13573,-0.040012,0.32082,0.2454,0.15391,-0.00272,0.18243,0.034321,0.096328,0.0058921,0.060454,0.11862,0.30024,0.20069,0.30252,0.09747,0.31061,0.12234,0.33178,0.40101,0.16414,0.213,1,0.683,0.20719,0.22957,0.52432,0.50461,0.02577,0.070685,0.095723,0.16648,0.21097,0.2595,0.3787,0.31479,0.11123,0.072658
0.30554,0.17232,0.23407,0.35966,0.036274,0.084359,0.41768,0.041359,0.26236,0.2476,0.20029,-0.0078936,-0.1563,-0.10665,0.4039,0.32016,0.068991,0.26646,-0.009871,-0.0542,0.11804,0.14924,0.17462,0.22374,0.15925,0.25149,0.38992,0.24624,0.29088,0.16179,-0.016442,0.10021,0.34577,0.3481,0.52991,0.72838,0.25844,0.28822,0.4079,0.27914,0.024251,-0.0081002,0.070016,0.1842,0.14455,0.27995,0.45197,0.3262,0.11781,0.14986,0.43583,0.10338,0.55407,0.46929,0.068693,0.31821,0.53791,0.05991,0.59775,0.34169,0.19213,0.26517,0.085206,0.09555,0.41872,0.41654,0.12652,0.34491,0.2066,0.045718,0.16534,0.18249,0.2134,0.21621,0.28603,0.32045,0.42134,0.28518,0.49424,0.25708,0.19795,0.45428,0.52835,0.56495,0.683,1,0.21367,0.25214,0.59236,0.64515,0.12734,0.14177,0.089039,0.18782,0.15801,0.25197,0.42148,0.37312,0.1038,0.098813
0.21588,0.17817,0.11562,0.50751,0.0085027,0.12196,0.19383,0.056316,0.15741,0.045607,0.27668,0.10952,0.087135,0.087495,0.50756,0.20478,0.038173,0.13945,0.097965,-0.025247,0.22516,0.16638,0.18555,0.29677,0.29274,0.39585,0.40902,0.11595,0.098261,0.22083,0.11708,0.10721,0.17556,0.13695,0.22149,0.19437,0.80445,0.75536,0.15925,0.11614,-0.0081475,0.11152,0.17859,0.26663,0.012956,0.54227,0.38823,0.51704,0.2618,0.22147,0.18921,0.061787,0.16066,0.54114,0.027632,0.15179,0.14286,0.060738,0.21381,0.078111,0.25295,0.16136,0.12648,0.06942,0.57583,0.21744,0.078674,0.18365,0.10416,0.071229,0.29176,0.19033,0.25496,0.29906,0.29998,0.41946,0.46526,0.22168,0.16213,0.20618,0.09091,0.17216,0.16853,0.20769,0.20719,0.21367,1,0.84752,0.20846,0.21355,0.057546,0.13412,0.16946,0.3565,0.049557,0.49326,0.38675,0.55685,0.30294,0.23039
0.16103,0.1763,0.12126,0.444,0.00013683,0.15445,0.19322,0.05448,0.13915,0.051013,0.27542,0.081298,0.056764,0.034807,0.44407,0.20102,0.053438,0.1192,0.083468,-0.03861,0.21751,0.16159,0.19495,0.30466,0.272,0.38152,0.40386,0.15875,0.14188,0.22831,0.11731,0.11853,0.17243,0.1529,0.21794,0.21222,0.73869,0.83879,0.18132,0.12074,-0.0095088,0.07412,0.17974,0.29943,-0.002556,0.58414,0.33912,0.46855,0.24726,0.23111,0.18464,0.077409,0.21899,0.49667,0.035166,0.22649,0.16901,0.080945,0.23795,0.094687,0.26583,0.18139,0.12692,0.062926,0.52397,0.2279,0.098473,0.20768,0.14785,0.060133,0.28945,0.19093,0.29207,0.31244,0.29891,0.416,0.47778,0.28799,0.24046,0.22311,0.11513,0.20252,0.19088,0.25346,0.22957,0.25214,0.84752,1,0.26468,0.25402,0.073091,0.11702,0.17799,0.376,0.081431,0.56872,0.3685,0.51406,0.29529,0.25102
0.19232,0.04742,0.357,0.20253,0.092218,0.48655,0.37072,-0.0060711,0.20115,0.25629,0.07176,0.04627,0.14358,0.062232,0.27773,0.22607,-0.10048,0.24234,-0.076053,-0.054736,0.043293,0.023709,0.15183,0.037453,-0.0081077,0.10143,0.50447,0.4615,0.16499,0.017674,-0.10921,-0.088885,0.22612,0.28303,0.44346,0.43627,0.32051,0.3127,0.73551,0.24561,0.10171,-0.074259,0.024045,0.15326,0.29493,0.40011,0.34386,0.36921,0.03172,0.041528,0.19611,0.011883,0.72687,0.31868,0.12858,0.61896,0.41585,-0.035299,0.42776,0.31329,0.051566,0.31018,0.30594,0.25524,0.28405,0.27181,-0.079524,0.3248,0.10874,-0.0020881,0.084591,0.029346,0.16647,0.046843,0.081873,0.18716,0.57566,0.40904,0.34507,0.11905,0.049942,0.18576,0.49364,0.54373,0.52432,0.59236,0.20846,0.26468,1,0.43678,0.22791,0.17489,0.029345,0.17693,0.31965,0.39366,0.34266,0.40411,0.020211,0.061235
0.5564,0.030485,0.48474,0.12825,0.076593,0.16168,0.38817,0.049662,0.63694,0.18665,0.091188,0.18035,0.17353,0.20497,0.15863,0.16141,0.011329,0.21028,0.25418,0.1021,0.042104,-0.023705,-0.039868,0.03407,0.28815,0.20299,0.10596,0.0046466,0.3464,0.05946,0.31113,0.15607,0.40415,0.13055,0.42957,0.5642,0.23187,0.24341,0.34913,0.60052,-0.0036553,0.15884,0.012903,0.036454,0.17463,0.17246,0.23894,0.18599,0.043891,0.040433,0.49909,0.028641,0.62305,0.23641,0.083263,0.33538,0.37988,0.10852,0.82694,0.21995,0.10982,0.34839,0.51408,0.22929,0.21139,0.31736,0.079558,0.20208,0.17759,0.14054,0.065503,-0.0027591,-0.040592,0.03463,0.3788,0.17552,0.13731,0.054788,0.52861,0.1246,0.53347,0.37056,0.46382,0.39821,0.50461,0.64515,0.21355,0.25402,0.43678,1,0.034134,0.23273,0.091944,0.13292,0.10008,0.16303,0.19987,0.25382,0.080187,0.056895
-0.025116,0.1431,-0.04422,0.11099,0.028224,0.16016,0.019114,-0.035011,-0.092345,0.0094738,0.13847,0.046351,-0.022572,-0.025087,0.13342,0.18067,0.037259,0.18947,-0.089629,-0.092054,0.073137,0.17288,0.15799,0.090596,-0.0093535,0.083962,0.17066,0.21747,-0.004714,0.068303,-0.12805,0.0079331,0.12449,0.21801,0.002743,0.063016,0.071238,0.075667,0.11884,-0.12645,0.14207,0.0020527,0.052135,0.072956,0.05087,0.10509,0.082092,0.13255,0.075103,0.037478,0.06547,0.084107,0.097191,0.12947,0.060362,0.23496,0.030539,0.049951,0.031686,0.017986,0.10577,0.15499,0.018906,0.17979,0.14207,0.15249,0.007252,0.26971,0.077706,-0.022206,0.10067,0.16658,0.17853,0.10764,0.041008,0.1617,0.20797,0.22522,0.087399,0.11549,-0.10416,0.10261,0.24141,0.28141,0.02577,0.12734,0.057546,0.073091,0.22791,0.034134,1,0.14231,0.048846,0.068259,0.10899,0.13017,0.11342,0.11005,0.05108,0.066446
0.24532,0.11655,0.17788,0.132,0.04519,0.1335,0.068524,0.0089247,0.18543,0.033138,0.077901,0.2408,0.14584,0.26247,0.15969,0.16048,-0.020573,0.27992,0.11713,0.0035072,0.033958,0.17561,0.15382,0.086127,0.13836,0.12818,0.1358,0.11793,0.067408,0.10688,0.04156,0.088864,0.25967,0.18026,0.070764,0.12971,0.12646,0.11478,0.14524,0.089463,0.11365,0.23971,0.049447,0.084816,0.097597,0.11714,0.15981,0.13577,0.03876,0.03385,0.20779,0.09723,0.20224,0.14219,0.053085,0.17961,0.026579,-0.032444,0.22254,0.042009,0.087439,0.3146,0.24481,0.34212,0.16489,0.18515,0.021725,0.26126,-0.010303,0.083361,0.062088,0.18395,0.1363,0.080979,0.13593,0.11058,0.12122,0.10489,0.12412,0.17829,0.07861,0.13707,0.30092,0.25608,0.070685,0.14177,0.13412,0.11702,0.17489,0.23273,0.14231,1,0.036128,0.11101,0.064891,0.10022,0.13639,0.14885,0.01115,0.027012
0.10726,0.15939,0.077337,0.13162,0.082637,0.087711,0.09327,0.11227,0.10962,0.066395,0.46222,0.10685,0.020417,0.0062317,0.15986,0.14047,0.060782,0.14823,0.07182,0.062538,0.31954,0.17805,0.20623,0.36794,0.28595,0.42845,0.10198,0.17975,0.26933,0.33284,0.16228,0.16042,0.0030992,0.07303,0.078885,0.13943,0.16441,0.14584,0.0075684,0.09277,-0.0017922,0.06544,0.51278,0.3409,0.05051,0.12333,0.092268,0.12661,0.45398,0.37731,0.13921,0.11445,0.066515,0.16839,0.04162,0.13216,0.088561,0.099877,0.1119,0.035514,0.47905,0.067493,0.037981,-0.01204,0.20693,0.11813,0.071755,0.12754,0.040647,0.066724,0.34309,0.18898,0.20215,0.39844,0.25892,0.3624,0.10696,0.25684,0.2401,0.27307,0.10967,0.13539,-0.024136,0.044449,0.095723,0.089039,0.16946,0.17799,0.029345,0.091944,0.048846,0.036128,1,0.39734,0.063891,0.13124,0.10905,0.15,0.52367,0.43975
0.16234,0.21919,0.11201,0.33896,0.033727,0.17054,0.12752,0.059825,0.093735,0.068883,0.45575,0.14316,0.016131,0.015726,0.38952,0.2255,0.016671,0.27434,0.0317,0.02607,0.36095,0.28299,0.36009,0.4662,0.33239,0.47717,0.41988,0.35166,0.2196,0.40119,0.045559,0.062853,0.026172,0.16232,0.13065,0.19925,0.32528,0.3751,0.13947,0.049241,-0.0080808,0.037405,0.38451,0.52977,0.11229,0.41174,0.32065,0.41156,0.39176,0.46505,0.18941,0.14378,0.17967,0.41539,0.058795,0.18446,0.12278,0.0753,0.14915,0.0845,0.44154,0.20289,0.0021493,0.067153,0.45516,0.20732,0.03219,0.31273,0.05337,0.080537,0.41004,0.28068,0.42459,0.51195,0.31804,0.49517,0.40986,0.446,0.28048,0.3824,0.0027814,0.087046,0.067167,0.1698,0.16648,0.18782,0.3565,0.376,0.17693,0.13292,0.068259,0.11101,0.39734,1,0.13353,0.38723,0.37596,0.44431,0.41094,0.52247
0.10496,0.043655,0.092642,0.027172,0.08948,0.346,0.13176,0.066042,0.086137,0.1694,0.11858,0.095673,0.14324,0.072689,0.084069,0.12633,-0.024971,0.14403,-0.033787,0.061483,0.055187,0.10688,0.1163,0.038085,0.083558,0.062038,0.26768,0.27129,0.048572,0.058404,-0.057162,-0.057261,-0.077146,0.11444,0.17489,0.14386,0.07662,0.080958,0.30062,0.073074,0.10282,0.00070436,0.081774,0.1011,0.30336,0.24702,0.13584,0.17763,0.063004,0.024059,0.12951,0.064484,0.1907,0.097353,0.13107,0.41991,0.14461,0.055022,0.13517,0.19905,0.10452,0.14464,0.11612,0.22354,0.090609,0.098641,-0.037139,0.17672,0.0054403,0.057059,0.070268,0.086632,0.13401,0.07748,0.14115,0.097677,0.29773,0.23934,0.05947,0.060663,-0.017099,-0.033685,-0.0043666,0.070741,0.21097,0.15801,0.049557,0.081431,0.31965,0.10008,0.10899,0.064891,0.063891,0.13353,1,0.30452,0.17723,0.16656,0.052704,0.064424
0.12968,0.16422,0.088912,0.44151,0.069313,0.33745,0.16128,0.0037981,0.071447,0.1341,0.28931,0.12207,0.10341,0.059216,0.47931,0.24417,0.012632,0.2412,0.0045965,-0.019771,0.22455,0.26274,0.26472,0.26366,0.23457,0.29654,0.605,0.35431,0.089803,0.19258,-0.01214,0.014849,0.061003,0.22751,0.22405,0.22926,0.45923,0.5593,0.33057,0.040017,0.062736,0.086544,0.15078,0.31247,0.20853,0.69384,0.4468,0.62442,0.19545,0.14804,0.18349,0.12299,0.22601,0.52024,0.10113,0.38345,0.17814,0.047344,0.16895,0.16066,0.26208,0.22811,0.080436,0.2009,0.5382,0.21887,0.031638,0.30086,0.059238,0.057225,0.27,0.25851,0.34771,0.27522,0.28177,0.36964,0.67072,0.41051,0.1563,0.23312,-0.020787,0.066821,0.08797,0.21582,0.2595,0.25197,0.49326,0.56872,0.39366,0.16303,0.13017,0.10022,0.13124,0.38723,0.30452,1,0.51614,0.63284,0.2022,0.16658
0.18672,0.28094,0.064237,0.64089,0.011341,0.10178,0.18436,0.0053031,0.018759,0.14939,0.32925,0.11904,-0.094023,-0.026318,0.67899,0.35083,0.017693,0.37987,-0.0456,-0.050561,0.2097,0.37012,0.412,0.41109,0.21132,0.35316,0.66592,0.37529,0.13925,0.29305,-0.12013,0.017582,0.16748,0.35164,0.3035,0.40726,0.36694,0.40412,0.28095,-0.033799,0.077292,0.048907,0.17142,0.35113,0.13363,0.52847,0.64865,0.65486,0.20854,0.21736,0.27536,0.15867,0.19888,0.70673,0.055198,0.17652,0.28162,-0.0028266,0.19262,0.24012,0.28191,0.26562,-0.066967,0.1441,0.69758,0.30111,0.067194,0.42422,0.029117,0.029789,0.29387,0.37954,0.45323,0.40566,0.29968,0.42685,0.64894,0.4191,0.23226,0.36302,-0.12368,0.14344,0.23078,0.34324,0.3787,0.42148,0.38675,0.3685,0.34266,0.19987,0.11342,0.13639,0.10905,0.37596,0.17723,0.51614,1,0.66408,0.19521,0.17165
0.21799,0.23019,0.14019,0.62793,0.035156,0.20399,0.19879,0.0035833,0.10347,0.12407,0.32979,0.14151,0.020922,0.054786,0.67688,0.31395,-0.011971,0.35179,-0.0059795,-0.040305,0.25635,0.30225,0.34844,0.38289,0.25792,0.39954,0.69137,0.37244,0.15311,0.27603,-0.032659,0.030064,0.21134,0.30306,0.27733,0.36294,0.54758,0.55328,0.34108,0.053922,0.056056,0.082156,0.19679,0.37203,0.12974,0.64622,0.59653,0.76964,0.25448,0.23612,0.23859,0.12638,0.27371,0.70811,0.05539,0.26212,0.20277,-0.0060119,0.23292,0.1524,0.29575,0.27716,0.061247,0.14888,0.73836,0.28793,0.012777,0.37819,0.059369,0.059498,0.31695,0.31127,0.40591,0.37386,0.30267,0.44917,0.69364,0.41282,0.25212,0.32451,-0.03973,0.13397,0.2481,0.34342,0.31479,0.37312,0.55685,0.51406,0.40411,0.25382,0.11005,0.14885,0.15,0.44431,0.16656,0.63284,0.66408,1,0.24953,0.20708
0.12096,0.18917,0.066423,0.24184,0.053804,0.071538,0.12409,0.13457,0.091069,0.058425,0.49156,0.086754,-0.0064787,0.0067453,0.27975,0.17998,0.10908,0.14401,0.077024,0.056908,0.39584,0.22128,0.24555,0.44632,0.34021,0.50257,0.17653,0.17849,0.24927,0.35593,0.16096,0.19028,0.041627,0.092122,0.10862,0.16589,0.26916,0.24799,-0.0097991,0.072688,-0.018644,0.064055,0.46615,0.35407,0.016486,0.21286,0.18334,0.23374,0.52645,0.42209,0.14272,0.11568,0.05492,0.2997,0.056921,0.08878,0.10535,0.12448,0.088058,0.050388,0.49566,0.055806,0.0043855,-0.063758,0.32705,0.13951,0.10292,0.13574,0.037872,0.071601,0.39722,0.23445,0.25282,0.47368,0.30664,0.45794,0.17747,0.28499,0.19856,0.28357,0.10007,0.14389,-0.028245,0.039064,0.11123,0.1038,0.30294,0.29529,0.020211,0.080187,0.05108,0.01115,0.52367,0.41094,0.052704,0.2022,0.19521,0.24953,1,0.48236
0.04916,0.18645,0.070534,0.19959,0.037396,0.13008,0.11642,0.10357,0.056038,0.022488,0.45187,0.033629,-0.066511,-0.053319,0.2474,0.1687,0.072454,0.17894,0.011034,0.016251,0.34711,0.19037,0.25174,0.45529,0.29989,0.46279,0.21183,0.38261,0.28427,0.35931,0.10547,0.15605,0.0091511,0.078255,0.075368,0.14721,0.20629,0.22101,0.014376,0.047543,-0.059699,-0.00020593,0.43092,0.49537,0.014239,0.19704,0.14903,0.19409,0.44935,0.70288,0.1093,0.10741,0.087622,0.25632,0.040563,0.12824,0.077861,0.08323,0.080546,0.011127,0.45138,0.038363,-0.047035,-0.079658,0.27696,0.14147,0.089163,0.26275,0.081072,0.027933,0.37696,0.19598,0.27868,0.54102,0.27463,0.44897,0.18171,0.48985,0.26338,0.26627,0.043113,0.13182,0.015773,0.11136,0.072658,0.098813,0.23039,0.25102,0.061235,0.056895,0.066446,0.027012,0.43975,0.52247,0.064424,0.16658,0.17165,0.20708,0.48236,1
